mtllib Route45_4_edit.mtl
o map
v -15.0 -9.000008 8.000001
v -16.0 -9.000008 8.000001
v -16.0 -16.000008 8.000001
v -15.0 -16.000008 8.000001
v -15.789064 -8.0 7.098632
v -15.894532 -8.105468 7.098632
v -15.33008 -8.66992 7.997068
v -15.33008 -8.0 7.997068
v -16.0 -8.210936 7.098632
v -16.0 -8.210936 7.098632
v -15.894532 -8.105468 7.098632
v -16.0 -8.0 7.0
v -15.789064 -8.0 7.098632
v -16.0 -8.66992 7.997068
v -15.33008 -8.66992 7.997068
v -16.0 -8.210936 7.098632
v -15.33008 -8.0 7.997068
v -15.33008 -8.66992 7.997068
v -15.0 -9.0 8.0
v -15.0 -8.0 8.0
v -16.0 -8.66992 7.997068
v -16.0 -9.0 8.0
v -15.7890625 -8.0 7.098633
v -15.330079 -8.0 7.9970713
v -15.330079 -5.0 7.9970713
v -15.7890625 -5.0 7.098633
v -15.000001 -8.0 8.0
v -15.000001 -5.0 8.0
v -15.7890625 -8.0 7.098633
v -15.7890625 -5.0 7.098633
v -16.0 -5.0 7.0
v -16.0 -8.0 7.0
v -15.937501 -4.3125 7.0
v -16.000002 -5.0 7.0
v -15.789063 -5.0 7.098633
v -15.750001 -4.5 7.098633
v -15.000001 -4.0 7.0
v -15.625001 -4.0625 7.0
v -15.437501 -4.25 7.098633
v -15.000001 -4.210938 7.098633
v -15.000001 -4.210938 7.098633
v -15.437501 -4.25 7.098633
v -15.000001 -4.669922 7.9970713
v -15.750001 -4.5 7.098633
v -15.330079 -5.0 7.9970713
v -15.789063 -5.0 7.098633
v -15.330079 -5.0 7.9970713
v -15.000001 -5.0 8.0
v -15.000001 -4.669922 7.9970713
v -15.000001 -4.0 7.0
v -16.000002 -4.0 7.0
v -15.000001 -5.0 7.0
v -16.000002 -5.0 7.0
v -16.0 -3.210937 6.098633
v -16.0 -3.669921 6.9970713
v -14.0 -3.669921 6.9970713
v -14.0 -3.210937 6.098633
v -16.0 -3.999999 7.0
v -14.0 -3.999999 7.0
v -16.0 -3.210937 6.098633
v -14.0 -3.210937 6.098633
v -14.0 -2.999999 6.0
v -16.0 -2.999999 6.0
v -16.0 -2.210937 5.098633
v -16.0 -2.669921 5.9970713
v -13.0 -2.669921 5.9970713
v -13.0 -2.210937 5.098633
v -16.0 -2.999999 6.0
v -13.0 -2.999999 6.0
v -16.0 -2.210937 5.098633
v -13.0 -2.210937 5.098633
v -13.0 -1.999999 5.0
v -16.0 -1.999999 5.0
v -16.0 -1.210937 4.098633
v -16.0 -1.6699209 4.9970713
v -12.0 -1.6699209 4.9970713
v -12.0 -1.210937 4.098633
v -16.0 -1.999999 5.0
v -12.0 -1.999999 5.0
v -16.0 -1.210937 4.098633
v -12.0 -1.210937 4.098633
v -12.0 -0.99999905 4.0
v -16.0 -0.99999905 4.0
v -16.0 -0.21093702 3.098633
v -16.0 -0.669921 3.997071
v -15.0 -0.669921 3.997071
v -15.0 -0.21093702 3.098633
v -16.0 -0.999999 4.0
v -15.0 -0.999999 4.0
v -16.0 -0.21093702 3.098633
v -15.0 -0.21093702 3.098633
v -15.0 9.536743E-7 3.0
v -16.0 9.536743E-7 3.0
v -15.0 0.0 3.0
v -15.0 1.0 3.0
v -15.33008 1.0 2.997068
v -15.33008 0.33008003 2.997068
v -15.33008 1.0 2.997068
v -15.789064 1.0 2.0986319
v -15.33008 0.33008003 2.997068
v -15.894532 0.8945322 2.0986319
v -16.0 0.7890644 2.0986319
v -16.0 0.7890644 2.0986319
v -15.894532 0.8945322 2.0986319
v -16.0 1.0 2.0
v -15.789064 1.0 2.0986319
v -16.0 0.0 3.0
v -15.0 0.0 3.0
v -15.33008 0.33008003 2.997068
v -16.0 0.33008003 2.997068
v -16.0 0.33008003 2.997068
v -15.33008 0.33008003 2.997068
v -16.0 0.7890644 2.0986319
v -15.7890625 1.0 2.098633
v -15.330079 1.0 2.997071
v -15.330079 3.0 2.997071
v -15.7890625 3.0 2.098633
v -15.000001 1.0 3.0
v -15.000001 3.0 3.0
v -15.7890625 1.0 2.098633
v -15.7890625 3.0 2.098633
v -16.0 3.0 2.0
v -16.0 1.0 2.0
v -15.0 2.812499 2.6923819
v -15.0 2.812499 3.125
v -15.25 2.812499 2.6923819
v -15.25 2.812499 3.125
v -16.0 2.812499 1.932617
v -16.0 2.812499 2.356445
v -15.0 6.187499 3.125
v -15.0 6.187499 2.692383
v -15.25 6.187499 3.125
v -15.25 6.187499 2.692383
v -16.0 6.187499 2.356445
v -16.0 6.187499 1.932617
v -15.0 3.312499 3.0
v -16.0 3.312499 2.0
v -16.0 3.062499 2.0
v -15.0 3.062499 3.0
v -15.0 5.687499 3.0
v -16.0 5.687499 2.0
v -16.0 3.312499 2.0
v -15.0 3.312499 3.0
v -15.0 5.937499 3.125
v -15.0 5.937499 3.0
v -15.0 6.187499 2.692383
v -15.0 6.187499 3.125
v -15.0 3.062499 3.0
v -15.0 3.062499 3.125
v -15.0 2.812499 3.125
v -15.0 2.812499 2.6923819
v -16.0 3.062499 2.356445
v -16.0 3.062499 2.0
v -16.0 2.812499 1.932617
v -16.0 2.812499 2.356445
v -16.0 5.937499 2.0
v -16.0 5.937499 2.356445
v -16.0 6.187499 2.356445
v -16.0 6.187499 1.932617
v -15.25 2.812499 3.125
v -15.25 3.062499 3.125
v -16.0 3.062499 2.356445
v -16.0 2.812499 2.356445
v -15.0 3.062499 3.0
v -16.0 3.062499 2.0
v -16.0 3.062499 2.356445
v -15.25 3.062499 3.125
v -15.25 6.187499 3.125
v -15.25 5.937499 3.125
v -15.0 5.937499 3.125
v -15.0 6.187499 3.125
v -15.0 3.062499 3.125
v -15.25 3.062499 3.125
v -15.25 2.812499 3.125
v -15.0 2.812499 3.125
v -16.0 5.937499 2.356445
v -15.25 5.937499 3.125
v -15.25 6.187499 3.125
v -16.0 6.187499 2.356445
v -16.0 5.937499 2.0
v -15.0 5.937499 3.0
v -15.25 5.937499 3.125
v -16.0 5.937499 2.356445
v -16.0 5.937499 2.0
v -16.0 5.687499 2.0
v -15.0 5.687499 3.0
v -15.0 5.937499 3.0
v -15.25 5.937499 3.125
v -15.0 5.937499 3.0
v -15.0 5.937499 3.125
v -15.0 3.062499 3.0
v -15.25 3.062499 3.125
v -15.0 3.062499 3.125
v -15.7890625 6.0 2.098633
v -15.330079 6.0 2.997071
v -15.330079 8.0 2.997071
v -15.7890625 8.0 2.098633
v -15.000001 6.0 3.0
v -15.000001 8.0 3.0
v -15.7890625 6.0 2.098633
v -15.7890625 8.0 2.098633
v -16.0 8.0 2.0
v -16.0 6.0 2.0
v -15.0 9.0 3.0
v -16.0 9.0 3.0
v -16.0 8.66992 2.997068
v -15.33008 8.66992 2.997068
v -16.0 8.66992 2.997068
v -16.0 8.210936 2.0986319
v -15.33008 8.66992 2.997068
v -15.894532 8.105468 2.0986319
v -15.789064 8.0 2.0986319
v -15.789064 8.0 2.0986319
v -15.894532 8.105468 2.0986319
v -16.0 8.0 2.0
v -16.0 8.210936 2.0986319
v -15.0 8.0 3.0
v -15.0 9.0 3.0
v -15.33008 8.66992 2.997068
v -15.33008 8.0 2.997068
v -15.33008 8.0 2.997068
v -15.33008 8.66992 2.997068
v -15.789064 8.0 2.0986319
v -15.0 9.210937 3.098633
v -15.0 9.669921 3.997071
v -16.0 9.669921 3.997071
v -16.0 9.210937 3.098633
v -15.0 9.999999 4.0
v -16.0 9.999999 4.0
v -15.0 9.210937 3.098633
v -16.0 9.210937 3.098633
v -16.0 8.999999 3.0
v -15.0 8.999999 3.0
v -13.0 10.210937 4.098633
v -13.0 10.669921 4.9970713
v -16.0 10.669921 4.9970713
v -16.0 10.210937 4.098633
v -13.0 10.999999 5.0
v -16.0 10.999999 5.0
v -13.0 10.210937 4.098633
v -16.0 10.210937 4.098633
v -16.0 9.999999 4.0
v -13.0 9.999999 4.0
v -14.0 11.210937 5.098633
v -14.0 11.669921 5.9970713
v -16.0 11.669921 5.9970713
v -16.0 11.210937 5.098633
v -14.0 11.999999 6.0
v -16.0 11.999999 6.0
v -14.0 11.210937 5.098633
v -16.0 11.210937 5.098633
v -16.0 10.999999 5.0
v -14.0 10.999999 5.0
v -15.0 12.210937 6.098633
v -15.0 12.669921 6.9970713
v -16.0 12.669921 6.9970713
v -16.0 12.210937 6.098633
v -15.0 12.999999 7.0
v -16.0 12.999999 7.0
v -15.0 12.210937 6.098633
v -16.0 12.210937 6.098633
v -16.0 11.999999 6.0
v -15.0 11.999999 6.0
v -15.0 15.999997 7.000001
v -16.0 15.999997 7.000001
v -16.0 12.999997 7.000001
v -15.0 12.999997 7.000001
v -14.2109375 -8.0 7.098633
v -14.669921 -8.0 7.9970713
v -14.669921 -16.0 7.9970713
v -14.2109375 -16.0 7.098633
v -14.999999 -8.0 8.0
v -14.999999 -16.0 8.0
v -14.2109375 -8.0 7.098633
v -14.2109375 -16.0 7.098633
v -13.999999 -16.0 7.0
v -13.999999 -8.0 7.0
v -14.2109375 -5.0 7.098633
v -14.669921 -5.0 7.9970713
v -14.669921 -8.0 7.9970713
v -14.2109375 -8.0 7.098633
v -14.999999 -5.0 8.0
v -14.999999 -8.0 8.0
v -14.2109375 -5.0 7.098633
v -14.2109375 -8.0 7.098633
v -13.999999 -8.0 7.0
v -13.999999 -5.0 7.0
v -14.3125 -4.062499 7.0
v -15.0 -3.999999 7.0
v -15.0 -4.210937 7.098633
v -14.5 -4.249999 7.098633
v -14.0 -4.999999 7.0
v -14.0625 -4.374999 7.0
v -14.25 -4.562499 7.098633
v -14.2109375 -4.999999 7.098633
v -14.2109375 -4.999999 7.098633
v -14.25 -4.562499 7.098633
v -14.669922 -4.999999 7.9970713
v -14.5 -4.249999 7.098633
v -15.0 -4.669921 7.9970713
v -15.0 -4.210937 7.098633
v -15.0 -4.669921 7.9970713
v -15.0 -4.999999 8.0
v -14.669922 -4.999999 7.9970713
v -14.0 -4.999999 7.0
v -14.0 -3.999999 7.0
v -15.0 -4.999999 7.0
v -15.0 -3.999999 7.0
v -11.0 -0.21093702 3.098633
v -15.0 -0.21093702 3.098633
v -11.0 -0.669921 3.997071
v -15.0 -0.669921 3.997071
v -11.0 -0.999999 4.0
v -15.0 -0.999999 4.0
v -11.0 9.536743E-7 3.0
v -15.0 9.536743E-7 3.0
v -15.0 -0.21093702 3.098633
v -11.0 -0.21093702 3.098633
v -7.0 8.0 3.0
v -15.0 8.0 3.0
v -15.0 0.0 3.0
v -7.0 0.0 3.0
v -13.0 8.0 3.0
v -13.0 9.0 3.0
v -15.0 9.0 3.0
v -15.0 8.0 3.0
v -15.0 9.2109375 3.098633
v -12.0 9.2109375 3.098633
v -15.0 9.669921 3.997071
v -12.0 9.669921 3.997071
v -15.0 9.999999 4.0
v -12.0 9.999999 4.0
v -15.0 8.999999 3.0
v -12.0 8.999999 3.0
v -12.0 9.2109375 3.098633
v -15.0 9.2109375 3.098633
v -14.062499 12.3125 6.0
v -13.999999 13.0 6.0
v -14.2109375 13.0 6.098633
v -14.249999 12.5 6.098633
v -14.999999 12.0 6.0
v -14.374999 12.0625 6.0
v -14.562499 12.25 6.098633
v -14.999999 12.2109375 6.098633
v -14.999999 12.2109375 6.098633
v -14.562499 12.25 6.098633
v -14.999999 12.669922 6.9970713
v -14.249999 12.5 6.098633
v -14.669921 13.0 6.9970713
v -14.2109375 13.0 6.098633
v -14.669921 13.0 6.9970713
v -14.999999 13.0 7.0
v -14.999999 12.669922 6.9970713
v -14.999999 12.0 6.0
v -13.999999 12.0 6.0
v -14.999999 13.0 6.0
v -13.999999 13.0 6.0
v -14.2109375 16.0 6.098633
v -14.669921 16.0 6.9970713
v -14.669921 13.0 6.9970713
v -14.2109375 13.0 6.098633
v -14.999999 16.0 7.0
v -14.999999 13.0 7.0
v -14.2109375 16.0 6.098633
v -14.2109375 13.0 6.098633
v -13.999999 13.0 6.0
v -13.999999 16.0 6.0
v -13.2109375 -8.0 6.098633
v -13.669921 -8.0 6.9970713
v -13.669921 -16.0 6.9970713
v -13.2109375 -16.0 6.098633
v -13.999999 -8.0 7.0
v -13.999999 -16.0 7.0
v -13.2109375 -8.0 6.098633
v -13.2109375 -16.0 6.098633
v -12.999999 -16.0 6.0
v -12.999999 -8.0 6.0
v -13.2109375 -4.0 6.098633
v -13.669921 -4.0 6.9970713
v -13.669921 -8.0 6.9970713
v -13.2109375 -8.0 6.098633
v -13.999999 -4.0 7.0
v -13.999999 -8.0 7.0
v -13.2109375 -4.0 6.098633
v -13.2109375 -8.0 6.098633
v -12.999999 -8.0 6.0
v -12.999999 -4.0 6.0
v -13.3125 -3.062499 6.0
v -14.0 -2.999999 6.0
v -14.0 -3.210937 6.098633
v -13.5 -3.249999 6.098633
v -13.0 -3.999999 6.0
v -13.0625 -3.374999 6.0
v -13.25 -3.562499 6.098633
v -13.2109375 -3.999999 6.098633
v -13.2109375 -3.999999 6.098633
v -13.25 -3.562499 6.098633
v -13.669922 -3.999999 6.9970713
v -13.5 -3.249999 6.098633
v -14.0 -3.669921 6.9970713
v -14.0 -3.210937 6.098633
v -14.0 -3.669921 6.9970713
v -14.0 -3.999999 7.0
v -13.669922 -3.999999 6.9970713
v -13.0 -3.999999 6.0
v -13.0 -2.999999 6.0
v -14.0 -3.999999 6.0
v -14.0 -2.999999 6.0
v -13.062499 11.3125 5.0
v -12.999999 12.0 5.0
v -13.2109375 12.0 5.098633
v -13.249999 11.5 5.098633
v -13.999999 11.0 5.0
v -13.374999 11.0625 5.0
v -13.562499 11.25 5.098633
v -13.999999 11.2109375 5.098633
v -13.999999 11.2109375 5.098633
v -13.562499 11.25 5.098633
v -13.999999 11.669922 5.9970713
v -13.249999 11.5 5.098633
v -13.669921 12.0 5.9970713
v -13.2109375 12.0 5.098633
v -13.669921 12.0 5.9970713
v -13.999999 12.0 6.0
v -13.999999 11.669922 5.9970713
v -13.999999 11.0 5.0
v -12.999999 11.0 5.0
v -13.999999 12.0 5.0
v -12.999999 12.0 5.0
v -13.2109375 16.0 5.098633
v -13.669921 16.0 5.9970713
v -13.669921 12.0 5.9970713
v -13.2109375 12.0 5.098633
v -13.999999 16.0 6.0
v -13.999999 12.0 6.0
v -13.2109375 16.0 5.098633
v -13.2109375 12.0 5.098633
v -12.999999 12.0 5.0
v -12.999999 16.0 5.0
v -12.2109375 -8.0 5.098633
v -12.669921 -8.0 5.9970713
v -12.669921 -16.0 5.9970713
v -12.2109375 -16.0 5.098633
v -12.999999 -8.0 6.0
v -12.999999 -16.0 6.0
v -12.2109375 -8.0 5.098633
v -12.2109375 -16.0 5.098633
v -11.999999 -16.0 5.0
v -11.999999 -8.0 5.0
v -12.2109375 -3.0 5.098633
v -12.669921 -3.0 5.9970713
v -12.669921 -8.0 5.9970713
v -12.2109375 -8.0 5.098633
v -12.999999 -3.0 6.0
v -12.999999 -8.0 6.0
v -12.2109375 -3.0 5.098633
v -12.2109375 -8.0 5.098633
v -11.999999 -8.0 5.0
v -11.999999 -3.0 5.0
v -12.3125 -2.062499 5.0
v -13.0 -1.999999 5.0
v -13.0 -2.210937 5.098633
v -12.5 -2.249999 5.098633
v -12.0 -2.999999 5.0
v -12.0625 -2.374999 5.0
v -12.25 -2.562499 5.098633
v -12.2109375 -2.999999 5.098633
v -12.2109375 -2.999999 5.098633
v -12.25 -2.562499 5.098633
v -12.669922 -2.999999 5.9970713
v -12.5 -2.249999 5.098633
v -13.0 -2.669921 5.9970713
v -13.0 -2.210937 5.098633
v -13.0 -2.669921 5.9970713
v -13.0 -2.999999 6.0
v -12.669922 -2.999999 5.9970713
v -12.0 -2.999999 5.0
v -12.0 -1.999999 5.0
v -13.0 -2.999999 5.0
v -13.0 -1.999999 5.0
v -6.0 9.0 3.0
v -13.0 9.0 3.0
v -13.0 8.0 3.0
v -6.0 8.0 3.0
v -12.062499 10.3125 4.0
v -11.999999 11.0 4.0
v -12.2109375 11.0 4.098633
v -12.249999 10.5 4.098633
v -12.999999 10.0 4.0
v -12.374999 10.0625 4.0
v -12.562499 10.25 4.098633
v -12.999999 10.2109375 4.098633
v -12.999999 10.2109375 4.098633
v -12.562499 10.25 4.098633
v -12.999999 10.669922 4.9970713
v -12.249999 10.5 4.098633
v -12.669921 11.0 4.9970713
v -12.2109375 11.0 4.098633
v -12.669921 11.0 4.9970713
v -12.999999 11.0 5.0
v -12.999999 10.669922 4.9970713
v -12.999999 10.0 4.0
v -11.999999 10.0 4.0
v -12.999999 11.0 4.0
v -11.999999 11.0 4.0
v -12.2109375 16.0 4.098633
v -12.669921 16.0 4.9970713
v -12.669921 11.0 4.9970713
v -12.2109375 11.0 4.098633
v -12.999999 16.0 5.0
v -12.999999 11.0 5.0
v -12.2109375 16.0 4.098633
v -12.2109375 11.0 4.098633
v -11.999999 11.0 4.0
v -11.999999 16.0 4.0
v -11.2109375 -8.0 4.098633
v -11.669921 -8.0 4.9970713
v -11.669921 -16.0 4.9970713
v -11.2109375 -16.0 4.098633
v -11.999999 -8.0 5.0
v -11.999999 -16.0 5.0
v -11.2109375 -8.0 4.098633
v -11.2109375 -16.0 4.098633
v -10.999999 -16.0 4.0
v -10.999999 -8.0 4.0
v -11.2109375 -2.0 4.098633
v -11.669921 -2.0 4.9970713
v -11.669921 -8.0 4.9970713
v -11.2109375 -8.0 4.098633
v -11.999999 -2.0 5.0
v -11.999999 -8.0 5.0
v -11.2109375 -2.0 4.098633
v -11.2109375 -8.0 4.098633
v -10.999999 -8.0 4.0
v -10.999999 -2.0 4.0
v -11.3125 -1.062499 4.0
v -12.0 -0.99999905 4.0
v -12.0 -1.210937 4.098633
v -11.5 -1.249999 4.098633
v -11.0 -1.999999 4.0
v -11.0625 -1.374999 4.0
v -11.25 -1.562499 4.098633
v -11.2109375 -1.999999 4.098633
v -11.2109375 -1.999999 4.098633
v -11.25 -1.562499 4.098633
v -11.669922 -1.999999 4.9970713
v -11.5 -1.249999 4.098633
v -12.0 -1.6699209 4.9970713
v -12.0 -1.210937 4.098633
v -12.0 -1.6699209 4.9970713
v -12.0 -1.999999 5.0
v -11.669922 -1.999999 4.9970713
v -11.0 -1.999999 4.0
v -11.0 -0.99999905 4.0
v -12.0 -1.999999 4.0
v -12.0 -0.99999905 4.0
v -11.999999 9.0 3.0
v -10.999999 9.0 3.0
v -11.999999 10.0 3.0
v -10.999999 10.0 3.0
v -11.999999 9.2109375 3.098633
v -11.562499 9.25 3.098633
v -11.999999 9.669922 3.997071
v -11.249999 9.5 3.098633
v -11.669921 10.0 3.997071
v -11.2109375 10.0 3.098633
v -11.669921 10.0 3.997071
v -11.999999 10.0 4.0
v -11.999999 9.669922 3.997071
v -11.062499 9.3125 3.0
v -10.999999 10.0 3.0
v -11.2109375 10.0 3.098633
v -11.249999 9.5 3.098633
v -11.999999 9.0 3.0
v -11.374999 9.0625 3.0
v -11.562499 9.25 3.098633
v -11.999999 9.2109375 3.098633
v -11.2109375 10.0 3.098633
v -11.2109375 16.0 3.098633
v -11.669921 10.0 3.997071
v -11.669921 16.0 3.997071
v -11.999999 10.0 4.0
v -11.999999 16.0 4.0
v -10.999999 10.0 3.0
v -10.999999 16.0 3.0
v -11.2109375 16.0 3.098633
v -11.2109375 10.0 3.098633
v -10.2109375 -16.0 3.098633
v -10.2109375 -8.0 3.098633
v -10.669921 -16.0 3.997071
v -10.669921 -8.0 3.997071
v -10.999999 -16.0 4.0
v -10.999999 -8.0 4.0
v -9.999999 -16.0 3.0
v -9.999999 -8.0 3.0
v -10.2109375 -8.0 3.098633
v -10.2109375 -16.0 3.098633
v -10.2109375 -8.0 3.098633
v -10.2109375 -1.0 3.098633
v -10.669921 -8.0 3.997071
v -10.669921 -1.0 3.997071
v -10.999999 -8.0 4.0
v -10.999999 -1.0 4.0
v -9.999999 -8.0 3.0
v -9.999999 -1.0 3.0
v -10.2109375 -1.0 3.098633
v -10.2109375 -8.0 3.098633
v -10.0 -0.999999 3.0
v -10.0 9.536743E-7 3.0
v -11.0 -0.999999 3.0
v -11.0 9.536743E-7 3.0
v -10.2109375 -0.999999 3.098633
v -10.25 -0.562499 3.098633
v -10.669922 -0.999999 3.997071
v -10.5 -0.24999899 3.098633
v -11.0 -0.669921 3.997071
v -11.0 -0.21093702 3.098633
v -11.0 -0.669921 3.997071
v -11.0 -0.999999 4.0
v -10.669922 -0.999999 3.997071
v -10.3125 -0.062498987 3.0
v -11.0 9.536743E-7 3.0
v -11.0 -0.21093702 3.098633
v -10.5 -0.24999899 3.098633
v -10.0 -0.999999 3.0
v -10.0625 -0.374999 3.0
v -10.25 -0.562499 3.098633
v -10.2109375 -0.999999 3.098633
v -6.0 11.0 3.0
v -11.0 11.0 3.0
v -11.0 9.0 3.0
v -6.0 9.0 3.0
v -10.0 11.0 3.0
v -10.0 15.0 3.0
v -11.0 15.0 3.0
v -11.0 11.0 3.0
v -4.0 16.0 3.0
v -11.0 16.0 3.0
v -11.0 15.0 3.0
v -4.0 15.0 3.0
v -10.0 -16.0 3.0
v -8.0 -16.0 3.0
v -8.0 -14.0 3.0
v -10.0 -14.0 3.0
v -11.0 -15.625 3.0
v -7.0 -15.625 3.0
v -7.0 -13.077148 6.083984
v -11.0 -13.077148 6.083984
v -10.0 -14.0 3.0
v -8.0 -14.0 3.0
v -8.0 -12.0 3.0
v -10.0 -12.0 3.0
v -11.0 -13.625 3.0
v -7.0 -13.625 3.0
v -7.0 -11.077148 6.083984
v -11.0 -11.077148 6.083984
v -10.0 -12.0 3.0
v -8.0 -12.0 3.0
v -8.0 -10.0 3.0
v -10.0 -10.0 3.0
v -11.0 -11.625 3.0
v -7.0 -11.625 3.0
v -7.0 -9.077148 6.083984
v -11.0 -9.077148 6.083984
v -10.0 -10.0 3.0
v -8.0 -10.0 3.0
v -8.0 -8.0 3.0
v -10.0 -8.0 3.0
v -11.0 -9.625 3.0
v -7.0 -9.625 3.0
v -7.0 -7.077149 6.083984
v -11.0 -7.077149 6.083984
v -10.0 -8.0 3.0
v -8.0 -8.0 3.0
v -8.0 -6.0 3.0
v -10.0 -6.0 3.0
v -11.0 -7.625 3.0
v -7.0 -7.625 3.0
v -7.0 -5.077149 6.083984
v -11.0 -5.077149 6.083984
v -6.0 0.0 3.0
v -10.0 0.0 3.0
v -10.0 -6.0 3.0
v -6.0 -6.0 3.0
v -6.0 12.0 3.0
v -10.0 12.0 3.0
v -10.0 11.0 3.0
v -6.0 11.0 3.0
v -9.0 12.0 3.0
v -9.0 14.0 3.0
v -10.0 14.0 3.0
v -10.0 12.0 3.0
v -4.0 15.0 3.0
v -10.0 15.0 3.0
v -10.0 14.0 3.0
v -4.0 14.0 3.0
v -6.0 14.0 3.0
v -9.0 14.0 3.0
v -9.0 12.0 3.0
v -6.0 12.0 3.0
v -8.0 -15.5625 3.0
v 6.0 -15.5625 3.0
v 6.0 -13.014648 6.083984
v -8.0 -13.014648 6.083984
v -8.0 -16.0 3.0
v 6.0 -16.0 3.0
v 6.0 -14.0 3.0
v -8.0 -14.0 3.0
v -8.0 -13.5625 3.0
v 6.0 -13.5625 3.0
v 6.0 -11.014648 6.083984
v -8.0 -11.014648 6.083984
v -8.0 -14.0 3.0
v 6.0 -14.0 3.0
v 6.0 -12.0 3.0
v -8.0 -12.0 3.0
v -8.0 -11.5625 3.0
v -4.0 -11.5625 3.0
v -4.0 -9.014648 6.083984
v -8.0 -9.014648 6.083984
v -8.0 -12.0 3.0
v -4.0 -12.0 3.0
v -4.0 -10.0 3.0
v -8.0 -10.0 3.0
v -8.0 -9.5625 3.0
v -6.0 -9.5625 3.0
v -6.0 -7.014649 6.083984
v -8.0 -7.014649 6.083984
v -8.0 -10.0 3.0
v -6.0 -10.0 3.0
v -6.0 -8.0 3.0
v -8.0 -8.0 3.0
v -8.0 -7.5625 3.0
v -6.0 -7.5625 3.0
v -6.0 -5.014649 6.083984
v -8.0 -5.014649 6.083984
v -8.0 -8.0 3.0
v -6.0 -8.0 3.0
v -6.0 -6.0 3.0
v -8.0 -6.0 3.0
v -6.0 8.0 3.0
v -7.0 8.0 3.0
v -7.0 0.0 3.0
v -6.0 0.0 3.0
v -6.0 -10.0 3.0
v -4.0 -10.0 3.0
v -4.0 -8.0 3.0
v -6.0 -8.0 3.0
v -7.0 -9.625 3.0
v -3.0 -9.625 3.0
v -3.0 -7.077149 6.083984
v -7.0 -7.077149 6.083984
v -6.0 -8.0 3.0
v -4.0 -8.0 3.0
v -4.0 -6.0 3.0
v -6.0 -6.0 3.0
v -7.0 -7.625 3.0
v -3.0 -7.625 3.0
v -3.0 -5.077149 6.083984
v -7.0 -5.077149 6.083984
v -4.0 -1.0 3.0
v -6.0 -1.0 3.0
v -6.0 -6.0 3.0
v -4.0 -6.0 3.0
v -5.0 -0.21093601 2.098632
v -5.105468 -0.105467975 2.098632
v -5.66992 -0.66991997 2.997068
v -5.0 -0.66991997 2.997068
v -5.210936 0.0 2.098632
v -5.210936 0.0 2.098632
v -5.105468 -0.105467975 2.098632
v -5.0 0.0 2.0
v -5.0 -0.21093601 2.098632
v -5.66992 0.0 2.997068
v -5.66992 -0.66991997 2.997068
v -5.210936 0.0 2.098632
v -5.0 -0.66991997 2.997068
v -5.66992 -0.66991997 2.997068
v -6.0 -1.0 3.0
v -5.0 -1.0 3.0
v -5.66992 0.0 2.997068
v -6.0 0.0 3.0
v -5.210937 8.0 2.098633
v -5.669921 8.0 2.997071
v -5.669921 0.0 2.997071
v -5.210937 0.0 2.098633
v -5.999999 8.0 3.0
v -5.999999 0.0 3.0
v -5.210937 8.0 2.098633
v -5.210937 0.0 2.098633
v -4.999999 0.0 2.0
v -4.999999 8.0 2.0
v -5.210937 12.0 2.098633
v -5.669921 12.0 2.997071
v -5.669921 8.0 2.997071
v -5.210937 8.0 2.098633
v -5.999999 12.0 3.0
v -5.999999 8.0 3.0
v -5.210937 12.0 2.098633
v -5.210937 8.0 2.098633
v -4.999999 8.0 2.0
v -4.999999 12.0 2.0
v -5.210936 12.0 2.098632
v -5.105468 12.105468 2.098632
v -5.66992 12.66992 2.997068
v -5.66992 12.0 2.997068
v -5.0 12.210936 2.098632
v -5.0 12.210936 2.098632
v -5.105468 12.105468 2.098632
v -5.0 12.0 2.0
v -5.210936 12.0 2.098632
v -5.0 12.66992 2.997068
v -5.66992 12.66992 2.997068
v -5.0 12.210936 2.098632
v -5.66992 12.0 2.997068
v -5.66992 12.66992 2.997068
v -6.0 13.0 3.0
v -6.0 12.0 3.0
v -5.0 12.66992 2.997068
v -5.0 13.0 3.0
v -4.0 14.0 3.0
v -6.0 14.0 3.0
v -6.0 13.0 3.0
v -4.0 13.0 3.0
v -5.0 -0.21093702 2.098633
v -5.0 -0.669921 2.997071
v -4.0 -0.669921 2.997071
v -4.0 -0.21093702 2.098633
v -5.0 -0.999999 3.0
v -4.0 -0.999999 3.0
v -5.0 -0.21093702 2.098633
v -4.0 -0.21093702 2.098633
v -4.0 9.536743E-7 2.0
v -5.0 9.536743E-7 2.0
v -4.710938 -0.22363299 2.1269531
v -4.0 -0.22363299 2.1269531
v -4.710938 -0.015625 2.107422
v -4.0 -0.015625 2.107422
v -4.710938 0.16210899 1.605469
v -4.0 0.16210899 1.605469
v -4.706055 0.292969 1.523438
v -4.0 0.292969 1.523438
v -5.223633 1.5 2.1269531
v -5.223633 0.291992 2.1269531
v -5.015625 1.5 2.107422
v -5.015625 0.291992 2.107422
v -4.837891 1.5 1.605469
v -4.837891 0.291992 1.605469
v -4.7070312 1.5 1.523438
v -4.7070312 0.291992 1.523438
v -5.015625 0.291992 2.107422
v -4.710938 -0.015625 2.107422
v -4.837891 0.291992 1.605469
v -4.710938 0.16210899 1.605469
v -4.99707 -0.22167999 2.1269531
v -4.710938 -0.015625 2.107422
v -5.015625 0.291992 2.107422
v -5.223633 0.0058589876 2.1269531
v -4.99707 -0.22167999 2.1269531
v -4.710938 -0.22363299 2.1269531
v -4.710938 -0.015625 2.107422
v -5.223633 0.0058589876 2.1269531
v -5.015625 0.291992 2.107422
v -5.223633 0.291992 2.1269531
v -4.706055 0.292969 1.523438
v -4.837891 0.291992 1.605469
v -4.710938 0.16210899 1.605469
v -4.375 1.0 1.5
v -4.375 1.5 1.5
v -4.6875 1.0 1.5
v -4.6875 1.504369 1.5
v -5.0 1.0 1.5
v -5.0 1.495631 1.5
v -5.0 1.0 1.5
v -5.0 0.0 1.5
v -4.6875 1.0 1.5
v -4.0 0.3125 1.5
v -4.0 0.625 1.5
v -4.375 1.0 1.5
v -4.6875 1.0 1.5
v -4.0 0.3125 1.5
v -4.0 0.3125 1.5
v -5.0 0.0 1.5
v -4.0 0.0 1.5
v -5.223633 1.0 2.1269531
v -5.015625 1.0 2.1074219
v -4.837891 1.0 1.605469
v -4.7070312 1.0 1.523438
v -5.223633 9.0 2.1269531
v -4.7070312 9.0 1.523438
v -5.015625 9.0 2.1074219
v -4.837891 9.0 1.605469
v -4.375 1.0 1.5
v -4.6875 1.0 1.5
v -5.0 1.0 1.5
v -4.375 9.0 1.5
v -4.6875 9.0 1.5
v -5.0 9.0 1.5
v -5.223633 9.0 2.1269531
v -5.015625 9.0 2.1074219
v -4.837891 9.0 1.605469
v -4.7070312 9.0 1.523438
v -5.223633 11.0 2.1269531
v -4.7070312 11.0 1.523438
v -5.015625 11.0 2.1074219
v -4.837891 11.0 1.605469
v -4.375 9.0 1.5
v -4.6875 9.0 1.5
v -5.0 9.0 1.5
v -4.375 11.0 1.5
v -4.6875 11.0 1.5
v -5.0 11.0 1.5
v -4.0 12.223633 2.126953
v -4.708008 12.223633 2.126953
v -4.0 12.015625 2.107422
v -4.708008 12.015625 2.107422
v -4.0 11.83789 1.605469
v -4.708008 11.83789 1.605469
v -4.0 11.707031 1.523438
v -4.7070312 11.706054 1.523438
v -5.223633 11.7109375 2.126953
v -5.223633 11.0 2.126953
v -5.015625 11.7109375 2.107422
v -5.015625 11.0 2.107422
v -4.837891 11.7109375 1.605469
v -4.837891 11.0 1.605469
v -4.7070312 11.706054 1.523438
v -4.7070312 11.0 1.523438
v -4.708008 12.015625 2.107422
v -5.015625 11.7109375 2.107422
v -4.708008 11.83789 1.605469
v -4.837891 11.7109375 1.605469
v -5.22168 11.99707 2.126953
v -5.015625 11.7109375 2.107422
v -4.708008 12.015625 2.107422
v -4.994141 12.223633 2.126953
v -5.22168 11.99707 2.126953
v -5.223633 11.7109375 2.126953
v -5.015625 11.7109375 2.107422
v -4.994141 12.223633 2.126953
v -4.708008 12.015625 2.107422
v -4.708008 12.223633 2.126953
v -4.7070312 11.706054 1.523438
v -4.708008 11.83789 1.605469
v -4.837891 11.7109375 1.605469
v -5.0 11.0 1.5
v -4.6875 11.0 1.5
v -5.0 12.0 1.5
v -4.0 11.6875 1.5
v -4.0 12.0 1.5
v -4.375 11.0 1.5
v -4.0 11.375 1.5
v -4.0 11.6875 1.5
v -4.6875 11.0 1.5
v -4.0 12.210937 2.098633
v -4.0 12.669921 2.997071
v -5.0 12.669921 2.997071
v -5.0 12.210937 2.098633
v -4.0 12.999999 3.0
v -5.0 12.999999 3.0
v -4.0 12.210937 2.098633
v -5.0 12.210937 2.098633
v -5.0 11.999999 2.0
v -4.0 11.999999 2.0
v -4.0 -12.0 3.0
v -2.0 -12.0 3.0
v -2.0 -10.0 3.0
v -4.0 -10.0 3.0
v -5.0 -11.625 3.0
v -1.0 -11.625 3.0
v -1.0 -9.077148 6.083984
v -5.0 -9.077148 6.083984
v -2.0 -9.0 3.0
v -4.0 -9.0 3.0
v -4.0 -10.0 3.0
v -2.0 -10.0 3.0
v -3.0 -8.210936 2.098632
v -3.105468 -8.105468 2.098632
v -3.66992 -8.66992 2.997068
v -3.0 -8.66992 2.997068
v -3.210936 -8.0 2.098632
v -3.210936 -8.0 2.098632
v -3.105468 -8.105468 2.098632
v -3.0 -8.0 2.0
v -3.0 -8.210936 2.098632
v -3.66992 -8.0 2.997068
v -3.66992 -8.66992 2.997068
v -3.210936 -8.0 2.098632
v -3.0 -8.66992 2.997068
v -3.66992 -8.66992 2.997068
v -4.0 -9.0 3.0
v -3.0 -9.0 3.0
v -3.66992 -8.0 2.997068
v -4.0 -8.0 3.0
v -3.210937 -1.0 2.098633
v -3.669921 -1.0 2.997071
v -3.669921 -8.0 2.997071
v -3.210937 -8.0 2.098633
v -3.999999 -1.0 3.0
v -3.999999 -8.0 3.0
v -3.210937 -1.0 2.098633
v -3.210937 -8.0 2.098633
v -2.999999 -8.0 2.0
v -2.999999 -1.0 2.0
v -3.3125 -0.062498987 2.0
v -4.0 9.536743E-7 2.0
v -4.0 -0.21093702 2.098633
v -3.5 -0.24999899 2.098633
v -3.0 -0.999999 2.0
v -3.0625 -0.374999 2.0
v -3.25 -0.562499 2.098633
v -3.210938 -0.999999 2.098633
v -3.210938 -0.999999 2.098633
v -3.25 -0.562499 2.098633
v -3.6699219 -0.999999 2.997071
v -3.5 -0.24999899 2.098633
v -4.0 -0.669921 2.997071
v -4.0 -0.21093702 2.098633
v -4.0 -0.669921 2.997071
v -4.0 -0.999999 3.0
v -3.6699219 -0.999999 2.997071
v -3.0 -0.999999 2.0
v -3.0 9.536743E-7 2.0
v -4.0 -0.999999 2.0
v -4.0 9.536743E-7 2.0
v -4.0 -0.22363299 2.1269531
v -4.0 -0.015625 2.1074219
v -4.0 0.16210899 1.605469
v -4.0 0.292969 1.523438
v -3.0 -0.015625 2.1074219
v -3.0 0.16210899 1.605469
v -3.0 -0.22363299 2.1269531
v -3.0 0.292969 1.523438
v -4.0 0.0 1.5
v -4.0 0.3125 1.5
v -4.0 0.625 1.5
v -3.0 0.0 1.5
v -3.0 0.3125 1.5
v -3.0 0.625 1.5
v -2.0 2.125 1.5
v -4.0 2.125 1.5
v -4.0 1.125 1.5
v -2.0 1.125 1.5
v -3.0 2.6875 1.500001
v -3.3125 3.0 1.500001
v -3.625 3.0 1.500001
v -3.0 2.375 1.500001
v -3.0 3.0 1.500001
v -3.3125 3.0 1.500001
v -3.0 2.6875 1.500001
v -3.0 3.015625 2.107423
v -3.088867 2.837891 1.60547
v -3.151367 2.707032 1.5234389
v -3.292969 2.851562 1.5234389
v -3.151367 2.707032 1.5234389
v -3.162109 2.914062 1.60547
v -3.088867 2.837891 1.60547
v -3.0 3.015625 2.107423
v -3.0 3.015625 2.107423
v -3.0 3.015625 2.107423
v -3.162109 2.914062 1.60547
v -3.292969 2.851562 1.5234389
v -3.0 2.837891 1.60547
v -3.0 2.707032 1.5234389
v -3.0 3.015625 2.107423
v -3.0 3.015625 2.107423
v -3.162109 3.0 1.60547
v -3.292969 3.0 1.5234389
v -2.776367 3.0 2.1269531
v -2.984375 3.0 2.1074219
v -3.162109 3.0 1.605469
v -3.292969 3.0 1.523438
v -2.776367 10.0 2.1269531
v -3.292969 10.0 1.523438
v -2.984375 10.0 2.1074219
v -3.162109 10.0 1.605469
v -3.625 3.0 1.5
v -3.3125 3.0 1.5
v -3.0 3.0 1.5
v -3.625 10.0 1.5
v -3.3125 10.0 1.5
v -3.0 10.0 1.5
v -3.3125 10.0 1.500001
v -3.0 10.3125 1.500001
v -3.0 10.625 1.500001
v -3.625 10.0 1.500001
v -3.0 10.0 1.500001
v -3.0 10.3125 1.500001
v -3.3125 10.0 1.500001
v -2.984375 10.0 2.107423
v -3.162109 10.088867 1.60547
v -3.292968 10.151367 1.5234389
v -3.148438 10.292969 1.5234389
v -3.292968 10.151367 1.5234389
v -3.085938 10.162109 1.60547
v -3.162109 10.088867 1.60547
v -2.984375 10.0 2.107423
v -2.984375 10.0 2.107423
v -2.984375 10.0 2.107423
v -3.085938 10.162109 1.60547
v -3.148438 10.292969 1.5234389
v -3.162109 10.0 1.60547
v -3.292968 10.0 1.5234389
v -2.984375 10.0 2.107423
v -2.984375 10.0 2.107423
v -3.0 10.162109 1.60547
v -3.0 10.292969 1.5234389
v -3.0 11.707031 1.523438
v -4.0 12.223633 2.1269531
v -3.0 12.223633 2.1269531
v -4.0 12.015625 2.1074219
v -3.0 12.015625 2.1074219
v -4.0 11.83789 1.605469
v -3.0 11.83789 1.605469
v -4.0 11.707031 1.523438
v -4.0 11.375 1.5
v -3.0 11.6875 1.5
v -4.0 11.6875 1.5
v -3.0 12.0 1.5
v -4.0 12.0 1.5
v -3.0 11.375 1.5
v -3.062499 12.3125 2.0
v -2.999999 13.0 2.0
v -3.210937 13.0 2.098633
v -3.249999 12.5 2.098633
v -3.999999 12.0 2.0
v -3.374999 12.0625 2.0
v -3.562499 12.25 2.098633
v -3.999999 12.2109375 2.098633
v -3.999999 12.2109375 2.098633
v -3.562499 12.25 2.098633
v -3.999999 12.669922 2.997071
v -3.249999 12.5 2.098633
v -3.669921 13.0 2.997071
v -3.210937 13.0 2.098633
v -3.669921 13.0 2.997071
v -3.999999 13.0 3.0
v -3.999999 12.669922 2.997071
v -3.999999 12.0 2.0
v -2.999999 12.0 2.0
v -3.999999 13.0 2.0
v -2.999999 13.0 2.0
v -3.210937 16.0 2.098633
v -3.669921 16.0 2.997071
v -3.669921 13.0 2.997071
v -3.210937 13.0 2.098633
v -3.999999 16.0 3.0
v -3.999999 13.0 3.0
v -3.210937 16.0 2.098633
v -3.210937 13.0 2.098633
v -2.999999 13.0 2.0
v -2.999999 16.0 2.0
v -3.0 -8.2109375 2.098633
v -3.0 -8.669921 2.997071
v -2.0 -8.669921 2.997071
v -2.0 -8.2109375 2.098633
v -3.0 -8.999999 3.0
v -2.0 -8.999999 3.0
v -3.0 -8.2109375 2.098633
v -2.0 -8.2109375 2.098633
v -2.0 -7.999999 2.0
v -3.0 -7.999999 2.0
v -2.710938 -8.223633 2.1269531
v -2.0 -8.223633 2.1269531
v -2.710938 -8.015625 2.107422
v -2.0 -8.015625 2.107422
v -2.710938 -7.8378906 1.605469
v -2.0 -7.8378906 1.605469
v -2.706055 -7.7070312 1.523438
v -2.0 -7.7070312 1.523438
v -3.223633 -6.5 2.1269531
v -3.223633 -7.708008 2.1269531
v -3.015625 -6.5 2.107422
v -3.015625 -7.708008 2.107422
v -2.837891 -6.5 1.605469
v -2.837891 -7.708008 1.605469
v -2.707031 -6.5 1.523438
v -2.707031 -7.708008 1.523438
v -3.015625 -7.708008 2.107422
v -2.710938 -8.015625 2.107422
v -2.837891 -7.708008 1.605469
v -2.710938 -7.8378906 1.605469
v -2.99707 -8.22168 2.1269531
v -2.710938 -8.015625 2.107422
v -3.015625 -7.708008 2.107422
v -3.223633 -7.9941406 2.1269531
v -2.99707 -8.22168 2.1269531
v -2.710938 -8.223633 2.1269531
v -2.710938 -8.015625 2.107422
v -3.223633 -7.9941406 2.1269531
v -3.015625 -7.708008 2.107422
v -3.223633 -7.708008 2.1269531
v -2.706055 -7.7070312 1.523438
v -2.837891 -7.708008 1.605469
v -2.710938 -7.8378906 1.605469
v -2.375 -7.0 1.5
v -2.375 -6.5 1.5
v -2.6875 -7.0 1.5
v -2.6875 -6.495631 1.5
v -3.0 -7.0 1.5
v -3.0 -6.504369 1.5
v -3.0 -7.0 1.5
v -3.0 -8.0 1.5
v -2.6875 -7.0 1.5
v -2.0 -7.6875 1.5
v -2.0 -7.375 1.5
v -2.375 -7.0 1.5
v -2.6875 -7.0 1.5
v -2.0 -7.6875 1.5
v -2.0 -7.6875 1.5
v -3.0 -8.0 1.5
v -2.0 -8.0 1.5
v -3.223633 -7.0 2.1269531
v -3.015625 -7.0 2.1074219
v -2.837891 -7.0 1.605469
v -2.707031 -7.0 1.523438
v -3.223633 0.0 2.1269531
v -2.707031 0.0 1.523438
v -3.015625 0.0 2.1074219
v -2.837891 0.0 1.605469
v -2.375 -7.0 1.5
v -2.6875 -7.0 1.5
v -3.0 -7.0 1.5
v -2.375 0.0 1.5
v -2.6875 0.0 1.5
v -3.0 0.0 1.5
v -3.0 0.3125 1.500001
v -2.6875 0.0 1.500001
v -2.375 0.0 1.500001
v -3.0 0.625 1.500001
v -3.0 0.0 1.500001
v -2.6875 0.0 1.500001
v -3.0 0.3125 1.500001
v -3.0 -0.015625 2.107423
v -2.911133 0.162109 1.60547
v -2.848633 0.292968 1.5234389
v -2.707031 0.148438 1.5234389
v -2.848633 0.292968 1.5234389
v -2.837891 0.085938 1.60547
v -2.911133 0.162109 1.60547
v -3.0 -0.015625 2.107423
v -3.0 -0.015625 2.107423
v -3.0 -0.015625 2.107423
v -2.837891 0.085938 1.60547
v -2.707031 0.148438 1.5234389
v -3.0 0.162109 1.60547
v -3.0 0.292968 1.5234389
v -3.0 -0.015625 2.107423
v -3.0 -0.015625 2.107423
v -2.837891 0.0 1.60547
v -2.707031 0.0 1.5234389
v -2.0 2.707031 1.523438
v -3.0 3.223633 2.1269531
v -2.0 3.223633 2.1269531
v -3.0 3.015625 2.1074219
v -2.0 3.015625 2.1074219
v -3.0 2.8378901 1.605469
v -2.0 2.8378901 1.605469
v -3.0 2.707031 1.523438
v -3.0 2.375 1.5
v -2.0 2.6875 1.5
v -3.0 2.6875 1.5
v -2.0 3.0 1.5
v -3.0 3.0 1.5
v -2.0 2.375 1.5
v -2.6875 3.062499 2.0
v -2.0 2.999999 2.0
v -2.0 3.210937 2.098633
v -2.5 3.249999 2.098633
v -3.0 3.999999 2.0
v -2.9375 3.374999 2.0
v -2.75 3.562499 2.098633
v -2.789062 3.999999 2.098633
v -2.789062 3.999999 2.098633
v -2.75 3.562499 2.098633
v -2.3300781 3.999999 2.997071
v -2.5 3.249999 2.098633
v -2.0 3.669921 2.997071
v -2.0 3.210937 2.098633
v -2.0 3.669921 2.997071
v -2.0 3.999999 3.0
v -2.3300781 3.999999 2.997071
v -3.0 3.999999 2.0
v -3.0 2.999999 2.0
v -2.0 3.999999 2.0
v -2.0 2.999999 2.0
v -2.789063 4.0 2.098633
v -2.330079 4.0 2.997071
v -2.330079 9.0 2.997071
v -2.789063 9.0 2.098633
v -2.000001 4.0 3.0
v -2.000001 9.0 3.0
v -2.789063 4.0 2.098633
v -2.789063 9.0 2.098633
v -3.000001 9.0 2.0
v -3.000001 4.0 2.0
v -2.937501 9.6875 2.0
v -3.000001 9.0 2.0
v -2.789063 9.0 2.098633
v -2.750001 9.5 2.098633
v -2.000001 10.0 2.0
v -2.625001 9.9375 2.0
v -2.437501 9.75 2.098633
v -2.000001 9.7890625 2.098633
v -2.000001 9.7890625 2.098633
v -2.437501 9.75 2.098633
v -2.000001 9.330078 2.997071
v -2.750001 9.5 2.098633
v -2.330079 9.0 2.997071
v -2.789063 9.0 2.098633
v -2.330079 9.0 2.997071
v -2.000001 9.0 3.0
v -2.000001 9.330078 2.997071
v -2.000001 10.0 2.0
v -3.000001 10.0 2.0
v -2.000001 9.0 2.0
v -3.000001 9.0 2.0
v -3.0 9.776367 2.1269531
v -3.0 9.984375 2.1074219
v -3.0 10.162109 1.605469
v -3.0 10.292969 1.523438
v -1.0 9.984375 2.1074219
v -1.0 10.162109 1.605469
v -1.0 9.776367 2.1269531
v -1.0 10.292969 1.523438
v -3.0 10.0 1.5
v -3.0 10.3125 1.5
v -3.0 10.625 1.5
v -1.0 10.0 1.5
v -1.0 10.3125 1.5
v -1.0 10.625 1.5
v -2.6875 12.0 1.500001
v -3.0 11.6875 1.500001
v -3.0 11.375 1.500001
v -2.375 12.0 1.500001
v -3.0 12.0 1.500001
v -3.0 11.6875 1.500001
v -2.6875 12.0 1.500001
v -3.015625 12.0 2.107423
v -2.837891 11.911133 1.60547
v -2.707032 11.848633 1.5234389
v -2.851562 11.707031 1.5234389
v -2.707032 11.848633 1.5234389
v -2.914062 11.837891 1.60547
v -2.837891 11.911133 1.60547
v -3.015625 12.0 2.107423
v -3.015625 12.0 2.107423
v -3.015625 12.0 2.107423
v -2.914062 11.837891 1.60547
v -2.851562 11.707031 1.5234389
v -2.837891 12.0 1.60547
v -2.707032 12.0 1.5234389
v -3.015625 12.0 2.107423
v -3.015625 12.0 2.107423
v -3.0 11.837891 1.60547
v -3.0 11.707031 1.5234389
v -3.223633 12.0 2.1269531
v -3.015625 12.0 2.1074219
v -2.837891 12.0 1.605469
v -2.707031 12.0 1.523438
v -3.223633 16.0 2.1269531
v -2.707031 16.0 1.523438
v -3.015625 16.0 2.1074219
v -2.837891 16.0 1.605469
v -2.375 12.0 1.5
v -2.6875 12.0 1.5
v -3.0 12.0 1.5
v -2.375 16.0 1.5
v -2.6875 16.0 1.5
v -3.0 16.0 1.5
v 6.0 -11.0 3.0
v -2.0 -11.0 3.0
v -2.0 -12.0 3.0
v 6.0 -12.0 3.0
v -1.0 -10.210936 2.098632
v -1.105468 -10.105468 2.098632
v -1.66992 -10.66992 2.997068
v -1.0 -10.66992 2.997068
v -1.2109361 -10.0 2.098632
v -1.2109361 -10.0 2.098632
v -1.105468 -10.105468 2.098632
v -1.0 -10.0 2.0
v -1.0 -10.210936 2.098632
v -1.66992 -10.0 2.997068
v -1.66992 -10.66992 2.997068
v -1.2109361 -10.0 2.098632
v -1.0 -10.66992 2.997068
v -1.66992 -10.66992 2.997068
v -2.0 -11.0 3.0
v -1.0 -11.0 3.0
v -1.66992 -10.0 2.997068
v -2.0 -10.0 3.0
v -1.210937 -9.0 2.098633
v -1.6699209 -9.0 2.997071
v -1.6699209 -10.0 2.997071
v -1.210937 -10.0 2.098633
v -1.999999 -9.0 3.0
v -1.999999 -10.0 3.0
v -1.210937 -9.0 2.098633
v -1.210937 -10.0 2.098633
v -0.99999905 -10.0 2.0
v -0.99999905 -9.0 2.0
v -1.3125 -8.062499 2.0
v -2.0 -7.999999 2.0
v -2.0 -8.2109375 2.098633
v -1.5 -8.249999 2.098633
v -1.0 -8.999999 2.0
v -1.0625 -8.374999 2.0
v -1.25 -8.562499 2.098633
v -1.210938 -8.999999 2.098633
v -1.210938 -8.999999 2.098633
v -1.25 -8.562499 2.098633
v -1.669922 -8.999999 2.997071
v -1.5 -8.249999 2.098633
v -2.0 -8.669921 2.997071
v -2.0 -8.2109375 2.098633
v -2.0 -8.669921 2.997071
v -2.0 -8.999999 3.0
v -1.669922 -8.999999 2.997071
v -1.0 -8.999999 2.0
v -1.0 -7.999999 2.0
v -2.0 -8.999999 2.0
v -2.0 -7.999999 2.0
v -2.0 -8.223633 2.1269531
v -2.0 -8.015625 2.1074219
v -2.0 -7.8378906 1.605469
v -2.0 -7.7070312 1.523438
v -1.0 -8.015625 2.1074219
v -1.0 -7.8378906 1.605469
v -1.0 -8.223633 2.1269531
v -1.0 -7.7070312 1.523438
v -2.0 -8.0 1.5
v -2.0 -7.6875 1.5
v -2.0 -7.375 1.5
v -1.0 -8.0 1.5
v -1.0 -7.6875 1.5
v -1.0 -7.375 1.5
v -1.0 -1.3125 1.500001
v -1.3125 -1.0 1.500001
v -1.625 -1.0 1.500001
v -1.0 -1.625 1.500001
v -1.0 -1.0 1.500001
v -1.3125 -1.0 1.500001
v -1.0 -1.3125 1.500001
v -1.0 -0.984375 2.107423
v -1.088867 -1.162109 1.60547
v -1.151367 -1.292968 1.5234389
v -1.292969 -1.148438 1.5234389
v -1.151367 -1.292968 1.5234389
v -1.162109 -1.085938 1.60547
v -1.088867 -1.162109 1.60547
v -1.0 -0.984375 2.107423
v -1.0 -0.984375 2.107423
v -1.0 -0.984375 2.107423
v -1.162109 -1.085938 1.60547
v -1.292969 -1.148438 1.5234389
v -1.0 -1.162109 1.60547
v -1.0 -1.292968 1.5234389
v -1.0 -0.984375 2.107423
v -1.0 -0.984375 2.107423
v -1.162109 -1.0 1.60547
v -1.292969 -1.0 1.5234389
v -0.77636695 -1.0 2.1269531
v -0.984375 -1.0 2.1074219
v -1.162109 -1.0 1.605469
v -1.292969 -1.0 1.523438
v -0.77636695 2.0 2.1269531
v -1.292969 2.0 1.523438
v -0.984375 2.0 2.1074219
v -1.162109 2.0 1.605469
v -1.625 -1.0 1.5
v -1.3125 -1.0 1.5
v -1.0 -1.0 1.5
v -1.625 2.0 1.5
v -1.3125 2.0 1.5
v -1.0 2.0 1.5
v -0.77636695 2.0 2.126953
v -0.77636695 2.708008 2.126953
v -0.984375 2.0 2.107422
v -0.984375 2.708008 2.107422
v -1.162109 2.0 1.605469
v -1.162109 2.708008 1.605469
v -1.292969 2.0 1.523438
v -1.2939451 2.707031 1.523438
v -1.289062 3.223633 2.126953
v -2.0 3.223633 2.126953
v -1.289062 3.015625 2.107422
v -2.0 3.015625 2.107422
v -1.289062 2.8378901 1.605469
v -2.0 2.8378901 1.605469
v -1.2939451 2.707031 1.523438
v -2.0 2.707031 1.523438
v -0.984375 2.708008 2.107422
v -1.289062 3.015625 2.107422
v -1.162109 2.708008 1.605469
v -1.289062 2.8378901 1.605469
v -1.0029299 3.2216802 2.126953
v -1.289062 3.015625 2.107422
v -0.984375 2.708008 2.107422
v -0.77636695 2.9941401 2.126953
v -1.0029299 3.2216802 2.126953
v -1.289062 3.223633 2.126953
v -1.289062 3.015625 2.107422
v -0.77636695 2.9941401 2.126953
v -0.984375 2.708008 2.107422
v -0.77636695 2.708008 2.126953
v -1.2939451 2.707031 1.523438
v -1.162109 2.708008 1.605469
v -1.289062 2.8378901 1.605469
v -2.0 3.0 1.5
v -2.0 2.6875 1.5
v -1.0 3.0 1.5
v -1.3125 2.0 1.5
v -1.0 2.0 1.5
v -2.0 2.375 1.5
v -1.625 2.0 1.5
v -1.3125 2.0 1.5
v -2.0 2.6875 1.5
v -1.0 3.210937 2.098633
v -1.0 3.669921 2.997071
v -2.0 3.669921 2.997071
v -2.0 3.210937 2.098633
v -1.0 3.999999 3.0
v -2.0 3.999999 3.0
v -1.0 3.210937 2.098633
v -2.0 3.210937 2.098633
v -2.0 2.999999 2.0
v -1.0 2.999999 2.0
v -2.0 4.0 3.0
v 0.0 4.0 3.0
v 0.0 6.0 3.0
v -2.0 6.0 3.0
v -3.0 4.375 3.0
v 1.0 4.375 3.0
v 1.0 6.922851 6.083984
v -3.0 6.922851 6.083984
v -2.0 6.0 3.0
v 0.0 6.0 3.0
v 0.0 8.0 3.0
v -2.0 8.0 3.0
v -3.0 6.375 3.0
v 1.0 6.375 3.0
v 1.0 8.922852 6.083984
v -3.0 8.922852 6.083984
v 4.0 9.0 3.0
v -2.0 9.0 3.0
v -2.0 8.0 3.0
v 4.0 8.0 3.0
v -2.0 9.7890625 2.098633
v -2.0 9.330079 2.997071
v -1.0 9.330079 2.997071
v -1.0 9.7890625 2.098633
v -2.0 9.000001 3.0
v -1.0 9.000001 3.0
v -2.0 9.7890625 2.098633
v -1.0 9.7890625 2.098633
v -1.0 10.000001 2.0
v -2.0 10.000001 2.0
v -1.0 -10.2109375 2.098633
v -1.0 -10.669921 2.997071
v 7.0 -10.669921 2.997071
v 7.0 -10.2109375 2.098633
v -1.0 -10.999999 3.0
v 7.0 -10.999999 3.0
v -1.0 -10.2109375 2.098633
v 7.0 -10.2109375 2.098633
v 7.0 -9.999999 2.0
v -1.0 -9.999999 2.0
v -0.710938 -10.223633 2.1269531
v 0.0 -10.223633 2.1269531
v -0.710938 -10.015625 2.107422
v 0.0 -10.015625 2.107422
v -0.710938 -9.837891 1.605469
v 0.0 -9.837891 1.605469
v -0.706055 -9.707031 1.523438
v 0.0 -9.707031 1.523438
v -1.223633 -8.5 2.1269531
v -1.223633 -9.708008 2.1269531
v -1.015625 -8.5 2.107422
v -1.015625 -9.708008 2.107422
v -0.837891 -8.5 1.605469
v -0.837891 -9.708008 1.605469
v -0.707031 -8.5 1.523438
v -0.707031 -9.708008 1.523438
v -1.015625 -9.708008 2.107422
v -0.710938 -10.015625 2.107422
v -0.837891 -9.708008 1.605469
v -0.710938 -9.837891 1.605469
v -0.99707 -10.22168 2.1269531
v -0.710938 -10.015625 2.107422
v -1.015625 -9.708008 2.107422
v -1.223633 -9.994141 2.1269531
v -0.99707 -10.22168 2.1269531
v -0.710938 -10.223633 2.1269531
v -0.710938 -10.015625 2.107422
v -1.223633 -9.994141 2.1269531
v -1.015625 -9.708008 2.107422
v -1.223633 -9.708008 2.1269531
v -0.706055 -9.707031 1.523438
v -0.837891 -9.708008 1.605469
v -0.710938 -9.837891 1.605469
v -0.375 -9.0 1.5
v -0.375 -8.5 1.5
v -0.6875 -9.0 1.5
v -0.6875 -8.495631 1.5
v -1.0 -9.0 1.5
v -1.0 -8.504369 1.5
v -1.0 -9.0 1.5
v -1.0 -10.0 1.5
v -0.6875 -9.0 1.5
v 0.0 -9.6875 1.5
v 0.0 -9.375 1.5
v -0.375 -9.0 1.5
v -0.6875 -9.0 1.5
v 0.0 -9.6875 1.5
v 0.0 -9.6875 1.5
v -1.0 -10.0 1.5
v 0.0 -10.0 1.5
v -1.223633 -9.0 2.1269531
v -1.015625 -9.0 2.1074219
v -0.837891 -9.0 1.605469
v -0.707031 -9.0 1.523438
v -1.223633 -8.0 2.1269531
v -0.707031 -8.0 1.523438
v -1.015625 -8.0 2.1074219
v -0.837891 -8.0 1.605469
v -0.375 -9.0 1.5
v -0.6875 -9.0 1.5
v -1.0 -9.0 1.5
v -0.375 -8.0 1.5
v -0.6875 -8.0 1.5
v -1.0 -8.0 1.5
v -1.0 -7.6875 1.500001
v -0.6875 -8.0 1.500001
v -0.375 -8.0 1.500001
v -1.0 -7.375 1.500001
v -1.0 -8.0 1.500001
v -0.6875 -8.0 1.500001
v -1.0 -7.6875 1.500001
v -1.0 -8.015625 2.107423
v -0.911133 -7.837891 1.60547
v -0.848633 -7.707032 1.5234389
v -0.707031 -7.851562 1.5234389
v -0.848633 -7.707032 1.5234389
v -0.837891 -7.914062 1.60547
v -0.911133 -7.837891 1.60547
v -1.0 -8.015625 2.107423
v -1.0 -8.015625 2.107423
v -1.0 -8.015625 2.107423
v -0.837891 -7.914062 1.60547
v -0.707031 -7.851562 1.5234389
v -1.0 -7.837891 1.60547
v -1.0 -7.707032 1.5234389
v -1.0 -8.015625 2.107423
v -1.0 -8.015625 2.107423
v -0.837891 -8.0 1.60547
v -0.707031 -8.0 1.5234389
v 0.0 -1.292969 1.523438
v -1.0 -0.77636695 2.1269531
v 0.0 -0.77636695 2.1269531
v -1.0 -0.984375 2.1074219
v 0.0 -0.984375 2.1074219
v -1.0 -1.16211 1.605469
v 0.0 -1.16211 1.605469
v -1.0 -1.292969 1.523438
v -1.0 -1.625 1.5
v 0.0 -1.3125 1.5
v -1.0 -1.3125 1.5
v 0.0 -1.0 1.5
v -1.0 -1.0 1.5
v 0.0 -1.625 1.5
v -0.6875 -0.937501 2.0
v 0.0 -1.000001 2.0
v 0.0 -0.789063 2.098633
v -0.5 -0.750001 2.098633
v -1.0 -1.013279E-6 2.0
v -0.9375 -0.625001 2.0
v -0.75 -0.437501 2.098633
v -0.789062 -1.013279E-6 2.098633
v -0.789062 -1.013279E-6 2.098633
v -0.75 -0.437501 2.098633
v -0.330078 -1.013279E-6 2.997071
v -0.5 -0.750001 2.098633
v 0.0 -0.33007902 2.997071
v 0.0 -0.789063 2.098633
v 0.0 -0.33007902 2.997071
v 0.0 -1.013279E-6 3.0
v -0.330078 -1.013279E-6 2.997071
v -1.0 -1.013279E-6 2.0
v -1.0 -1.000001 2.0
v 0.0 -1.013279E-6 2.0
v 0.0 -1.000001 2.0
v -0.789063 0.0 2.098633
v -0.33007902 0.0 2.997071
v -0.33007902 3.0 2.997071
v -0.789063 3.0 2.098633
v -1.013279E-6 0.0 3.0
v -1.013279E-6 3.0 3.0
v -0.789063 0.0 2.098633
v -0.789063 3.0 2.098633
v -1.000001 3.0 2.0
v -1.000001 0.0 2.0
v -1.0 3.210936 2.098632
v -0.894532 3.105468 2.098632
v -0.33007997 3.66992 2.997068
v -1.0 3.66992 2.997068
v -0.789064 3.0 2.098632
v -0.789064 3.0 2.098632
v -0.894532 3.105468 2.098632
v -1.0 3.0 2.0
v -1.0 3.210936 2.098632
v -0.33007997 3.0 2.997068
v -0.33007997 3.66992 2.997068
v -0.789064 3.0 2.098632
v -1.0 3.66992 2.997068
v -0.33007997 3.66992 2.997068
v 0.0 4.0 3.0
v -1.0 4.0 3.0
v -0.33007997 3.0 2.997068
v 0.0 3.0 3.0
v -1.0 9.7890625 2.098633
v -1.0 9.330079 2.997071
v 0.0 9.330079 2.997071
v 0.0 9.7890625 2.098633
v -1.0 9.000001 3.0
v 0.0 9.000001 3.0
v -1.0 9.7890625 2.098633
v 0.0 9.7890625 2.098633
v 0.0 10.000001 2.0
v -1.0 10.000001 2.0
v -1.0 9.776367 2.1269531
v -0.291992 9.776367 2.1269531
v -1.0 9.984375 2.1074219
v -0.291992 9.984375 2.1074219
v -1.0 10.162109 1.605469
v -0.291992 10.162109 1.605469
v -1.0 10.292969 1.523438
v -0.292969 10.293945 1.523438
v 0.22363305 10.289062 2.1269531
v 0.22363305 10.5 2.1269531
v 0.015625 10.289062 2.1074219
v 0.015625 10.5 2.1074219
v -0.16210902 10.289062 1.605469
v -0.16210902 10.5 1.605469
v -0.292969 10.293945 1.523438
v -0.292969 10.5 1.523438
v 0.22363305 10.5 2.1269531
v 0.22363305 11.5 2.1269531
v 0.015625 10.5 2.1074219
v 0.015625 11.5 2.1074219
v -0.16210902 10.5 1.605469
v -0.16210902 11.5 1.605469
v -0.292969 10.5 1.523438
v -0.292969 11.5 1.523438
v -0.291992 9.984375 2.1074219
v 0.015625 10.289062 2.1074219
v -0.291992 10.162109 1.605469
v -0.16210902 10.289062 1.605469
v 0.22168005 10.00293 2.1269531
v 0.015625 10.289062 2.1074219
v -0.291992 9.984375 2.1074219
v -0.0058590174 9.776367 2.1269531
v 0.22168005 10.00293 2.1269531
v 0.22363305 10.289062 2.1269531
v 0.015625 10.289062 2.1074219
v -0.0058590174 9.776367 2.1269531
v -0.291992 9.984375 2.1074219
v -0.291992 9.776367 2.1269531
v -0.292969 10.293945 1.523438
v -0.291992 10.162109 1.605469
v -0.16210902 10.289062 1.605469
v -0.625 11.5 1.5
v -0.625 11.0 1.5
v -0.3125 11.5 1.5
v -0.3125 11.0 1.5
v 0.0 11.5 1.5
v 0.0 11.0 1.5
v 0.0 11.0 1.5
v -0.3125 11.0 1.5
v 0.0 10.0 1.5
v -1.0 10.3125 1.5
v -1.0 10.0 1.5
v -0.625 11.0 1.5
v -1.0 10.625 1.5
v -1.0 10.3125 1.5
v -0.3125 11.0 1.5
v 0.22363305 11.0 2.1269531
v 0.015625 11.0 2.1074219
v -0.16210902 11.0 1.605469
v -0.292969 11.0 1.523438
v 0.22363305 16.0 2.1269531
v -0.292969 16.0 1.523438
v 0.015625 16.0 2.1074219
v -0.16210902 16.0 1.605469
v -0.625 11.0 1.5
v -0.3125 11.0 1.5
v 0.0 11.0 1.5
v -0.625 16.0 1.5
v -0.3125 16.0 1.5
v 0.0 16.0 1.5
v 0.0 -10.223633 2.1269531
v 0.0 -10.015625 2.1074219
v 0.0 -9.837891 1.605469
v 0.0 -9.707031 1.523438
v 8.0 -10.015625 2.1074219
v 8.0 -9.837891 1.605469
v 8.0 -10.223633 2.1269531
v 8.0 -9.707031 1.523438
v 0.0 -10.0 1.5
v 0.0 -9.6875 1.5
v 0.0 -9.375 1.5
v 8.0 -10.0 1.5
v 8.0 -9.6875 1.5
v 8.0 -9.375 1.5
v 1.0 -7.3125 1.500001
v 0.6875 -7.0 1.500001
v 0.375 -7.0 1.500001
v 1.0 -7.625 1.500001
v 1.0 -7.0 1.500001
v 0.6875 -7.0 1.500001
v 1.0 -7.3125 1.500001
v 1.0 -6.984375 2.107423
v 0.911133 -7.162109 1.60547
v 0.848633 -7.292968 1.5234389
v 0.707031 -7.148438 1.5234389
v 0.848633 -7.292968 1.5234389
v 0.837891 -7.085938 1.60547
v 0.911133 -7.162109 1.60547
v 1.0 -6.984375 2.107423
v 1.0 -6.984375 2.107423
v 1.0 -6.984375 2.107423
v 0.837891 -7.085938 1.60547
v 0.707031 -7.148438 1.5234389
v 1.0 -7.162109 1.60547
v 1.0 -7.292968 1.5234389
v 1.0 -6.984375 2.107423
v 1.0 -6.984375 2.107423
v 0.837891 -7.0 1.60547
v 0.707031 -7.0 1.5234389
v 1.223633 -7.0 2.1269531
v 1.015625 -7.0 2.1074219
v 0.837891 -7.0 1.605469
v 0.707031 -7.0 1.523438
v 1.223633 -2.0 2.1269531
v 0.707031 -2.0 1.523438
v 1.015625 -2.0 2.1074219
v 0.837891 -2.0 1.605469
v 0.375 -7.0 1.5
v 0.6875 -7.0 1.5
v 1.0 -7.0 1.5
v 0.375 -2.0 1.5
v 0.6875 -2.0 1.5
v 1.0 -2.0 1.5
v 1.223633 -2.0 2.126953
v 1.223633 -1.291992 2.126953
v 1.015625 -2.0 2.107422
v 1.015625 -1.291992 2.107422
v 0.837891 -2.0 1.605469
v 0.837891 -1.291992 1.605469
v 0.707031 -2.0 1.523438
v 0.706055 -1.292969 1.523438
v 0.710938 -0.77636695 2.126953
v 0.0 -0.77636695 2.126953
v 0.710938 -0.984375 2.107422
v 0.0 -0.984375 2.107422
v 0.710938 -1.16211 1.605469
v 0.0 -1.16211 1.605469
v 0.706055 -1.292969 1.523438
v 0.0 -1.292969 1.523438
v 1.015625 -1.291992 2.107422
v 0.710938 -0.984375 2.107422
v 0.837891 -1.291992 1.605469
v 0.710938 -1.16211 1.605469
v 0.99707 -0.77831995 2.126953
v 0.710938 -0.984375 2.107422
v 1.015625 -1.291992 2.107422
v 1.223633 -1.00586 2.126953
v 0.99707 -0.77831995 2.126953
v 0.710938 -0.77636695 2.126953
v 0.710938 -0.984375 2.107422
v 1.223633 -1.00586 2.126953
v 1.015625 -1.291992 2.107422
v 1.223633 -1.291992 2.126953
v 0.706055 -1.292969 1.523438
v 0.837891 -1.291992 1.605469
v 0.710938 -1.16211 1.605469
v 0.0 -1.0 1.5
v 0.0 -1.3125 1.5
v 1.0 -1.0 1.5
v 0.6875 -2.0 1.5
v 1.0 -2.0 1.5
v 0.0 -1.625 1.5
v 0.375 -2.0 1.5
v 0.6875 -2.0 1.5
v 0.0 -1.3125 1.5
v 1.0 -0.789063 2.098633
v 1.0 -0.33007902 2.997071
v 0.0 -0.33007902 2.997071
v 0.0 -0.789063 2.098633
v 1.0 -1.013279E-6 3.0
v 0.0 -1.013279E-6 3.0
v 1.0 -0.789063 2.098633
v 0.0 -0.789063 2.098633
v 0.0 -1.000001 2.0
v 1.0 -1.000001 2.0
v 0.0 0.0 3.0
v 2.0 0.0 3.0
v 2.0 2.0 3.0
v 0.0 2.0 3.0
v -1.0 0.375 3.0
v 3.0 0.375 3.0
v 3.0 2.922851 6.083984
v -1.0 2.922851 6.083984
v 0.0 2.0 3.0
v 2.0 2.0 3.0
v 2.0 4.0 3.0
v 0.0 4.0 3.0
v -1.0 2.375 3.0
v 3.0 2.375 3.0
v 3.0 4.922851 6.083984
v -1.0 4.922851 6.083984
v 0.0 4.0 3.0
v 2.0 4.0 3.0
v 2.0 6.0 3.0
v 0.0 6.0 3.0
v -1.0 4.375 3.0
v 3.0 4.375 3.0
v 3.0 6.922851 6.083984
v -1.0 6.922851 6.083984
v 0.0 6.0 3.0
v 2.0 6.0 3.0
v 2.0 8.0 3.0
v 0.0 8.0 3.0
v -1.0 6.375 3.0
v 3.0 6.375 3.0
v 3.0 8.922852 6.083984
v -1.0 8.922852 6.083984
v 0.21093601 10.0 2.098632
v 0.105467975 9.894532 2.098632
v 0.66991997 9.33008 2.997068
v 0.66991997 10.0 2.997068
v 0.0 9.789064 2.098632
v 0.0 9.789064 2.098632
v 0.105467975 9.894532 2.098632
v 0.0 10.0 2.0
v 0.21093601 10.0 2.098632
v 0.0 9.33008 2.997068
v 0.66991997 9.33008 2.997068
v 0.0 9.789064 2.098632
v 0.66991997 10.0 2.997068
v 0.66991997 9.33008 2.997068
v 1.0 9.0 3.0
v 1.0 10.0 3.0
v 0.0 9.33008 2.997068
v 0.0 9.0 3.0
v 0.21093702 10.0 2.098633
v 0.669921 10.0 2.997071
v 0.669921 11.0 2.997071
v 0.21093702 11.0 2.098633
v 0.999999 10.0 3.0
v 0.999999 11.0 3.0
v 0.21093702 10.0 2.098633
v 0.21093702 11.0 2.098633
v -9.536743E-7 11.0 2.0
v -9.536743E-7 10.0 2.0
v 0.21093702 11.0 2.098633
v 0.669921 11.0 2.997071
v 0.669921 12.0 2.997071
v 0.21093702 12.0 2.098633
v 0.999999 11.0 3.0
v 0.999999 12.0 3.0
v 0.21093702 11.0 2.098633
v 0.21093702 12.0 2.098633
v -9.536743E-7 12.0 2.0
v -9.536743E-7 11.0 2.0
v 0.21093702 12.0 2.098633
v 0.669921 12.0 2.997071
v 0.669921 16.0 2.997071
v 0.21093702 16.0 2.098633
v 0.999999 12.0 3.0
v 0.999999 16.0 3.0
v 0.21093702 12.0 2.098633
v 0.21093702 16.0 2.098633
v -9.536743E-7 16.0 2.0
v -9.536743E-7 12.0 2.0
v 9.0 -7.2929688 1.523438
v 1.0 -6.776367 2.1269531
v 9.0 -6.776367 2.1269531
v 1.0 -6.984375 2.1074219
v 9.0 -6.984375 2.1074219
v 1.0 -7.16211 1.605469
v 9.0 -7.16211 1.605469
v 1.0 -7.2929688 1.523438
v 1.0 -7.625 1.5
v 9.0 -7.3125 1.5
v 1.0 -7.3125 1.5
v 9.0 -7.0 1.5
v 1.0 -7.0 1.5
v 9.0 -7.625 1.5
v 1.3125 -6.937501 2.0
v 2.0 -7.000001 2.0
v 2.0 -6.789063 2.098633
v 1.5 -6.750001 2.098633
v 1.0 -6.000001 2.0
v 1.0625 -6.625001 2.0
v 1.25 -6.437501 2.098633
v 1.210938 -6.000001 2.098633
v 1.210938 -6.000001 2.098633
v 1.25 -6.437501 2.098633
v 1.669922 -6.000001 2.997071
v 1.5 -6.750001 2.098633
v 2.0 -6.330079 2.997071
v 2.0 -6.789063 2.098633
v 2.0 -6.330079 2.997071
v 2.0 -6.000001 3.0
v 1.669922 -6.000001 2.997071
v 1.0 -6.000001 2.0
v 1.0 -7.000001 2.0
v 2.0 -6.000001 2.0
v 2.0 -7.000001 2.0
v 1.210937 -6.0 2.098633
v 1.6699209 -6.0 2.997071
v 1.6699209 -1.0 2.997071
v 1.210937 -1.0 2.098633
v 1.999999 -6.0 3.0
v 1.999999 -1.0 3.0
v 1.210937 -6.0 2.098633
v 1.210937 -1.0 2.098633
v 0.99999905 -1.0 2.0
v 0.99999905 -6.0 2.0
v 1.0 -0.789064 2.098632
v 1.105468 -0.894532 2.098632
v 1.66992 -0.33008003 2.997068
v 1.0 -0.33008003 2.997068
v 1.2109361 -1.0 2.098632
v 1.2109361 -1.0 2.098632
v 1.105468 -0.894532 2.098632
v 1.0 -1.0 2.0
v 1.0 -0.789064 2.098632
v 1.66992 -1.0 2.997068
v 1.66992 -0.33008003 2.997068
v 1.2109361 -1.0 2.098632
v 1.0 -0.33008003 2.997068
v 1.66992 -0.33008003 2.997068
v 2.0 0.0 3.0
v 1.0 0.0 3.0
v 1.66992 -1.0 2.997068
v 2.0 -1.0 3.0
v 4.0 12.0 3.0
v 1.0 12.0 3.0
v 1.0 9.0 3.0
v 4.0 9.0 3.0
v 1.0 12.999999 3.0
v 1.0 11.999999 3.0
v 2.0 12.999999 3.0
v 2.0 11.999999 3.0
v 1.3125 12.062499 3.0
v 2.0 11.999999 3.0
v 2.0 12.210937 3.098633
v 1.5 12.249999 3.098633
v 1.0 12.999999 3.0
v 1.0625 12.374999 3.0
v 1.25 12.562499 3.098633
v 1.210938 12.999999 3.098633
v 1.210938 12.999999 3.098633
v 1.25 12.562499 3.098633
v 1.669922 12.999999 3.997071
v 1.5 12.249999 3.098633
v 2.0 12.669921 3.997071
v 2.0 12.210937 3.098633
v 2.0 12.669921 3.997071
v 2.0 12.999999 4.0
v 1.669922 12.999999 3.997071
v 1.210937 13.0 3.098633
v 1.6699209 13.0 3.997071
v 1.6699209 16.0 3.997071
v 1.210937 16.0 3.098633
v 1.999999 13.0 4.0
v 1.999999 16.0 4.0
v 1.210937 13.0 3.098633
v 1.210937 16.0 3.098633
v 0.99999905 16.0 3.0
v 0.99999905 13.0 3.0
v 10.0 -6.789063 2.098633
v 10.0 -6.330079 2.997071
v 2.0 -6.330079 2.997071
v 2.0 -6.789063 2.098633
v 10.0 -6.000001 3.0
v 2.0 -6.000001 3.0
v 10.0 -6.789063 2.098633
v 2.0 -6.789063 2.098633
v 2.0 -7.000001 2.0
v 10.0 -7.000001 2.0
v 6.0 2.0 3.0
v 2.0 2.0 3.0
v 2.0 -6.0 3.0
v 6.0 -6.0 3.0
v 10.0 5.0 3.0
v 2.0 5.0 3.0
v 2.0 2.0 3.0
v 10.0 2.0 3.0
v 4.0 8.0 3.0
v 2.0 8.0 3.0
v 2.0 5.0 3.0
v 4.0 5.0 3.0
v 4.0 12.210937 3.098633
v 4.0 12.669921 3.997071
v 2.0 12.669921 3.997071
v 2.0 12.210937 3.098633
v 4.0 12.999999 4.0
v 2.0 12.999999 4.0
v 4.0 12.210937 3.098633
v 2.0 12.210937 3.098633
v 2.0 11.999999 3.0
v 4.0 11.999999 3.0
v 7.0 16.0 4.0
v 2.0 16.0 4.0
v 2.0 13.0 4.0
v 7.0 13.0 4.0
v 4.0 5.0 3.0
v 4.0 5.484375 3.0
v 10.0 5.0 3.0
v 10.0 5.484375 3.0
v 4.289062 5.276367 3.1269531
v 5.0 5.276367 3.1269531
v 4.289062 5.484375 3.107422
v 5.0 5.484375 3.107422
v 4.289062 5.662109 2.605469
v 5.0 5.662109 2.605469
v 4.293945 5.792969 2.523438
v 5.0 5.792969 2.523438
v 3.776367 7.0 3.1269531
v 3.776367 5.791992 3.1269531
v 3.984375 7.0 3.107422
v 3.984375 5.791992 3.107422
v 4.162109 7.0 2.605469
v 4.162109 5.791992 2.605469
v 4.2929688 7.0 2.523438
v 4.2929688 5.791992 2.523438
v 3.984375 5.791992 3.107422
v 4.289062 5.484375 3.107422
v 4.162109 5.791992 2.605469
v 4.289062 5.662109 2.605469
v 4.00293 5.27832 3.1269531
v 4.289062 5.484375 3.107422
v 3.984375 5.791992 3.107422
v 3.776367 5.505859 3.1269531
v 4.00293 5.27832 3.1269531
v 4.289062 5.276367 3.1269531
v 4.289062 5.484375 3.107422
v 3.776367 5.505859 3.1269531
v 3.984375 5.791992 3.107422
v 3.776367 5.791992 3.1269531
v 4.293945 5.792969 2.523438
v 4.162109 5.791992 2.605469
v 4.289062 5.662109 2.605469
v 4.625 6.5 2.5
v 4.625 7.0 2.5
v 4.3125 6.5 2.5
v 4.3125 7.004369 2.5
v 4.0 6.5 2.5
v 4.0 6.995631 2.5
v 4.0 6.5 2.5
v 4.0 5.5 2.5
v 4.3125 6.5 2.5
v 5.0 5.8125 2.5
v 5.0 6.125 2.5
v 4.625 6.5 2.5
v 4.3125 6.5 2.5
v 5.0 5.8125 2.5
v 5.0 5.8125 2.5
v 4.0 5.5 2.5
v 5.0 5.5 2.5
v 3.776367 7.0 3.1269531
v 3.984375 7.0 3.1074219
v 4.162109 7.0 2.605469
v 4.2929688 7.0 2.523438
v 3.776367 9.0 3.1269531
v 4.2929688 9.0 2.523438
v 3.984375 9.0 3.1074219
v 4.162109 9.0 2.605469
v 4.625 7.0 2.5
v 4.3125 7.0 2.5
v 4.0 7.0 2.5
v 4.625 9.0 2.5
v 4.3125 9.0 2.5
v 4.0 9.0 2.5
v 5.0 10.223633 3.126953
v 4.291992 10.223633 3.126953
v 5.0 10.015625 3.107422
v 4.291992 10.015625 3.107422
v 5.0 9.83789 2.605469
v 4.291992 9.83789 2.605469
v 5.0 9.707031 2.523438
v 4.2929688 9.706054 2.523438
v 3.776367 9.7109375 3.126953
v 3.776367 9.0 3.126953
v 3.984375 9.7109375 3.107422
v 3.984375 9.0 3.107422
v 4.162109 9.7109375 2.605469
v 4.162109 9.0 2.605469
v 4.2929688 9.706054 2.523438
v 4.2929688 9.0 2.523438
v 4.291992 10.015625 3.107422
v 3.984375 9.7109375 3.107422
v 4.291992 9.83789 2.605469
v 4.162109 9.7109375 2.605469
v 3.77832 9.99707 3.126953
v 3.984375 9.7109375 3.107422
v 4.291992 10.015625 3.107422
v 4.005859 10.223633 3.126953
v 3.77832 9.99707 3.126953
v 3.776367 9.7109375 3.126953
v 3.984375 9.7109375 3.107422
v 4.005859 10.223633 3.126953
v 4.291992 10.015625 3.107422
v 4.291992 10.223633 3.126953
v 4.2929688 9.706054 2.523438
v 4.291992 9.83789 2.605469
v 4.162109 9.7109375 2.605469
v 4.0 9.0 2.5
v 4.3125 9.0 2.5
v 4.0 10.0 2.5
v 5.0 9.6875 2.5
v 5.0 10.0 2.5
v 4.625 9.0 2.5
v 5.0 9.375 2.5
v 5.0 9.6875 2.5
v 4.3125 9.0 2.5
v 10.0 12.0 3.0
v 4.0 12.0 3.0
v 4.0 10.0 3.0
v 10.0 10.0 3.0
v 7.187501 13.0 3.6923819
v 7.187501 13.0 4.125
v 7.187501 12.75 3.6923819
v 7.187501 12.75 4.125
v 7.187501 12.0 2.932617
v 7.187501 12.0 3.356445
v 3.812501 13.0 4.125
v 3.812501 13.0 3.692383
v 3.812501 12.75 4.125
v 3.812501 12.75 3.692383
v 3.812501 12.0 3.356445
v 3.812501 12.0 2.932617
v 6.687501 13.0 4.0
v 6.687501 12.0 3.0
v 6.937501 12.0 3.0
v 6.937501 13.0 4.0
v 4.312501 13.0 4.0
v 4.312501 12.0 3.0
v 6.687501 12.0 3.0
v 6.687501 13.0 4.0
v 4.062501 13.0 4.125
v 4.062501 13.0 4.0
v 3.812501 13.0 3.692383
v 3.812501 13.0 4.125
v 6.937501 13.0 4.0
v 6.937501 13.0 4.125
v 7.187501 13.0 4.125
v 7.187501 13.0 3.6923819
v 6.937501 12.0 3.356445
v 6.937501 12.0 3.0
v 7.187501 12.0 2.932617
v 7.187501 12.0 3.356445
v 4.062501 12.0 3.0
v 4.062501 12.0 3.356445
v 3.812501 12.0 3.356445
v 3.812501 12.0 2.932617
v 7.187501 12.75 4.125
v 6.937501 12.75 4.125
v 6.937501 12.0 3.356445
v 7.187501 12.0 3.356445
v 6.937501 13.0 4.0
v 6.937501 12.0 3.0
v 6.937501 12.0 3.356445
v 6.937501 12.75 4.125
v 3.812501 12.75 4.125
v 4.062501 12.75 4.125
v 4.062501 13.0 4.125
v 3.812501 13.0 4.125
v 6.937501 13.0 4.125
v 6.937501 12.75 4.125
v 7.187501 12.75 4.125
v 7.187501 13.0 4.125
v 4.062501 12.0 3.356445
v 4.062501 12.75 4.125
v 3.812501 12.75 4.125
v 3.812501 12.0 3.356445
v 4.062501 12.0 3.0
v 4.062501 13.0 4.0
v 4.062501 12.75 4.125
v 4.062501 12.0 3.356445
v 4.062501 12.0 3.0
v 4.312501 12.0 3.0
v 4.312501 13.0 4.0
v 4.062501 13.0 4.0
v 4.062501 12.75 4.125
v 4.062501 13.0 4.0
v 4.062501 13.0 4.125
v 6.937501 13.0 4.0
v 6.937501 12.75 4.125
v 6.937501 13.0 4.125
v 5.0 5.276367 3.1269531
v 5.0 5.484375 3.1074219
v 5.0 5.662109 2.605469
v 5.0 5.792969 2.523438
v 9.0 5.484375 3.1074219
v 9.0 5.662109 2.605469
v 9.0 5.276367 3.1269531
v 9.0 5.792969 2.523438
v 5.0 5.5 2.5
v 5.0 5.8125 2.5
v 5.0 6.125 2.5
v 9.0 5.5 2.5
v 9.0 5.8125 2.5
v 9.0 6.125 2.5
v 9.0 9.707031 2.523438
v 5.0 10.223633 3.1269531
v 9.0 10.223633 3.1269531
v 5.0 10.015625 3.1074219
v 9.0 10.015625 3.1074219
v 5.0 9.83789 2.605469
v 9.0 9.83789 2.605469
v 5.0 9.707031 2.523438
v 5.0 9.375 2.5
v 9.0 9.6875 2.5
v 5.0 9.6875 2.5
v 9.0 10.0 2.5
v 5.0 10.0 2.5
v 9.0 9.375 2.5
v 6.0 -16.0 3.0
v 8.0 -16.0 3.0
v 8.0 -14.0 3.0
v 6.0 -14.0 3.0
v 5.0 -15.625 3.0
v 9.0 -15.625 3.0
v 9.0 -13.077148 6.083984
v 5.0 -13.077148 6.083984
v 6.0 -14.0 3.0
v 8.0 -14.0 3.0
v 8.0 -12.0 3.0
v 6.0 -12.0 3.0
v 5.0 -13.625 3.0
v 9.0 -13.625 3.0
v 9.0 -11.077148 6.083984
v 5.0 -11.077148 6.083984
v 8.0 -11.0 3.0
v 6.0 -11.0 3.0
v 6.0 -12.0 3.0
v 8.0 -12.0 3.0
v 6.0 -6.0 3.0
v 8.0 -6.0 3.0
v 8.0 -4.0 3.0
v 6.0 -4.0 3.0
v 5.0 -5.625 3.0
v 9.0 -5.625 3.0
v 9.0 -3.077149 6.083984
v 5.0 -3.077149 6.083984
v 6.0 -4.0 3.0
v 8.0 -4.0 3.0
v 8.0 -2.0 3.0
v 6.0 -2.0 3.0
v 5.0 -3.625 3.0
v 9.0 -3.625 3.0
v 9.0 -1.0771489 6.083984
v 5.0 -1.0771489 6.083984
v 6.0 -2.0 3.0
v 8.0 -2.0 3.0
v 8.0 0.0 3.0
v 6.0 0.0 3.0
v 5.0 -1.625 3.0
v 9.0 -1.625 3.0
v 9.0 0.9228511 6.083984
v 5.0 0.9228511 6.083984
v 12.0 2.0 3.0
v 6.0 2.0 3.0
v 6.0 0.0 3.0
v 12.0 0.0 3.0
v 7.0 -10.2109375 2.098633
v 7.0 -10.669921 2.997071
v 8.0 -10.669921 2.997071
v 8.0 -10.2109375 2.098633
v 7.0 -10.999999 3.0
v 8.0 -10.999999 3.0
v 7.0 -10.2109375 2.098633
v 8.0 -10.2109375 2.098633
v 8.0 -9.999999 2.0
v 7.0 -9.999999 2.0
v 7.0 12.2109375 3.098633
v 12.0 12.2109375 3.098633
v 7.0 12.669921 3.997071
v 12.0 12.669921 3.997071
v 7.0 12.999999 4.0
v 12.0 12.999999 4.0
v 7.0 11.999999 3.0
v 12.0 11.999999 3.0
v 12.0 12.2109375 3.098633
v 7.0 12.2109375 3.098633
v 7.0 13.999999 4.0
v 7.0 12.999999 4.0
v 8.0 13.999999 4.0
v 8.0 12.999999 4.0
v 7.210938 13.999999 4.098633
v 7.25 13.562499 4.098633
v 7.669922 13.999999 4.9970713
v 7.5 13.249999 4.098633
v 8.0 13.669921 4.9970713
v 8.0 13.2109375 4.098633
v 8.0 13.669921 4.9970713
v 8.0 13.999999 5.0
v 7.669922 13.999999 4.9970713
v 7.3125 13.062499 4.0
v 8.0 12.999999 4.0
v 8.0 13.2109375 4.098633
v 7.5 13.249999 4.098633
v 7.0 13.999999 4.0
v 7.0625 13.374999 4.0
v 7.25 13.562499 4.098633
v 7.210938 13.999999 4.098633
v 7.210937 16.0 4.098633
v 7.210937 14.0 4.098633
v 7.669921 16.0 4.9970713
v 7.669921 14.0 4.9970713
v 7.999999 16.0 5.0
v 7.999999 14.0 5.0
v 6.999999 16.0 4.0
v 6.999999 14.0 4.0
v 7.210937 14.0 4.098633
v 7.210937 16.0 4.098633
v 8.7890625 -11.0 2.098633
v 8.330079 -11.0 2.997071
v 8.330079 -16.0 2.997071
v 8.7890625 -16.0 2.098633
v 8.000001 -11.0 3.0
v 8.000001 -16.0 3.0
v 8.7890625 -11.0 2.098633
v 8.7890625 -16.0 2.098633
v 9.000001 -16.0 2.0
v 9.000001 -11.0 2.0
v 8.6875 -10.062499 2.0
v 8.0 -9.999999 2.0
v 8.0 -10.2109375 2.098633
v 8.5 -10.249999 2.098633
v 9.0 -10.999999 2.0
v 8.9375 -10.374999 2.0
v 8.75 -10.562499 2.098633
v 8.7890625 -10.999999 2.098633
v 8.7890625 -10.999999 2.098633
v 8.75 -10.562499 2.098633
v 8.330078 -10.999999 2.997071
v 8.5 -10.249999 2.098633
v 8.0 -10.669921 2.997071
v 8.0 -10.2109375 2.098633
v 8.0 -10.669921 2.997071
v 8.0 -10.999999 3.0
v 8.330078 -10.999999 2.997071
v 9.0 -10.999999 2.0
v 9.0 -9.999999 2.0
v 8.0 -10.999999 2.0
v 8.0 -9.999999 2.0
v 8.0 -10.223633 2.1269531
v 8.0 -10.015625 2.1074219
v 8.0 -9.837891 1.605469
v 8.0 -9.707031 1.523438
v 9.0 -10.015625 2.1074219
v 9.0 -9.837891 1.605469
v 9.0 -10.223633 2.1269531
v 9.0 -9.707031 1.523438
v 8.0 -10.0 1.5
v 8.0 -9.6875 1.5
v 8.0 -9.375 1.5
v 9.0 -10.0 1.5
v 9.0 -9.6875 1.5
v 9.0 -9.375 1.5
v 10.0 -4.0 3.0
v 8.0 -4.0 3.0
v 8.0 -6.0 3.0
v 10.0 -6.0 3.0
v 11.0 -2.987076 6.083984
v 7.0 -2.987076 6.083984
v 7.0 -5.534927 3.0
v 11.0 -5.534927 3.0
v 10.0 -2.0 3.0
v 8.0 -2.0 3.0
v 8.0 -4.0 3.0
v 10.0 -4.0 3.0
v 11.0 -0.98707604 6.083984
v 7.0 -0.98707604 6.083984
v 7.0 -3.534927 3.0
v 11.0 -3.534927 3.0
v 10.0 0.0 3.0
v 8.0 0.0 3.0
v 8.0 -2.0 3.0
v 10.0 -2.0 3.0
v 11.0 1.012924 6.083984
v 7.0 1.012924 6.083984
v 7.0 -1.534927 3.0
v 11.0 -1.534927 3.0
v 13.0 13.210937 4.098633
v 13.0 13.669921 4.9970713
v 8.0 13.669921 4.9970713
v 8.0 13.210937 4.098633
v 13.0 13.999999 5.0
v 8.0 13.999999 5.0
v 13.0 13.210937 4.098633
v 8.0 13.210937 4.098633
v 8.0 12.999999 4.0
v 13.0 12.999999 4.0
v 8.3125 14.062499 5.0
v 9.0 13.999999 5.0
v 9.0 14.210937 5.098633
v 8.5 14.249999 5.098633
v 8.0 14.999999 5.0
v 8.0625 14.374999 5.0
v 8.25 14.562499 5.098633
v 8.2109375 14.999999 5.098633
v 8.2109375 14.999999 5.098633
v 8.25 14.562499 5.098633
v 8.669922 14.999999 5.9970713
v 8.5 14.249999 5.098633
v 9.0 14.669921 5.9970713
v 9.0 14.210937 5.098633
v 9.0 14.669921 5.9970713
v 9.0 14.999999 6.0
v 8.669922 14.999999 5.9970713
v 8.0 14.999999 5.0
v 8.0 13.999999 5.0
v 9.0 14.999999 5.0
v 9.0 13.999999 5.0
v 8.2109375 15.0 5.098633
v 8.669921 15.0 5.9970713
v 8.669921 16.0 5.9970713
v 8.2109375 16.0 5.098633
v 8.999999 15.0 6.0
v 8.999999 16.0 6.0
v 8.2109375 15.0 5.098633
v 8.2109375 16.0 5.098633
v 7.999999 16.0 5.0
v 7.999999 15.0 5.0
v 8.776367 -16.0 2.1269531
v 8.984375 -16.0 2.1074219
v 9.162109 -16.0 1.605469
v 9.292969 -16.0 1.523438
v 8.776367 -10.0 2.1269531
v 9.292969 -10.0 1.523438
v 8.984375 -10.0 2.1074219
v 9.162109 -10.0 1.605469
v 9.625 -16.0 1.5
v 9.3125 -16.0 1.5
v 9.0 -16.0 1.5
v 9.625 -10.0 1.5
v 9.3125 -10.0 1.5
v 9.0 -10.0 1.5
v 9.0 -9.6875 1.500001
v 9.3125 -10.0 1.500001
v 9.625 -10.0 1.500001
v 9.0 -9.375 1.500001
v 9.0 -10.0 1.500001
v 9.3125 -10.0 1.500001
v 9.0 -9.6875 1.500001
v 9.0 -10.015625 2.107423
v 9.088867 -9.837891 1.60547
v 9.151367 -9.707032 1.5234389
v 9.292969 -9.851562 1.5234389
v 9.151367 -9.707032 1.5234389
v 9.162109 -9.914062 1.60547
v 9.088867 -9.837891 1.60547
v 9.0 -10.015625 2.107423
v 9.0 -10.015625 2.107423
v 9.0 -10.015625 2.107423
v 9.162109 -9.914062 1.60547
v 9.292969 -9.851562 1.5234389
v 9.0 -9.837891 1.60547
v 9.0 -9.707032 1.5234389
v 9.0 -10.015625 2.107423
v 9.0 -10.015625 2.107423
v 9.162109 -10.0 1.60547
v 9.292969 -10.0 1.5234389
v 10.0 -7.2929688 1.523438
v 9.0 -6.776367 2.1269531
v 10.0 -6.776367 2.1269531
v 9.0 -6.984375 2.1074219
v 10.0 -6.984375 2.1074219
v 9.0 -7.16211 1.605469
v 10.0 -7.16211 1.605469
v 9.0 -7.2929688 1.523438
v 9.0 -7.625 1.5
v 10.0 -7.3125 1.5
v 9.0 -7.3125 1.5
v 10.0 -7.0 1.5
v 9.0 -7.0 1.5
v 10.0 -7.625 1.5
v 9.0 5.276367 3.1269531
v 9.708008 5.276367 3.1269531
v 9.0 5.484375 3.1074219
v 9.708008 5.484375 3.1074219
v 9.0 5.662109 2.605469
v 9.708008 5.662109 2.605469
v 9.0 5.792969 2.523438
v 9.707031 5.793945 2.523438
v 10.223633 5.789062 3.1269531
v 10.223633 6.0 3.1269531
v 10.015625 5.789062 3.1074219
v 10.015625 6.0 3.1074219
v 9.837891 5.789062 2.605469
v 9.837891 6.0 2.605469
v 9.707031 5.793945 2.523438
v 9.707031 6.0 2.523438
v 10.223633 6.0 3.1269531
v 10.223633 7.0 3.1269531
v 10.015625 6.0 3.1074219
v 10.015625 7.0 3.1074219
v 9.837891 6.0 2.605469
v 9.837891 7.0 2.605469
v 9.707031 6.0 2.523438
v 9.707031 7.0 2.523438
v 9.708008 5.484375 3.1074219
v 10.015625 5.789062 3.1074219
v 9.708008 5.662109 2.605469
v 9.837891 5.789062 2.605469
v 10.22168 5.50293 3.1269531
v 10.015625 5.789062 3.1074219
v 9.708008 5.484375 3.1074219
v 9.994141 5.276367 3.1269531
v 10.22168 5.50293 3.1269531
v 10.223633 5.789062 3.1269531
v 10.015625 5.789062 3.1074219
v 9.994141 5.276367 3.1269531
v 9.708008 5.484375 3.1074219
v 9.708008 5.276367 3.1269531
v 9.707031 5.793945 2.523438
v 9.708008 5.662109 2.605469
v 9.837891 5.789062 2.605469
v 9.375 7.0 2.5
v 9.375 6.5 2.5
v 9.6875 7.0 2.5
v 9.6875 6.5 2.5
v 10.0 7.0 2.5
v 10.0 6.5 2.5
v 10.0 6.5 2.5
v 9.6875 6.5 2.5
v 10.0 5.5 2.5
v 9.0 5.8125 2.5
v 9.0 5.5 2.5
v 9.375 6.5 2.5
v 9.0 6.125 2.5
v 9.0 5.8125 2.5
v 9.6875 6.5 2.5
v 10.223633 7.0 3.1269531
v 10.015625 7.0 3.1074219
v 9.837891 7.0 2.605469
v 9.707031 7.0 2.523438
v 10.223633 9.0 3.1269531
v 9.707031 9.0 2.523438
v 10.015625 9.0 3.1074219
v 9.837891 9.0 2.605469
v 9.375 7.0 2.5
v 9.6875 7.0 2.5
v 10.0 7.0 2.5
v 9.375 9.0 2.5
v 9.6875 9.0 2.5
v 10.0 9.0 2.5
v 10.223633 9.0 3.126953
v 10.223633 9.708008 3.126953
v 10.015625 9.0 3.107422
v 10.015625 9.708008 3.107422
v 9.837891 9.0 2.605469
v 9.837891 9.708008 2.605469
v 9.707031 9.0 2.523438
v 9.706055 9.707031 2.523438
v 9.7109375 10.223633 3.126953
v 9.0 10.223633 3.126953
v 9.7109375 10.015625 3.107422
v 9.0 10.015625 3.107422
v 9.7109375 9.83789 2.605469
v 9.0 9.83789 2.605469
v 9.706055 9.707031 2.523438
v 9.0 9.707031 2.523438
v 10.015625 9.708008 3.107422
v 9.7109375 10.015625 3.107422
v 9.837891 9.708008 2.605469
v 9.7109375 9.83789 2.605469
v 9.99707 10.22168 3.126953
v 9.7109375 10.015625 3.107422
v 10.015625 9.708008 3.107422
v 10.223633 9.99414 3.126953
v 9.99707 10.22168 3.126953
v 9.7109375 10.223633 3.126953
v 9.7109375 10.015625 3.107422
v 10.223633 9.99414 3.126953
v 10.015625 9.708008 3.107422
v 10.223633 9.708008 3.126953
v 9.706055 9.707031 2.523438
v 9.837891 9.708008 2.605469
v 9.7109375 9.83789 2.605469
v 9.0 10.0 2.5
v 9.0 9.6875 2.5
v 10.0 10.0 2.5
v 9.6875 9.0 2.5
v 10.0 9.0 2.5
v 9.0 9.375 2.5
v 9.375 9.0 2.5
v 9.6875 9.0 2.5
v 9.0 9.6875 2.5
v 14.0 14.210937 5.098633
v 14.0 14.669921 5.9970713
v 9.0 14.669921 5.9970713
v 9.0 14.210937 5.098633
v 14.0 14.999999 6.0
v 9.0 14.999999 6.0
v 14.0 14.210937 5.098633
v 9.0 14.210937 5.098633
v 9.0 13.999999 5.0
v 14.0 13.999999 5.0
v 9.3125 15.062499 6.0
v 10.0 14.999999 6.0
v 10.0 15.210937 6.098633
v 9.5 15.249999 6.098633
v 9.0 15.999999 6.0
v 9.0625 15.374999 6.0
v 9.25 15.562499 6.098633
v 9.2109375 15.999999 6.098633
v 9.2109375 15.999999 6.098633
v 9.25 15.562499 6.098633
v 9.669922 15.999999 6.9970713
v 9.5 15.249999 6.098633
v 10.0 15.669921 6.9970713
v 10.0 15.210937 6.098633
v 10.0 15.669921 6.9970713
v 10.0 15.999999 7.0
v 9.669922 15.999999 6.9970713
v 9.0 15.999999 6.0
v 9.0 14.999999 6.0
v 10.0 15.999999 6.0
v 10.0 14.999999 6.0
v 11.0 -14.3125 1.500001
v 10.6875 -14.0 1.500001
v 10.375 -14.0 1.500001
v 11.0 -14.625 1.500001
v 11.0 -14.0 1.500001
v 10.6875 -14.0 1.500001
v 11.0 -14.3125 1.500001
v 11.0 -13.984375 2.107423
v 10.911133 -14.162109 1.60547
v 10.848633 -14.292968 1.5234389
v 10.707031 -14.1484375 1.5234389
v 10.848633 -14.292968 1.5234389
v 10.837891 -14.0859375 1.60547
v 10.911133 -14.162109 1.60547
v 11.0 -13.984375 2.107423
v 11.0 -13.984375 2.107423
v 11.0 -13.984375 2.107423
v 10.837891 -14.0859375 1.60547
v 10.707031 -14.1484375 1.5234389
v 11.0 -14.162109 1.60547
v 11.0 -14.292968 1.5234389
v 11.0 -13.984375 2.107423
v 11.0 -13.984375 2.107423
v 10.837891 -14.0 1.60547
v 10.707031 -14.0 1.5234389
v 11.223633 -14.0 2.1269531
v 11.015625 -14.0 2.1074219
v 10.837891 -14.0 1.605469
v 10.707031 -14.0 1.523438
v 11.223633 -8.0 2.1269531
v 10.707031 -8.0 1.523438
v 11.015625 -8.0 2.1074219
v 10.837891 -8.0 1.605469
v 10.375 -14.0 1.5
v 10.6875 -14.0 1.5
v 11.0 -14.0 1.5
v 10.375 -8.0 1.5
v 10.6875 -8.0 1.5
v 11.0 -8.0 1.5
v 11.223633 -8.0 2.126953
v 11.223633 -7.291992 2.126953
v 11.015625 -8.0 2.107422
v 11.015625 -7.291992 2.107422
v 10.837891 -8.0 1.605469
v 10.837891 -7.291992 1.605469
v 10.707031 -8.0 1.523438
v 10.706055 -7.2929688 1.523438
v 10.7109375 -6.776367 2.126953
v 10.0 -6.776367 2.126953
v 10.7109375 -6.984375 2.107422
v 10.0 -6.984375 2.107422
v 10.7109375 -7.16211 1.605469
v 10.0 -7.16211 1.605469
v 10.706055 -7.2929688 1.523438
v 10.0 -7.2929688 1.523438
v 11.015625 -7.291992 2.107422
v 10.7109375 -6.984375 2.107422
v 10.837891 -7.291992 1.605469
v 10.7109375 -7.16211 1.605469
v 10.99707 -6.77832 2.126953
v 10.7109375 -6.984375 2.107422
v 11.015625 -7.291992 2.107422
v 11.223633 -7.00586 2.126953
v 10.99707 -6.77832 2.126953
v 10.7109375 -6.776367 2.126953
v 10.7109375 -6.984375 2.107422
v 11.223633 -7.00586 2.126953
v 11.015625 -7.291992 2.107422
v 11.223633 -7.291992 2.126953
v 10.706055 -7.2929688 1.523438
v 10.837891 -7.291992 1.605469
v 10.7109375 -7.16211 1.605469
v 10.0 -7.0 1.5
v 10.0 -7.3125 1.5
v 11.0 -7.0 1.5
v 10.6875 -8.0 1.5
v 11.0 -8.0 1.5
v 10.0 -7.625 1.5
v 10.375 -8.0 1.5
v 10.6875 -8.0 1.5
v 10.0 -7.3125 1.5
v 11.0 -6.789063 2.098633
v 11.0 -6.330079 2.997071
v 10.0 -6.330079 2.997071
v 10.0 -6.789063 2.098633
v 11.0 -6.000001 3.0
v 10.0 -6.000001 3.0
v 11.0 -6.789063 2.098633
v 10.0 -6.789063 2.098633
v 10.0 -7.000001 2.0
v 11.0 -7.000001 2.0
v 10.0 -6.0 3.0
v 12.0 -6.0 3.0
v 12.0 -4.0 3.0
v 10.0 -4.0 3.0
v 9.0 -5.625 3.0
v 13.0 -5.625 3.0
v 13.0 -3.077149 6.083984
v 9.0 -3.077149 6.083984
v 10.0 -4.0 3.0
v 12.0 -4.0 3.0
v 12.0 -2.0 3.0
v 10.0 -2.0 3.0
v 9.0 -3.625 3.0
v 13.0 -3.625 3.0
v 13.0 -1.0771489 6.083984
v 9.0 -1.0771489 6.083984
v 10.0 -2.0 3.0
v 12.0 -2.0 3.0
v 12.0 0.0 3.0
v 10.0 0.0 3.0
v 9.0 -1.625 3.0
v 13.0 -1.625 3.0
v 13.0 0.9228511 6.083984
v 9.0 0.9228511 6.083984
v 11.0 10.0 3.0
v 10.0 10.0 3.0
v 10.0 2.0 3.0
v 11.0 2.0 3.0
v 12.0 10.0 3.0
v 12.0 12.0 3.0
v 10.0 12.0 3.0
v 10.0 10.0 3.0
v 15.0 15.210937 6.098633
v 15.0 15.669921 6.9970713
v 10.0 15.669921 6.9970713
v 10.0 15.210937 6.098633
v 15.0 15.999999 7.0
v 10.0 15.999999 7.0
v 15.0 15.210937 6.098633
v 10.0 15.210937 6.098633
v 10.0 14.999999 6.0
v 15.0 14.999999 6.0
v 16.0 -14.292969 1.523438
v 11.0 -13.776367 2.1269531
v 16.0 -13.776367 2.1269531
v 11.0 -13.984375 2.1074219
v 16.0 -13.984375 2.1074219
v 11.0 -14.16211 1.605469
v 16.0 -14.16211 1.605469
v 11.0 -14.292969 1.523438
v 11.0 -14.625 1.5
v 16.0 -14.3125 1.5
v 11.0 -14.3125 1.5
v 16.0 -14.0 1.5
v 11.0 -14.0 1.5
v 16.0 -14.625 1.5
v 11.3125 -13.937501 2.0
v 12.0 -14.000001 2.0
v 12.0 -13.789063 2.098633
v 11.5 -13.750001 2.098633
v 11.0 -13.000001 2.0
v 11.0625 -13.625001 2.0
v 11.25 -13.437501 2.098633
v 11.2109375 -13.000001 2.098633
v 11.2109375 -13.000001 2.098633
v 11.25 -13.437501 2.098633
v 11.669922 -13.000001 2.997071
v 11.5 -13.750001 2.098633
v 12.0 -13.330079 2.997071
v 12.0 -13.789063 2.098633
v 12.0 -13.330079 2.997071
v 12.0 -13.000001 3.0
v 11.669922 -13.000001 2.997071
v 11.0 -13.000001 2.0
v 11.0 -14.000001 2.0
v 12.0 -13.000001 2.0
v 12.0 -14.000001 2.0
v 11.2109375 -13.0 2.098633
v 11.669921 -13.0 2.997071
v 11.669921 -7.0 2.997071
v 11.2109375 -7.0 2.098633
v 11.999999 -13.0 3.0
v 11.999999 -7.0 3.0
v 11.2109375 -13.0 2.098633
v 11.2109375 -7.0 2.098633
v 10.999999 -7.0 2.0
v 10.999999 -13.0 2.0
v 11.0 -6.789064 2.098632
v 11.105468 -6.894532 2.098632
v 11.66992 -6.33008 2.997068
v 11.0 -6.33008 2.997068
v 11.210936 -7.0 2.098632
v 11.210936 -7.0 2.098632
v 11.105468 -6.894532 2.098632
v 11.0 -7.0 2.0
v 11.0 -6.789064 2.098632
v 11.66992 -7.0 2.997068
v 11.66992 -6.33008 2.997068
v 11.210936 -7.0 2.098632
v 11.0 -6.33008 2.997068
v 11.66992 -6.33008 2.997068
v 12.0 -6.0 3.0
v 11.0 -6.0 3.0
v 11.66992 -7.0 2.997068
v 12.0 -7.0 3.0
v 12.0 9.0 3.0
v 11.0 9.0 3.0
v 11.0 2.0 3.0
v 12.0 2.0 3.0
v 12.0 9.0 3.0
v 12.0 10.0 3.0
v 11.0 10.0 3.0
v 11.0 9.0 3.0
v 16.0 -13.789063 2.098633
v 16.0 -13.330079 2.997071
v 12.0 -13.330079 2.997071
v 12.0 -13.789063 2.098633
v 16.0 -13.000001 3.0
v 12.0 -13.000001 3.0
v 16.0 -13.789063 2.098633
v 12.0 -13.789063 2.098633
v 12.0 -14.000001 2.0
v 16.0 -14.000001 2.0
v 12.3125 -12.937501 3.0
v 13.0 -13.000001 3.0
v 13.0 -12.789063 3.098633
v 12.5 -12.750001 3.098633
v 12.0 -12.000001 3.0
v 12.0625 -12.625001 3.0
v 12.25 -12.437501 3.098633
v 12.2109375 -12.000001 3.098633
v 12.2109375 -12.000001 3.098633
v 12.25 -12.437501 3.098633
v 12.669922 -12.000001 3.997071
v 12.5 -12.750001 3.098633
v 13.0 -12.330079 3.997071
v 13.0 -12.789063 3.098633
v 13.0 -12.330079 3.997071
v 13.0 -12.000001 4.0
v 12.669922 -12.000001 3.997071
v 12.0 -12.000001 3.0
v 12.0 -13.000001 3.0
v 13.0 -12.000001 3.0
v 13.0 -13.000001 3.0
v 12.2109375 -12.0 3.098633
v 12.669921 -12.0 3.997071
v 12.669921 -6.0 3.997071
v 12.2109375 -6.0 3.098633
v 12.999999 -12.0 4.0
v 12.999999 -6.0 4.0
v 12.2109375 -12.0 3.098633
v 12.2109375 -6.0 3.098633
v 11.999999 -6.0 3.0
v 11.999999 -12.0 3.0
v 12.2109375 2.0 3.098633
v 12.2109375 -6.0 3.098633
v 12.669921 2.0 3.997071
v 12.669921 -6.0 3.997071
v 12.999999 2.0 4.0
v 12.999999 -6.0 4.0
v 11.999999 2.0 3.0
v 11.999999 -6.0 3.0
v 12.2109375 -6.0 3.098633
v 12.2109375 2.0 3.098633
v 12.2109375 10.0 3.098633
v 12.2109375 2.0 3.098633
v 12.669921 10.0 3.997071
v 12.669921 2.0 3.997071
v 12.999999 10.0 4.0
v 12.999999 2.0 4.0
v 11.999999 10.0 3.0
v 11.999999 2.0 3.0
v 12.2109375 2.0 3.098633
v 12.2109375 10.0 3.098633
v 12.2109375 12.0 3.098633
v 12.2109375 10.0 3.098633
v 12.669921 12.0 3.997071
v 12.669921 10.0 3.997071
v 12.999999 12.0 4.0
v 12.999999 10.0 4.0
v 11.999999 12.0 3.0
v 11.999999 10.0 3.0
v 12.2109375 10.0 3.098633
v 12.2109375 12.0 3.098633
v 12.0 12.210936 3.098632
v 12.105468 12.105468 3.098632
v 12.66992 12.66992 3.997068
v 12.0 12.66992 3.997068
v 12.210936 12.0 3.098632
v 12.210936 12.0 3.098632
v 12.105468 12.105468 3.098632
v 12.0 12.0 3.0
v 12.0 12.210936 3.098632
v 12.66992 12.0 3.997068
v 12.66992 12.66992 3.997068
v 12.210936 12.0 3.098632
v 12.0 12.66992 3.997068
v 12.66992 12.66992 3.997068
v 13.0 13.0 4.0
v 12.0 13.0 4.0
v 12.66992 12.0 3.997068
v 13.0 12.0 4.0
v 16.0 -12.789063 3.098633
v 16.0 -12.330079 3.997071
v 13.0 -12.330079 3.997071
v 13.0 -12.789063 3.098633
v 16.0 -12.000001 4.0
v 13.0 -12.000001 4.0
v 16.0 -12.789063 3.098633
v 13.0 -12.789063 3.098633
v 13.0 -13.000001 3.0
v 16.0 -13.000001 3.0
v 13.3125 -11.937501 4.0
v 14.0 -12.000001 4.0
v 14.0 -11.789063 4.098633
v 13.5 -11.750001 4.098633
v 13.0 -11.000001 4.0
v 13.0625 -11.625001 4.0
v 13.25 -11.437501 4.098633
v 13.2109375 -11.000001 4.098633
v 13.2109375 -11.000001 4.098633
v 13.25 -11.437501 4.098633
v 13.669922 -11.000001 4.9970713
v 13.5 -11.750001 4.098633
v 14.0 -11.330079 4.9970713
v 14.0 -11.789063 4.098633
v 14.0 -11.330079 4.9970713
v 14.0 -11.000001 5.0
v 13.669922 -11.000001 4.9970713
v 13.0 -11.000001 4.0
v 13.0 -12.000001 4.0
v 14.0 -11.000001 4.0
v 14.0 -12.000001 4.0
v 13.2109375 -11.0 4.098633
v 13.669921 -11.0 4.9970713
v 13.669921 -3.0 4.9970713
v 13.2109375 -3.0 4.098633
v 13.999999 -11.0 5.0
v 13.999999 -3.0 5.0
v 13.2109375 -11.0 4.098633
v 13.2109375 -3.0 4.098633
v 12.999999 -3.0 4.0
v 12.999999 -11.0 4.0
v 13.2109375 -3.0 4.098633
v 13.669921 -3.0 4.9970713
v 13.669921 5.0 4.9970713
v 13.2109375 5.0 4.098633
v 13.999999 -3.0 5.0
v 13.999999 5.0 5.0
v 13.2109375 -3.0 4.098633
v 13.2109375 5.0 4.098633
v 12.999999 5.0 4.0
v 12.999999 -3.0 4.0
v 13.2109375 5.0 4.098633
v 13.669921 5.0 4.9970713
v 13.669921 13.0 4.9970713
v 13.2109375 13.0 4.098633
v 13.999999 5.0 5.0
v 13.999999 13.0 5.0
v 13.2109375 5.0 4.098633
v 13.2109375 13.0 4.098633
v 12.999999 13.0 4.0
v 12.999999 5.0 4.0
v 13.0 13.210936 4.098632
v 13.105468 13.105468 4.098632
v 13.66992 13.66992 4.997068
v 13.0 13.66992 4.997068
v 13.210936 13.0 4.098632
v 13.210936 13.0 4.098632
v 13.105468 13.105468 4.098632
v 13.0 13.0 4.0
v 13.0 13.210936 4.098632
v 13.66992 13.0 4.997068
v 13.66992 13.66992 4.997068
v 13.210936 13.0 4.098632
v 13.0 13.66992 4.997068
v 13.66992 13.66992 4.997068
v 14.0 14.0 5.0
v 13.0 14.0 5.0
v 13.66992 13.0 4.997068
v 14.0 13.0 5.0
v 16.0 -11.789063 4.098633
v 16.0 -11.330079 4.9970713
v 14.0 -11.330079 4.9970713
v 14.0 -11.789063 4.098633
v 16.0 -11.000001 5.0
v 14.0 -11.000001 5.0
v 16.0 -11.789063 4.098633
v 14.0 -11.789063 4.098633
v 14.0 -12.000001 4.0
v 16.0 -12.000001 4.0
v 14.3125 -10.937501 5.0
v 15.0 -11.000001 5.0
v 15.0 -10.789063 5.098633
v 14.5 -10.750001 5.098633
v 14.0 -10.000001 5.0
v 14.0625 -10.625001 5.0
v 14.25 -10.437501 5.098633
v 14.2109375 -10.000001 5.098633
v 14.2109375 -10.000001 5.098633
v 14.25 -10.437501 5.098633
v 14.669922 -10.000001 5.9970713
v 14.5 -10.750001 5.098633
v 15.0 -10.330079 5.9970713
v 15.0 -10.789063 5.098633
v 15.0 -10.330079 5.9970713
v 15.0 -10.000001 6.0
v 14.669922 -10.000001 5.9970713
v 14.0 -10.000001 5.0
v 14.0 -11.000001 5.0
v 15.0 -10.000001 5.0
v 15.0 -11.000001 5.0
v 14.2109375 -10.0 5.098633
v 14.669921 -10.0 5.9970713
v 14.669921 -2.0 5.9970713
v 14.2109375 -2.0 5.098633
v 14.999999 -10.0 6.0
v 14.999999 -2.0 6.0
v 14.2109375 -10.0 5.098633
v 14.2109375 -2.0 5.098633
v 13.999999 -2.0 5.0
v 13.999999 -10.0 5.0
v 14.2109375 -2.0 5.098633
v 14.669921 -2.0 5.9970713
v 14.669921 6.0 5.9970713
v 14.2109375 6.0 5.098633
v 14.999999 -2.0 6.0
v 14.999999 6.0 6.0
v 14.2109375 -2.0 5.098633
v 14.2109375 6.0 5.098633
v 13.999999 6.0 5.0
v 13.999999 -2.0 5.0
v 14.2109375 6.0 5.098633
v 14.669921 6.0 5.9970713
v 14.669921 14.0 5.9970713
v 14.2109375 14.0 5.098633
v 14.999999 6.0 6.0
v 14.999999 14.0 6.0
v 14.2109375 6.0 5.098633
v 14.2109375 14.0 5.098633
v 13.999999 14.0 5.0
v 13.999999 6.0 5.0
v 14.0 14.210936 5.098632
v 14.105468 14.105468 5.098632
v 14.66992 14.66992 5.997068
v 14.0 14.66992 5.997068
v 14.210936 14.0 5.098632
v 14.210936 14.0 5.098632
v 14.105468 14.105468 5.098632
v 14.0 14.0 5.0
v 14.0 14.210936 5.098632
v 14.66992 14.0 5.997068
v 14.66992 14.66992 5.997068
v 14.210936 14.0 5.098632
v 14.0 14.66992 5.997068
v 14.66992 14.66992 5.997068
v 15.0 15.0 6.0
v 14.0 15.0 6.0
v 14.66992 14.0 5.997068
v 15.0 14.0 6.0
v 16.0 -10.789063 5.098633
v 16.0 -10.330079 5.9970713
v 15.0 -10.330079 5.9970713
v 15.0 -10.789063 5.098633
v 16.0 -10.000001 6.0
v 15.0 -10.000001 6.0
v 16.0 -10.789063 5.098633
v 15.0 -10.789063 5.098633
v 15.0 -11.000001 5.0
v 16.0 -11.000001 5.0
v 15.3125 -9.937501 6.0
v 16.0 -10.000001 6.0
v 16.0 -9.789063 6.098633
v 15.5 -9.750001 6.098633
v 15.0 -9.000001 6.0
v 15.0625 -9.625001 6.0
v 15.25 -9.437501 6.098633
v 15.2109375 -9.000001 6.098633
v 15.2109375 -9.000001 6.098633
v 15.25 -9.437501 6.098633
v 15.669922 -9.000001 6.9970713
v 15.5 -9.750001 6.098633
v 16.0 -9.330079 6.9970713
v 16.0 -9.789063 6.098633
v 16.0 -9.330079 6.9970713
v 16.0 -9.000001 7.0
v 15.669922 -9.000001 6.9970713
v 15.0 -9.000001 6.0
v 15.0 -10.000001 6.0
v 16.0 -9.000001 6.0
v 16.0 -10.000001 6.0
v 15.2109375 -9.0 6.098633
v 15.669921 -9.0 6.9970713
v 15.669921 -1.0 6.9970713
v 15.2109375 -1.0 6.098633
v 15.999999 -9.0 7.0
v 15.999999 -1.0 7.0
v 15.2109375 -9.0 6.098633
v 15.2109375 -1.0 6.098633
v 14.999999 -1.0 6.0
v 14.999999 -9.0 6.0
v 15.2109375 -1.0 6.098633
v 15.669921 -1.0 6.9970713
v 15.669921 7.0 6.9970713
v 15.2109375 7.0 6.098633
v 15.999999 -1.0 7.0
v 15.999999 7.0 7.0
v 15.2109375 -1.0 6.098633
v 15.2109375 7.0 6.098633
v 14.999999 7.0 6.0
v 14.999999 -1.0 6.0
v 15.2109375 7.0 6.098633
v 15.669921 7.0 6.9970713
v 15.669921 15.0 6.9970713
v 15.2109375 15.0 6.098633
v 15.999999 7.0 7.0
v 15.999999 15.0 7.0
v 15.2109375 7.0 6.098633
v 15.2109375 15.0 6.098633
v 14.999999 15.0 6.0
v 14.999999 7.0 6.0
v 15.0 15.210936 6.098632
v 15.105468 15.105468 6.098632
v 15.66992 15.66992 6.997068
v 15.0 15.66992 6.997068
v 15.210936 15.0 6.098632
v 15.210936 15.0 6.098632
v 15.105468 15.105468 6.098632
v 15.0 15.0 6.0
v 15.0 15.210936 6.098632
v 15.66992 15.0 6.997068
v 15.66992 15.66992 6.997068
v 15.210936 15.0 6.098632
v 15.0 15.66992 6.997068
v 15.66992 15.66992 6.997068
v 16.0 16.0 7.0
v 15.0 16.0 7.0
v 15.66992 15.0 6.997068
v 16.0 15.0 7.0
v -15.0 0.0 3.0625
v -14.0 0.0 3.0625
v -14.0 1.0 3.0625
v -15.0 1.0 3.0625
v -13.0 1.0 3.0625
v -12.0 1.0 3.0625
v -12.0 2.0 3.0625
v -13.0 2.0 3.0625
v -11.0 6.0 3.0625
v -11.0 7.0 3.0625
v -11.25 7.0 3.0625
v -11.25 6.0 3.0625
v -12.0 7.0 3.0625
v -12.0 6.0 3.0625
v -11.25 7.0 3.0625
v -12.0 7.0 3.0625
v -11.25 8.0 3.062501
v -12.0 8.0 3.062501
v -11.25 8.0 3.062501
v -11.25 9.0 3.062501
v -12.0 9.0 3.062501
v -12.0 8.0 3.062501
v -7.0 7.0 3.0625
v -11.0 7.0 3.0625
v -11.0 6.0 3.0625
v -7.0 6.0 3.0625
v -10.0 9.0 3.0625
v -9.0 9.0 3.0625
v -9.0 10.0 3.0625
v -10.0 10.0 3.0625
v -9.0 -2.0 3.0625
v -8.0 -2.0 3.0625
v -8.0 -1.0 3.0625
v -9.0 -1.0 3.0625
v -8.0 -4.0 3.0625
v -7.0 -4.0 3.0625
v -7.0 -3.0 3.0625
v -8.0 -3.0 3.0625
v -6.0 7.0 3.0625
v -7.0 7.0 3.0625
v -7.0 6.0 3.0625
v -6.0 6.0 3.0625
v -7.0 7.0 3.0625
v -6.0 7.0 3.0625
v -6.0 8.0 3.0625
v -7.0 8.0 3.0625
v -3.0 8.0 1.4
v -5.0 8.0 1.4
v -5.0 0.0 1.4
v -3.0 0.0 1.4
v -3.0 12.0 1.4
v -5.0 12.0 1.4
v -5.0 8.0 1.4
v -3.0 8.0 1.4
v -1.0 0.0 1.4
v -3.0 0.0 1.4
v -3.0 -8.0 1.4
v -1.0 -8.0 1.4
v -1.0 3.0 1.4
v -3.0 3.0 1.4
v -3.0 0.0 1.4
v -1.0 0.0 1.4
v 0.0 16.0 1.4
v -3.0 16.0 1.4
v -3.0 10.0 1.4
v 0.0 10.0 1.4
v 1.0 -2.0 1.4
v -1.0 -2.0 1.4
v -1.0 -10.0 1.4
v 1.0 -10.0 1.4
v 1.0 -1.0 1.4
v -1.0 -1.0 1.4
v -1.0 -2.0 1.4
v 1.0 -2.0 1.4
v 9.0 -7.0 1.4
v 1.0 -7.0 1.4
v 1.0 -10.0 1.4
v 9.0 -10.0 1.4
v 1.0 9.0 3.0625
v 2.0 9.0 3.0625
v 2.0 10.0 3.0625
v 1.0 10.0 3.0625
v 1.0 10.0 3.0625
v 2.0 10.0 3.0625
v 2.0 11.0 3.0625
v 1.0 11.0 3.0625
v 1.0 11.0 3.0625
v 2.0 11.0 3.0625
v 2.0 12.0 3.0625
v 1.0 12.0 3.0625
v 2.0 13.125 4.125
v 1.5 13.125 4.125
v 1.5 12.625 4.125
v 2.0 12.625 4.125
v 2.0 16.125 4.125
v 1.5 16.125 4.125
v 1.5 13.125 4.125
v 2.0 13.125 4.125
v 2.0 -6.0 3.0625
v 3.0 -6.0 3.0625
v 3.0 -5.0 3.0625
v 2.0 -5.0 3.0625
v 2.0 -1.0 3.0625
v 2.0 -2.0 3.0625
v 3.0 -2.0 3.0625
v 3.0 -1.0 3.0625
v 2.0 11.0 3.0625
v 3.0 11.0 3.0625
v 3.0 12.0 3.0625
v 2.0 12.0 3.0625
v 7.0 13.125 4.125
v 2.0 13.125 4.125
v 2.0 12.625 4.125
v 7.0 12.625 4.125
v 7.0 16.125 4.125
v 2.0 16.125 4.125
v 2.0 13.125 4.125
v 7.0 13.125 4.125
v 5.0 -1.0 3.0625
v 3.0 -1.0 3.0625
v 3.0 -2.0 3.0625
v 5.0 -2.0 3.0625
v 4.0 -6.0 3.0625
v 5.0 -6.0 3.0625
v 5.0 -5.0 3.0625
v 4.0 -5.0 3.0625
v 4.0 -4.0 3.0625
v 5.0 -4.0 3.0625
v 5.0 -3.0 3.0625
v 4.0 -3.0 3.0625
v 10.0 10.0 2.4
v 4.0 10.0 2.4
v 4.0 6.0 2.4
v 10.0 6.0 2.4
v 5.0 -6.0 3.0625
v 6.0 -6.0 3.0625
v 6.0 -5.0 3.0625
v 5.0 -5.0 3.0625
v 5.0 -5.0 3.0625
v 6.0 -5.0 3.0625
v 6.0 -4.0 3.0625
v 5.0 -4.0 3.0625
v 6.0 -1.0 3.0625
v 5.0 -1.0 3.0625
v 5.0 -2.0 3.0625
v 6.0 -2.0 3.0625
v 7.5 13.125 4.125001
v 7.0 13.125 4.125001
v 7.0 12.625 4.125
v 7.5 12.625 4.125
v 7.5 16.125 4.125001
v 7.0 16.125 4.125001
v 7.0 13.125 4.125001
v 7.5 13.125 4.125001
v 11.0 -8.0 1.4
v 9.0 -8.0 1.4
v 9.0 -16.0 1.4
v 11.0 -16.0 1.4
v 11.0 -7.0 1.4
v 9.0 -7.0 1.4
v 9.0 -8.0 1.4
v 11.0 -8.0 1.4
v 9.0 1.0 3.0625
v 10.0 1.0 3.0625
v 10.0 2.0 3.0625
v 9.0 2.0 3.0625
v 10.0 2.0 3.0625
v 11.0 2.0 3.0625
v 11.0 3.0 3.0625
v 10.0 3.0 3.0625
v 16.0 -14.0 1.4
v 11.0 -14.0 1.4
v 11.0 -16.0 1.4
v 16.0 -16.0 1.4
v 11.0 2.0 3.0625
v 12.0 2.0 3.0625
v 12.0 3.0 3.0625
v 11.0 3.0 3.0625
v 11.0 3.0 3.0625
v 12.0 3.0 3.0625
v 12.0 4.0 3.0625
v 11.0 4.0 3.0625
v 11.0 4.0 3.0625
v 12.0 4.0 3.0625
v 12.0 5.0 3.0625
v 11.0 5.0 3.0625
v -3.9999986 -5.0 3.125
v -3.9999986 -5.0 2.625
v -3.9999986 -4.5 2.625
v -3.9999986 -4.5 3.125
v 2.0 -5.0 2.625
v 2.0 -5.0 3.125
v 2.0 -4.5 3.125
v 2.0 -4.5 2.625
v 2.0 -2.5 3.125
v -3.9999986 -2.5 3.125
v 2.0 -2.0 3.125
v -3.9999986 -2.0 3.125
v 2.0 -2.0 2.625
v -3.9999986 -2.0 2.625
v 2.0 -2.5 2.625
v -3.9999986 -2.5 2.625
vt 0.5 3.4999964
vt 0.0 3.4999964
vt 0.0 -3.5E-6
vt 0.5 -3.5E-6
vt 0.4375 -0.390625
vt 0.285156 -0.390625
vt 0.285156 -0.09375
vt 0.4375 -0.09375
vt 0.4375 -0.390625
vt 0.4375 0.107422
vt 0.285156 0.107422
vt 0.285156 0.017578
vt 0.4375 0.107422
vt 0.4375 -0.09375
vt 0.285156 -0.09375
vt 0.4375 -0.390625
vt 1.0 -0.099609
vt 1.279297 -0.099609
vt 1.5 -0.013672
vt 1.0 -0.013672
vt 1.5 0.986328
vt 1.279297 0.900391
vt 1.0 0.900391
vt 1.0 0.986328
vt 1.5 -0.394531
vt 1.5 -0.097656
vt 0.0 -0.097656
vt 0.0 -0.394531
vt 1.5 -0.015625
vt 0.0 -0.015625
vt 1.5 -0.894531
vt 0.0 -0.894531
vt 0.0 -0.988281
vt 1.5 -0.988281
vt 0.841797 -0.986328
vt 0.998047 -0.986328
vt 0.966797 -0.892578
vt 0.841797 -0.892578
vt 0.498047 -0.986328
vt 0.654297 -0.986328
vt 0.654297 -0.892578
vt 0.529297 -0.892578
vt -0.470703 -0.892578
vt -0.345703 -0.892578
vt -0.345703 -0.605469
vt -0.158203 -0.892578
vt -0.158203 -0.605469
vt -0.033203 -0.892578
vt -0.158203 -0.109375
vt -0.251953 -0.015625
vt -0.345703 -0.109375
vt 1.000001 0.5
vt 1.0 0.0
vt 1.5 -0.0
vt 1.500001 0.5
vt 1.0 -0.394531
vt 1.0 -0.097656
vt 0.0 -0.097656
vt 0.0 -0.394531
vt 1.0 -0.015625
vt 0.0 -0.015625
vt 1.0 -0.894531
vt 0.0 -0.894531
vt 0.0 -0.988281
vt 1.0 -0.988281
vt 1.5 -0.394531
vt 1.5 -0.097656
vt 0.0 -0.097656
vt 0.0 -0.394531
vt 1.5 -0.015625
vt 0.0 -0.015625
vt 1.5 -0.894531
vt 0.0 -0.894531
vt 0.0 -0.988281
vt 1.5 -0.988281
vt 2.0 -0.394531
vt 2.0 -0.097656
vt 0.0 -0.097656
vt 0.0 -0.394531
vt 2.0 -0.015625
vt 0.0 -0.015625
vt 2.0 -0.894531
vt 0.0 -0.894531
vt 0.0 -0.988281
vt 2.0 -0.988281
vt 0.5 -0.394531
vt 0.5 -0.097656
vt 0.0 -0.097656
vt 0.0 -0.394531
vt 0.5 -0.015625
vt 0.0 -0.015625
vt 0.5 -0.894531
vt 0.0 -0.894531
vt 0.0 -0.988281
vt 0.5 -0.988281
vt 1.0 -0.099609
vt 1.279297 -0.099609
vt 1.5 -0.013672
vt 1.0 -0.013672
vt 0.908203 -0.099609
vt 1.0 -0.099609
vt 1.0 -0.013672
vt 0.824219 -0.013672
vt 0.285156 -0.09375
vt 0.285156 -0.390625
vt 0.4375 -0.390625
vt 0.4375 0.107422
vt 0.285156 0.107422
vt 0.285156 0.017578
vt 0.4375 0.107422
vt 0.4375 -0.09375
vt 0.285156 -0.09375
vt 0.4375 -0.390625
vt 0.4375 -0.390625
vt 0.4375 -0.09375
vt 1.0 -0.394531
vt 1.0 -0.097656
vt 0.0 -0.097656
vt 0.0 -0.394531
vt 1.0 -0.015625
vt 0.0 -0.015625
vt 1.0 -0.394531
vt 0.0 -0.394531
vt 0.0 -0.488281
vt 1.0 -0.488281
vt 0.271484 -0.75
vt 0.960938 -0.75
vt 0.960938 -0.984375
vt 0.271484 -0.984375
vt 0.056641 -0.939453
vt 0.078125 -0.964844
vt 0.078125 -0.951172
vt 0.056641 -0.925781
vt 0.109375 -0.832031
vt 0.109375 -0.791016
vt 0.033203 -0.791016
vt 0.033203 -0.832031
vt 0.023438 -0.943359
vt 0.023438 -0.964844
vt 0.033203 -0.960938
vt 0.033203 -0.943359
vt 0.144531 -0.796875
vt 0.144531 -0.839844
vt 0.222656 -0.839844
vt 0.222656 -0.796875
vt 0.2125 0.0875
vt 0.2125 0.081944
vt 0.2125 0.068273
vt 0.2125 0.0875
vt 0.2125 0.081944
vt 0.2125 0.0875
vt 0.2125 0.0875
vt 0.2125 0.068273
vt 0.042969 -0.964844
vt 0.042969 -0.943359
vt 0.033203 -0.943359
vt 0.033203 -0.960938
vt 0.101562 -0.925781
vt 0.080078 -0.951172
vt 0.080078 -0.964844
vt 0.101562 -0.939453
vt 0.960938 -0.984375
vt 0.960938 -0.75
vt 0.271484 -0.75
vt 0.271484 -0.984375
vt 0.2125 0.081944
vt 0.1625 0.0375
vt 0.1625 0.053342
vt 0.2 0.0875
vt 0.146484 -0.84375
vt 0.224609 -0.84375
vt 0.224609 -0.800781
vt 0.146484 -0.800781
vt 0.109375 -0.925781
vt 0.109375 -0.939453
vt 0.109375 -0.791016
vt 0.03125 -0.791016
vt 0.03125 -0.832031
vt 0.109375 -0.832031
vt 0.1625 0.0375
vt 0.2125 0.081944
vt 0.2 0.0875
vt 0.1625 0.053342
vt 0.048828 -0.939453
vt 0.048828 -0.925781
vt 0.2 0.0875
vt 0.2125 0.081944
vt 0.2125 0.0875
vt 0.2125 0.081944
vt 0.2 0.0875
vt 0.2125 0.0875
vt 1.125 -0.726562
vt 1.125 -0.039062
vt 0.0 -0.039062
vt 0.0 -0.726562
vt 1.0 -0.394531
vt 1.0 -0.097656
vt 0.0 -0.097656
vt 0.0 -0.394531
vt 1.0 -0.015625
vt 0.0 -0.015625
vt 1.0 -0.394531
vt 0.0 -0.394531
vt 0.0 -0.488281
vt 1.0 -0.488281
vt 1.0 -0.099609
vt 1.279297 -0.099609
vt 1.5 -0.013672
vt 1.0 -0.013672
vt 0.908203 -0.099609
vt 1.0 -0.099609
vt 1.0 -0.013672
vt 0.824219 -0.013672
vt 0.285156 -0.09375
vt 0.285156 -0.390625
vt 0.4375 -0.390625
vt 0.4375 0.107422
vt 0.285156 0.107422
vt 0.285156 0.017578
vt 0.4375 0.107422
vt 0.4375 -0.09375
vt 0.285156 -0.09375
vt 0.4375 -0.390625
vt 0.4375 -0.390625
vt 0.4375 -0.09375
vt 0.5 -0.394531
vt 0.5 -0.097656
vt 0.0 -0.097656
vt 0.0 -0.394531
vt 0.5 -0.015625
vt 0.0 -0.015625
vt 0.5 -0.894531
vt 0.0 -0.894531
vt 0.0 -0.988281
vt 0.5 -0.988281
vt 1.5 -0.394531
vt 1.5 -0.097656
vt 0.0 -0.097656
vt 0.0 -0.394531
vt 1.5 -0.015625
vt 0.0 -0.015625
vt 1.5 -0.894531
vt 0.0 -0.894531
vt 0.0 -0.988281
vt 1.5 -0.988281
vt 1.0 -0.394531
vt 1.0 -0.097656
vt 0.0 -0.097656
vt 0.0 -0.394531
vt 1.0 -0.015625
vt 0.0 -0.015625
vt 1.0 -0.894531
vt 0.0 -0.894531
vt 0.0 -0.988281
vt 1.0 -0.988281
vt 0.5 -0.394531
vt 0.5 -0.097656
vt 0.0 -0.097656
vt 0.0 -0.394531
vt 0.5 -0.015625
vt 0.0 -0.015625
vt 0.5 -0.894531
vt 0.0 -0.894531
vt 0.0 -0.988281
vt 0.5 -0.988281
vt 0.5 15.999998
vt 0.0 15.999998
vt 0.0 14.499998
vt 0.5 14.499998
vt 4.0 -0.394531
vt 4.0 -0.097656
vt 0.0 -0.097656
vt 0.0 -0.394531
vt 4.0 -0.015625
vt 0.0 -0.015625
vt 4.0 -0.894531
vt 0.0 -0.894531
vt 0.0 -0.988281
vt 4.0 -0.988281
vt 1.5 -0.394531
vt 1.5 -0.097656
vt 0.0 -0.097656
vt 0.0 -0.394531
vt 1.5 -0.015625
vt 0.0 -0.015625
vt 1.5 -0.894531
vt 0.0 -0.894531
vt 0.0 -0.988281
vt 1.5 -0.988281
vt 0.841797 -0.986328
vt 0.998047 -0.986328
vt 0.966797 -0.892578
vt 0.841797 -0.892578
vt 0.498047 -0.986328
vt 0.654297 -0.986328
vt 0.654297 -0.892578
vt 0.529297 -0.892578
vt -0.470703 -0.892578
vt -0.345703 -0.892578
vt -0.345703 -0.605469
vt -0.158203 -0.892578
vt -0.158203 -0.605469
vt -0.033203 -0.892578
vt -0.158203 -0.109375
vt -0.251953 -0.015625
vt -0.345703 -0.109375
vt 1.000001 0.5
vt 1.0 0.0
vt 1.5 -0.0
vt 1.500001 0.5
vt 2.0 -0.394531
vt 2.0 -0.097656
vt 0.0 -0.097656
vt 0.0 -0.394531
vt 2.0 -0.015625
vt 0.0 -0.015625
vt 2.0 -0.394531
vt 0.0 -0.394531
vt 0.0 -0.488281
vt 2.0 -0.488281
vt 4.5 12.0
vt 0.5 12.0
vt 0.5 8.0
vt 4.5 8.0
vt 2.0 -1.0
vt 4.0 -1.0
vt 4.0 0.0
vt 2.0 0.0
vt 1.5 -0.394531
vt 1.5 -0.097656
vt 0.0 -0.097656
vt 0.0 -0.394531
vt 1.5 -0.015625
vt 0.0 -0.015625
vt 1.5 -0.394531
vt 0.0 -0.394531
vt 0.0 -0.488281
vt 1.5 -0.488281
vt 0.841797 -0.986328
vt 0.998047 -0.986328
vt 0.966797 -0.892578
vt 0.841797 -0.892578
vt 0.498047 -0.986328
vt 0.654297 -0.986328
vt 0.654297 -0.892578
vt 0.529297 -0.892578
vt -0.470703 -0.892578
vt -0.345703 -0.892578
vt -0.345703 -0.605469
vt -0.158203 -0.892578
vt -0.158203 -0.605469
vt -0.033203 -0.892578
vt -0.158203 -0.109375
vt -0.251953 -0.015625
vt -0.345703 -0.109375
vt 1.000001 0.5
vt 1.0 0.0
vt 1.5 -0.0
vt 1.500001 0.5
vt 1.5 -0.394531
vt 1.5 -0.097656
vt 0.0 -0.097656
vt 0.0 -0.394531
vt 1.5 -0.015625
vt 0.0 -0.015625
vt 1.5 -0.894531
vt 0.0 -0.894531
vt 0.0 -0.988281
vt 1.5 -0.988281
vt 4.0 -0.394531
vt 4.0 -0.097656
vt 0.0 -0.097656
vt 0.0 -0.394531
vt 4.0 -0.015625
vt 0.0 -0.015625
vt 4.0 -0.894531
vt 0.0 -0.894531
vt 0.0 -0.988281
vt 4.0 -0.988281
vt 2.0 -0.394531
vt 2.0 -0.097656
vt 0.0 -0.097656
vt 0.0 -0.394531
vt 2.0 -0.015625
vt 0.0 -0.015625
vt 2.0 -0.894531
vt 0.0 -0.894531
vt 0.0 -0.988281
vt 2.0 -0.988281
vt 0.841797 -0.986328
vt 0.998047 -0.986328
vt 0.966797 -0.892578
vt 0.841797 -0.892578
vt 0.498047 -0.986328
vt 0.654297 -0.986328
vt 0.654297 -0.892578
vt 0.529297 -0.892578
vt -0.470703 -0.892578
vt -0.345703 -0.892578
vt -0.345703 -0.605469
vt -0.158203 -0.892578
vt -0.158203 -0.605469
vt -0.033203 -0.892578
vt -0.158203 -0.109375
vt -0.251953 -0.015625
vt -0.345703 -0.109375
vt 1.000001 0.5
vt 1.0 0.0
vt 1.5 -0.0
vt 1.500001 0.5
vt 0.841797 -0.986328
vt 0.998047 -0.986328
vt 0.966797 -0.892578
vt 0.841797 -0.892578
vt 0.498047 -0.986328
vt 0.654297 -0.986328
vt 0.654297 -0.892578
vt 0.529297 -0.892578
vt -0.470703 -0.892578
vt -0.345703 -0.892578
vt -0.345703 -0.605469
vt -0.158203 -0.892578
vt -0.158203 -0.605469
vt -0.033203 -0.892578
vt -0.158203 -0.109375
vt -0.251953 -0.015625
vt -0.345703 -0.109375
vt 1.000001 0.5
vt 1.0 0.0
vt 1.5 -0.0
vt 1.500001 0.5
vt 2.0 -0.394531
vt 2.0 -0.097656
vt 0.0 -0.097656
vt 0.0 -0.394531
vt 2.0 -0.015625
vt 0.0 -0.015625
vt 2.0 -0.894531
vt 0.0 -0.894531
vt 0.0 -0.988281
vt 2.0 -0.988281
vt 4.0 -0.394531
vt 4.0 -0.097656
vt 0.0 -0.097656
vt 0.0 -0.394531
vt 4.0 -0.015625
vt 0.0 -0.015625
vt 4.0 -0.894531
vt 0.0 -0.894531
vt 0.0 -0.988281
vt 4.0 -0.988281
vt 2.5 -0.394531
vt 2.5 -0.097656
vt 0.0 -0.097656
vt 0.0 -0.394531
vt 2.5 -0.015625
vt 0.0 -0.015625
vt 2.5 -0.894531
vt 0.0 -0.894531
vt 0.0 -0.988281
vt 2.5 -0.988281
vt 0.841797 -0.986328
vt 0.998047 -0.986328
vt 0.966797 -0.892578
vt 0.841797 -0.892578
vt 0.498047 -0.986328
vt 0.654297 -0.986328
vt 0.654297 -0.892578
vt 0.529297 -0.892578
vt -0.470703 -0.892578
vt -0.345703 -0.892578
vt -0.345703 -0.605469
vt -0.158203 -0.892578
vt -0.158203 -0.605469
vt -0.033203 -0.892578
vt -0.158203 -0.109375
vt -0.251953 -0.015625
vt -0.345703 -0.109375
vt 1.000001 0.5
vt 1.0 0.0
vt 1.5 -0.0
vt 1.500001 0.5
vt 1.5 12.0
vt 5.0 12.0
vt 5.0 12.5
vt 1.5 12.5
vt 0.841797 -0.986328
vt 0.998047 -0.986328
vt 0.966797 -0.892578
vt 0.841797 -0.892578
vt 0.498047 -0.986328
vt 0.654297 -0.986328
vt 0.654297 -0.892578
vt 0.529297 -0.892578
vt -0.470703 -0.892578
vt -0.345703 -0.892578
vt -0.345703 -0.605469
vt -0.158203 -0.892578
vt -0.158203 -0.605469
vt -0.033203 -0.892578
vt -0.158203 -0.109375
vt -0.251953 -0.015625
vt -0.345703 -0.109375
vt 1.000001 0.5
vt 1.0 0.0
vt 1.5 -0.0
vt 1.500001 0.5
vt 2.5 -0.394531
vt 2.5 -0.097656
vt 0.0 -0.097656
vt 0.0 -0.394531
vt 2.5 -0.015625
vt 0.0 -0.015625
vt 2.5 -0.894531
vt 0.0 -0.894531
vt 0.0 -0.988281
vt 2.5 -0.988281
vt 4.0 -0.394531
vt 4.0 -0.097656
vt 0.0 -0.097656
vt 0.0 -0.394531
vt 4.0 -0.015625
vt 0.0 -0.015625
vt 4.0 -0.894531
vt 0.0 -0.894531
vt 0.0 -0.988281
vt 4.0 -0.988281
vt 3.0 -0.394531
vt 3.0 -0.097656
vt 0.0 -0.097656
vt 0.0 -0.394531
vt 3.0 -0.015625
vt 0.0 -0.015625
vt 3.0 -0.894531
vt 0.0 -0.894531
vt 0.0 -0.988281
vt 3.0 -0.988281
vt 0.841797 -0.986328
vt 0.998047 -0.986328
vt 0.966797 -0.892578
vt 0.841797 -0.892578
vt 0.498047 -0.986328
vt 0.654297 -0.986328
vt 0.654297 -0.892578
vt 0.529297 -0.892578
vt -0.470703 -0.892578
vt -0.345703 -0.892578
vt -0.345703 -0.605469
vt -0.158203 -0.892578
vt -0.158203 -0.605469
vt -0.033203 -0.892578
vt -0.158203 -0.109375
vt -0.251953 -0.015625
vt -0.345703 -0.109375
vt 1.000001 0.5
vt 1.0 0.0
vt 1.5 -0.0
vt 1.500001 0.5
vt 1.000001 0.5
vt 1.0 0.0
vt 1.500002 0.0
vt 1.500003 0.5
vt -0.470703 -0.892578
vt -0.345703 -0.892578
vt -0.345703 -0.605469
vt -0.158203 -0.892578
vt -0.158203 -0.605469
vt -0.033203 -0.892578
vt -0.158203 -0.109375
vt -0.251953 -0.015625
vt -0.345703 -0.109375
vt 0.841797 -0.486328
vt 0.998047 -0.486328
vt 0.966797 -0.392578
vt 0.841797 -0.392578
vt 0.498047 -0.486328
vt 0.654297 -0.486328
vt 0.654297 -0.392578
vt 0.529297 -0.392578
vt 3.0 -0.394531
vt 3.0 -0.097656
vt 0.0 -0.097656
vt 0.0 -0.394531
vt 3.0 -0.015625
vt 0.0 -0.015625
vt 3.0 -0.394531
vt 0.0 -0.394531
vt 0.0 -0.488281
vt 3.0 -0.488281
vt 4.0 -0.394531
vt 4.0 -0.097656
vt 0.0 -0.097656
vt 0.0 -0.394531
vt 4.0 -0.015625
vt 0.0 -0.015625
vt 4.0 -0.394531
vt 0.0 -0.394531
vt 0.0 -0.488281
vt 4.0 -0.488281
vt 3.5 -0.394531
vt 3.5 -0.097656
vt 0.0 -0.097656
vt 0.0 -0.394531
vt 3.5 -0.015625
vt 0.0 -0.015625
vt 3.5 -0.394531
vt 0.0 -0.394531
vt 0.0 -0.488281
vt 3.5 -0.488281
vt 1.000001 0.5
vt 1.0 0.0
vt 1.500002 0.0
vt 1.500003 0.5
vt -0.470703 -0.892578
vt -0.345703 -0.892578
vt -0.345703 -0.605469
vt -0.158203 -0.892578
vt -0.158203 -0.605469
vt -0.033203 -0.892578
vt -0.158203 -0.109375
vt -0.251953 -0.015625
vt -0.345703 -0.109375
vt 0.841797 -0.486328
vt 0.998047 -0.486328
vt 0.966797 -0.392578
vt 0.841797 -0.392578
vt 0.498047 -0.486328
vt 0.654297 -0.486328
vt 0.654297 -0.392578
vt 0.529297 -0.392578
vt 5.0 13.5
vt 2.5 13.5
vt 2.5 12.5
vt 5.0 12.5
vt 1.0 -4.0
vt 2.0 -4.0
vt 2.0 0.0
vt 1.0 0.0
vt 6.0 16.0
vt 2.5 16.0
vt 2.5 15.5
vt 6.0 15.5
vt 1.0 0.0
vt 0.0 0.0
vt 0.0 -1.0
vt 1.0 -1.0
vt 1.0 0.0
vt 0.0 0.0
vt 0.0 -1.0
vt 1.0 -1.0
vt 1.0 0.0
vt 0.0 0.0
vt 0.0 -1.0
vt 1.0 -1.0
vt 1.0 0.0
vt 0.0 0.0
vt 0.0 -1.0
vt 1.0 -1.0
vt 1.0 0.0
vt 0.0 0.0
vt 0.0 -1.0
vt 1.0 -1.0
vt 1.0 0.0
vt 0.0 0.0
vt 0.0 -1.0
vt 1.0 -1.0
vt 1.0 0.0
vt 0.0 0.0
vt 0.0 -1.0
vt 1.0 -1.0
vt 1.0 0.0
vt 0.0 0.0
vt 0.0 -1.0
vt 1.0 -1.0
vt 1.0 0.0
vt 0.0 0.0
vt 0.0 -1.0
vt 1.0 -1.0
vt 1.0 0.0
vt 0.0 0.0
vt 0.0 -1.0
vt 1.0 -1.0
vt 5.0 8.0
vt 3.0 8.0
vt 3.0 5.0
vt 5.0 5.0
vt 5.0 14.0
vt 3.0 14.0
vt 3.0 13.5
vt 5.0 13.5
vt 1.0 -2.0
vt 2.0 -2.0
vt 2.0 0.0
vt 1.0 0.0
vt 3.0 15.0
vt 6.0 15.0
vt 6.0 15.5
vt 3.0 15.5
vt 5.0 15.0
vt 3.5 15.0
vt 3.5 14.0
vt 5.0 14.0
vt -0.0 0.0
vt -7.0 0.0
vt -7.0 -1.0
vt 0.0 -1.0
vt 3.5 0.0
vt 0.0 0.0
vt 0.0 -1.0
vt 3.5 -1.0
vt -0.0 0.0
vt -7.0 0.0
vt -7.0 -1.0
vt 0.0 -1.0
vt 3.5 0.0
vt 0.0 0.0
vt 0.0 -1.0
vt 3.5 -1.0
vt -0.0 0.0
vt -2.0 0.0
vt -2.0 -1.0
vt 0.0 -1.0
vt 1.0 0.0
vt 0.0 0.0
vt 0.0 -1.0
vt 1.0 -1.0
vt -0.0 0.0
vt -1.0 0.0
vt -1.0 -1.0
vt 0.0 -1.0
vt 0.5 0.0
vt 0.0 0.0
vt 0.0 -1.0
vt 0.5 -1.0
vt -0.0 0.0
vt -1.0 0.0
vt -1.0 -1.0
vt 0.0 -1.0
vt 0.5 0.0
vt 0.0 0.0
vt 0.0 -1.0
vt 0.5 -1.0
vt 5.0 12.0
vt 4.5 12.0
vt 4.5 8.0
vt 5.0 8.0
vt 1.0 0.0
vt 0.0 0.0
vt 0.0 -1.0
vt 1.0 -1.0
vt 1.0 0.0
vt 0.0 0.0
vt 0.0 -1.0
vt 1.0 -1.0
vt 1.0 0.0
vt 0.0 0.0
vt 0.0 -1.0
vt 1.0 -1.0
vt 1.0 0.0
vt 0.0 0.0
vt 0.0 -1.0
vt 1.0 -1.0
vt 6.0 7.5
vt 5.0 7.5
vt 5.0 5.0
vt 6.0 5.0
vt 0.4375 -0.390625
vt 0.285156 -0.390625
vt 0.285156 -0.09375
vt 0.4375 -0.09375
vt 0.4375 -0.390625
vt 0.4375 0.107422
vt 0.285156 0.107422
vt 0.285156 0.017578
vt 0.4375 0.107422
vt 0.4375 -0.09375
vt 0.285156 -0.09375
vt 0.4375 -0.390625
vt 1.0 -0.099609
vt 1.279297 -0.099609
vt 1.5 -0.013672
vt 1.0 -0.013672
vt 1.5 0.986328
vt 1.279297 0.900391
vt 1.0 0.900391
vt 1.0 0.986328
vt 4.0 -0.394531
vt 4.0 -0.097656
vt 0.0 -0.097656
vt 0.0 -0.394531
vt 4.0 -0.015625
vt 0.0 -0.015625
vt 4.0 -0.894531
vt 0.0 -0.894531
vt 0.0 -0.988281
vt 4.0 -0.988281
vt 2.0 -0.394531
vt 2.0 -0.097656
vt 0.0 -0.097656
vt 0.0 -0.394531
vt 2.0 -0.015625
vt 0.0 -0.015625
vt 2.0 -0.894531
vt 0.0 -0.894531
vt 0.0 -0.988281
vt 2.0 -0.988281
vt 0.4375 -0.390625
vt 0.285156 -0.390625
vt 0.285156 -0.09375
vt 0.4375 -0.09375
vt 0.4375 -0.390625
vt 0.4375 0.107422
vt 0.285156 0.107422
vt 0.285156 0.017578
vt 0.4375 0.107422
vt 0.4375 -0.09375
vt 0.285156 -0.09375
vt 0.4375 -0.390625
vt 1.0 -0.099609
vt 1.279297 -0.099609
vt 1.5 -0.013672
vt 1.0 -0.013672
vt 1.5 0.986328
vt 1.279297 0.900391
vt 1.0 0.900391
vt 1.0 0.986328
vt 6.0 15.0
vt 5.0 15.0
vt 5.0 14.5
vt 6.0 14.5
vt 0.5 -0.394531
vt 0.5 -0.097656
vt 0.0 -0.097656
vt 0.0 -0.394531
vt 0.5 -0.015625
vt 0.0 -0.015625
vt 0.5 -0.894531
vt 0.0 -0.894531
vt 0.0 -0.988281
vt 0.5 -0.988281
vt -0.375 0.980469
vt -1.0 0.980469
vt -1.0 0.792969
vt -0.375 0.792969
vt 0.625 1.75
vt 0.625 1.25
vt 1.375 1.25
vt 1.375 1.75
vt -0.125 0.242188
vt -1.0 0.242188
vt -1.0 0.023438
vt -0.125 0.023438
vt -3.008738 0.980469
vt -4.208008 0.980469
vt -4.208008 0.792969
vt -3.008738 0.792969
vt -3.008739 0.242188
vt -4.208008 0.242188
vt -4.208008 0.023438
vt -3.008739 0.023438
vt 0.878906 1.984375
vt 0.625 1.753906
vt 1.125 1.980469
vt 0.625 1.980469
vt 1.375 1.980469
vt 1.0 1.0625
vt -3.008738 0.242188
vt -1.0 0.0625
vt -0.508738 0.0625
vt -0.508738 0.375
vt -1.0 0.375
vt -0.508738 0.9375
vt -1.0 0.9375
vt 1.0 0.9375
vt 0.5 0.9375
vt 1.0 0.375
vt 0.0 0.375
vt 0.0 0.0625
vt 1.0 0.0625
vt 0.0 0.9375
vt -24.0 0.980469
vt -32.0 0.980469
vt -32.0 0.792969
vt -24.0 0.792969
vt -24.0 0.242188
vt -32.0 0.242188
vt -32.0 0.023438
vt -24.0 0.023438
vt -12.0 0.375
vt -4.0 0.375
vt -4.0 0.9375
vt -12.0 0.9375
vt -12.0 0.0625
vt -4.0 0.0625
vt -6.0 0.980469
vt -8.0 0.980469
vt -8.0 0.792969
vt -6.0 0.792969
vt -6.0 0.242188
vt -8.0 0.242188
vt -8.0 0.023438
vt -6.0 0.023438
vt -3.0 0.375
vt -1.0 0.375
vt -1.0 0.9375
vt -3.0 0.9375
vt -3.0 0.0625
vt -1.0 0.0625
vt 1.0 0.980469
vt 0.375 0.980469
vt 0.375 0.792969
vt 1.0 0.792969
vt -1.0 0.792969
vt -1.0 0.242188
vt -0.125 0.242188
vt -0.375 0.792969
vt 1.0 0.242188
vt 0.125 0.242188
vt 0.125 0.023438
vt 1.0 0.023438
vt -0.375 0.980469
vt -1.0 0.980469
vt 0.625 1.75
vt 0.625 1.25
vt 1.375 1.25
vt 1.375 1.75
vt -1.0 0.023438
vt -0.125 0.023438
vt 0.878906 1.984375
vt 0.625 1.753906
vt 1.125 1.980469
vt 0.625 1.980469
vt 1.375 1.980469
vt 1.0 1.0625
vt 0.0 0.9375
vt 0.0 0.375
vt 0.5 0.9375
vt 1.0 0.375
vt 1.0 0.9375
vt 0.0 0.0625
vt 1.0 0.0625
vt 0.5 -0.394531
vt 0.5 -0.097656
vt 0.0 -0.097656
vt 0.0 -0.394531
vt 0.5 -0.015625
vt 0.0 -0.015625
vt 0.5 -0.894531
vt 0.0 -0.894531
vt 0.0 -0.988281
vt 0.5 -0.988281
vt 1.0 0.0
vt 0.0 0.0
vt 0.0 -1.0
vt 1.0 -1.0
vt 1.0 0.0
vt 0.0 0.0
vt 0.0 -1.0
vt 1.0 -1.0
vt 7.0 3.5
vt 6.0 3.5
vt 6.0 3.0
vt 7.0 3.0
vt 0.4375 -0.390625
vt 0.285156 -0.390625
vt 0.285156 -0.09375
vt 0.4375 -0.09375
vt 0.4375 -0.390625
vt 0.4375 0.107422
vt 0.285156 0.107422
vt 0.285156 0.017578
vt 0.4375 0.107422
vt 0.4375 -0.09375
vt 0.285156 -0.09375
vt 0.4375 -0.390625
vt 1.0 -0.099609
vt 1.279297 -0.099609
vt 1.5 -0.013672
vt 1.0 -0.013672
vt 1.5 0.986328
vt 1.279297 0.900391
vt 1.0 0.900391
vt 1.0 0.986328
vt 3.5 -0.394531
vt 3.5 -0.097656
vt 0.0 -0.097656
vt 0.0 -0.394531
vt 3.5 -0.015625
vt 0.0 -0.015625
vt 3.5 -0.894531
vt 0.0 -0.894531
vt 0.0 -0.988281
vt 3.5 -0.988281
vt 0.841797 -0.986328
vt 0.998047 -0.986328
vt 0.966797 -0.892578
vt 0.841797 -0.892578
vt 0.498047 -0.986328
vt 0.654297 -0.986328
vt 0.654297 -0.892578
vt 0.529297 -0.892578
vt -0.470703 -0.892578
vt -0.345703 -0.892578
vt -0.345703 -0.605469
vt -0.158203 -0.892578
vt -0.158203 -0.605469
vt -0.033203 -0.892578
vt -0.158203 -0.109375
vt -0.251953 -0.015625
vt -0.345703 -0.109375
vt 1.000001 0.5
vt 1.0 0.0
vt 1.500001 0.0
vt 1.500002 0.500001
vt -1.0 0.792969
vt -1.0 0.242188
vt 0.0 0.242188
vt 0.0 0.792969
vt -1.0 0.023438
vt 0.0 0.023438
vt 0.0 0.980469
vt -1.0 0.980469
vt 0.0 0.375
vt -1.0 0.375
vt -1.0 0.0625
vt 0.0 0.0625
vt 0.0 0.9375
vt -1.0 0.9375
vt 7.0 9.0
vt 6.0 9.0
vt 6.0 8.5
vt 7.0 8.5
vt 1.0 0.375
vt 0.0 0.375
vt 0.0 0.0625
vt 1.0 0.0625
vt 0.5 0.792969
vt 1.0 0.855469
vt 0.0 0.855469
vt -1.009435 0.761304
vt -1.0625 0.242188
vt -0.9375 0.242188
vt 1.196412 0.242188
vt 1.125 0.242188
vt 1.125 0.023438
vt 1.240034 0.023438
vt -1.0625 0.023438
vt -0.9375 0.023438
vt 0.951918 0.787574
vt 0.805755 0.242188
vt 0.875 0.242188
vt 1.038228 0.792969
vt 1.196412 0.242188
vt 0.805755 0.242188
vt 0.761904 0.023438
vt 0.875 0.023438
vt -7.0 0.792969
vt -14.0 0.792969
vt -14.0 0.242188
vt -7.0 0.242188
vt -14.0 0.023438
vt -7.0 0.023438
vt -7.0 0.980469
vt -14.0 0.980469
vt 21.0 0.0625
vt 28.0 0.0625
vt 28.0 0.375
vt 21.0 0.375
vt 24.5 0.9375
vt 21.0 0.9375
vt 1.0 0.375
vt 0.0 0.375
vt 0.0 0.0625
vt 1.0 0.0625
vt 0.5 0.792969
vt 1.0 0.855469
vt 0.0 0.855469
vt -1.009435 0.761304
vt -1.0625 0.242188
vt -0.9375 0.242188
vt 1.196412 0.242188
vt 1.125 0.242188
vt 1.125 0.023438
vt 1.240034 0.023438
vt -1.0625 0.023438
vt -0.9375 0.023438
vt 0.951918 0.787574
vt 0.805755 0.242188
vt 0.875 0.242188
vt 1.038228 0.792969
vt 1.196412 0.242188
vt 0.805755 0.242188
vt 0.761904 0.023438
vt 0.875 0.023438
vt -3.0 0.980469
vt -4.0 0.980469
vt -4.0 0.792969
vt -3.0 0.792969
vt -3.0 0.242188
vt -4.0 0.242188
vt -4.0 0.023438
vt -3.0 0.023438
vt -4.0 0.0625
vt -3.0 0.0625
vt -3.0 0.375
vt -4.0 0.375
vt -3.0 0.9375
vt -4.0 0.9375
vt 0.841797 -0.986328
vt 0.998047 -0.986328
vt 0.966797 -0.892578
vt 0.841797 -0.892578
vt 0.498047 -0.986328
vt 0.654297 -0.986328
vt 0.654297 -0.892578
vt 0.529297 -0.892578
vt -0.470703 -0.892578
vt -0.345703 -0.892578
vt -0.345703 -0.605469
vt -0.158203 -0.892578
vt -0.158203 -0.605469
vt -0.033203 -0.892578
vt -0.158203 -0.109375
vt -0.251953 -0.015625
vt -0.345703 -0.109375
vt 1.000001 0.5
vt 1.0 0.0
vt 1.500001 0.0
vt 1.500002 0.500001
vt 1.5 -0.394531
vt 1.5 -0.097656
vt 0.0 -0.097656
vt 0.0 -0.394531
vt 1.5 -0.015625
vt 0.0 -0.015625
vt 1.5 -0.894531
vt 0.0 -0.894531
vt 0.0 -0.988281
vt 1.5 -0.988281
vt 0.5 -0.394531
vt 0.5 -0.097656
vt 0.0 -0.097656
vt 0.0 -0.394531
vt 0.5 -0.015625
vt 0.0 -0.015625
vt 0.5 -0.894531
vt 0.0 -0.894531
vt 0.0 -0.988281
vt 0.5 -0.988281
vt -0.375 0.980469
vt -1.0 0.980469
vt -1.0 0.792969
vt -0.375 0.792969
vt 0.625 1.75
vt 0.625 1.25
vt 1.375 1.25
vt 1.375 1.75
vt -0.125 0.242188
vt -1.0 0.242188
vt -1.0 0.023438
vt -0.125 0.023438
vt -3.008738 0.980469
vt -4.208008 0.980469
vt -4.208008 0.792969
vt -3.008738 0.792969
vt -3.008739 0.242188
vt -4.208008 0.242188
vt -4.208008 0.023438
vt -3.008739 0.023438
vt 0.878906 1.984375
vt 0.625 1.753906
vt 1.125 1.980469
vt 0.625 1.980469
vt 1.375 1.980469
vt 1.0 1.0625
vt -3.008738 0.242188
vt -1.0 0.0625
vt -0.508738 0.0625
vt -0.508738 0.375
vt -1.0 0.375
vt -0.508738 0.9375
vt -1.0 0.9375
vt 1.0 0.9375
vt 0.5 0.9375
vt 1.0 0.375
vt 0.0 0.375
vt 0.0 0.0625
vt 1.0 0.0625
vt 0.0 0.9375
vt -21.0 0.980469
vt -28.0 0.980469
vt -28.0 0.792969
vt -21.0 0.792969
vt -21.0 0.242188
vt -28.0 0.242188
vt -28.0 0.023438
vt -21.0 0.023438
vt -10.5 0.375
vt -3.5 0.375
vt -3.5 0.9375
vt -10.5 0.9375
vt -10.5 0.0625
vt -3.5 0.0625
vt 1.0 0.375
vt 0.0 0.375
vt 0.0 0.0625
vt 1.0 0.0625
vt 0.5 0.792969
vt 1.0 0.855469
vt 0.0 0.855469
vt -1.009435 0.761304
vt -1.0625 0.242188
vt -0.9375 0.242188
vt 1.196412 0.242188
vt 1.125 0.242188
vt 1.125 0.023438
vt 1.240034 0.023438
vt -1.0625 0.023438
vt -0.9375 0.023438
vt 0.951918 0.787574
vt 0.805755 0.242188
vt 0.875 0.242188
vt 1.038228 0.792969
vt 1.196412 0.242188
vt 0.805755 0.242188
vt 0.761904 0.023438
vt 0.875 0.023438
vt -3.0 0.980469
vt -4.0 0.980469
vt -4.0 0.792969
vt -3.0 0.792969
vt -3.0 0.242188
vt -4.0 0.242188
vt -4.0 0.023438
vt -3.0 0.023438
vt -4.0 0.0625
vt -3.0 0.0625
vt -3.0 0.375
vt -4.0 0.375
vt -3.0 0.9375
vt -4.0 0.9375
vt 0.841797 -0.986328
vt 0.998047 -0.986328
vt 0.966797 -0.892578
vt 0.841797 -0.892578
vt 0.498047 -0.986328
vt 0.654297 -0.986328
vt 0.654297 -0.892578
vt 0.529297 -0.892578
vt -0.470703 -0.892578
vt -0.345703 -0.892578
vt -0.345703 -0.605469
vt -0.158203 -0.892578
vt -0.158203 -0.605469
vt -0.033203 -0.892578
vt -0.158203 -0.109375
vt -0.251953 -0.015625
vt -0.345703 -0.109375
vt 1.000001 0.5
vt 1.0 0.0
vt 1.500001 0.0
vt 1.500002 0.500001
vt 2.5 -0.394531
vt 2.5 -0.097656
vt 0.0 -0.097656
vt 0.0 -0.394531
vt 2.5 -0.015625
vt 0.0 -0.015625
vt 2.5 -0.894531
vt 0.0 -0.894531
vt 0.0 -0.988281
vt 2.5 -0.988281
vt 0.841797 -0.986328
vt 0.998047 -0.986328
vt 0.966797 -0.892578
vt 0.841797 -0.892578
vt 0.498047 -0.986328
vt 0.654297 -0.986328
vt 0.654297 -0.892578
vt 0.529297 -0.892578
vt -0.470703 -0.892578
vt -0.345703 -0.892578
vt -0.345703 -0.605469
vt -0.158203 -0.892578
vt -0.158203 -0.605469
vt -0.033203 -0.892578
vt -0.158203 -0.109375
vt -0.251953 -0.015625
vt -0.345703 -0.109375
vt 1.000001 0.5
vt 1.0 0.0
vt 1.500001 0.0
vt 1.500002 0.500001
vt -2.0 0.792969
vt -2.0 0.242188
vt 0.0 0.242188
vt 0.0 0.792969
vt -2.0 0.023438
vt 0.0 0.023438
vt 0.0 0.980469
vt -2.0 0.980469
vt 0.0 0.375
vt -2.0 0.375
vt -2.0 0.0625
vt 0.0 0.0625
vt 0.0 0.9375
vt -2.0 0.9375
vt 1.0 0.375
vt 0.0 0.375
vt 0.0 0.0625
vt 1.0 0.0625
vt 0.5 0.792969
vt 1.0 0.855469
vt 0.0 0.855469
vt -1.009435 0.761304
vt -1.0625 0.242188
vt -0.9375 0.242188
vt 1.196412 0.242188
vt 1.125 0.242188
vt 1.125 0.023438
vt 1.240034 0.023438
vt -1.0625 0.023438
vt -0.9375 0.023438
vt 0.951918 0.787574
vt 0.805755 0.242188
vt 0.875 0.242188
vt 1.038228 0.792969
vt 1.196412 0.242188
vt 0.805755 0.242188
vt 0.761904 0.023438
vt 0.875 0.023438
vt -12.0 0.980469
vt -16.0 0.980469
vt -16.0 0.792969
vt -12.0 0.792969
vt -12.0 0.242188
vt -16.0 0.242188
vt -16.0 0.023438
vt -12.0 0.023438
vt -6.0 0.375
vt -2.0 0.375
vt -2.0 0.9375
vt -6.0 0.9375
vt -6.0 0.0625
vt -2.0 0.0625
vt 11.0 2.5
vt 7.0 2.5
vt 7.0 2.0
vt 11.0 2.0
vt 0.4375 -0.390625
vt 0.285156 -0.390625
vt 0.285156 -0.09375
vt 0.4375 -0.09375
vt 0.4375 -0.390625
vt 0.4375 0.107422
vt 0.285156 0.107422
vt 0.285156 0.017578
vt 0.4375 0.107422
vt 0.4375 -0.09375
vt 0.285156 -0.09375
vt 0.4375 -0.390625
vt 1.0 -0.099609
vt 1.279297 -0.099609
vt 1.5 -0.013672
vt 1.0 -0.013672
vt 1.5 0.986328
vt 1.279297 0.900391
vt 1.0 0.900391
vt 1.0 0.986328
vt 0.5 -0.394531
vt 0.5 -0.097656
vt 0.0 -0.097656
vt 0.0 -0.394531
vt 0.5 -0.015625
vt 0.0 -0.015625
vt 0.5 -0.894531
vt 0.0 -0.894531
vt 0.0 -0.988281
vt 0.5 -0.988281
vt 0.841797 -0.986328
vt 0.998047 -0.986328
vt 0.966797 -0.892578
vt 0.841797 -0.892578
vt 0.498047 -0.986328
vt 0.654297 -0.986328
vt 0.654297 -0.892578
vt 0.529297 -0.892578
vt -0.470703 -0.892578
vt -0.345703 -0.892578
vt -0.345703 -0.605469
vt -0.158203 -0.892578
vt -0.158203 -0.605469
vt -0.033203 -0.892578
vt -0.158203 -0.109375
vt -0.251953 -0.015625
vt -0.345703 -0.109375
vt 1.000001 0.5
vt 1.0 0.0
vt 1.500001 0.0
vt 1.500002 0.500001
vt -1.0 0.792969
vt -1.0 0.242188
vt 0.0 0.242188
vt 0.0 0.792969
vt -1.0 0.023438
vt 0.0 0.023438
vt 0.0 0.980469
vt -1.0 0.980469
vt 0.0 0.375
vt -1.0 0.375
vt -1.0 0.0625
vt 0.0 0.0625
vt 0.0 0.9375
vt -1.0 0.9375
vt 1.0 0.375
vt 0.0 0.375
vt 0.0 0.0625
vt 1.0 0.0625
vt 0.5 0.792969
vt 1.0 0.855469
vt 0.0 0.855469
vt -1.009435 0.761304
vt -1.0625 0.242188
vt -0.9375 0.242188
vt 1.196412 0.242188
vt 1.125 0.242188
vt 1.125 0.023438
vt 1.240034 0.023438
vt -1.0625 0.023438
vt -0.9375 0.023438
vt 0.951918 0.787574
vt 0.805755 0.242188
vt 0.875 0.242188
vt 1.038228 0.792969
vt 1.196412 0.242188
vt 0.805755 0.242188
vt 0.761904 0.023438
vt 0.875 0.023438
vt -3.0 0.792969
vt -6.0 0.792969
vt -6.0 0.242188
vt -3.0 0.242188
vt -6.0 0.023438
vt -3.0 0.023438
vt -3.0 0.980469
vt -6.0 0.980469
vt 9.0 0.0625
vt 12.0 0.0625
vt 12.0 0.375
vt 9.0 0.375
vt 10.5 0.9375
vt 9.0 0.9375
vt 1.0 0.980469
vt 0.375 0.980469
vt 0.375 0.792969
vt 1.0 0.792969
vt 1.0 0.242188
vt 0.125 0.242188
vt 0.125 0.023438
vt 1.0 0.023438
vt -0.375 0.980469
vt -1.0 0.980469
vt -1.0 0.792969
vt -0.375 0.792969
vt 0.625 1.25
vt 1.375 1.25
vt 1.375 1.75
vt 0.625 1.75
vt -0.125 0.242188
vt -1.0 0.242188
vt -1.0 0.023438
vt -0.125 0.023438
vt 0.878906 1.984375
vt 0.625 1.753906
vt 1.125 1.980469
vt 0.625 1.980469
vt 1.375 1.980469
vt 1.0 1.0625
vt 0.0 0.9375
vt 0.0 0.375
vt 0.5 0.9375
vt 1.0 0.375
vt 1.0 0.9375
vt 0.0 0.0625
vt 1.0 0.0625
vt 0.5 -0.394531
vt 0.5 -0.097656
vt 0.0 -0.097656
vt 0.0 -0.394531
vt 0.5 -0.015625
vt 0.0 -0.015625
vt 0.5 -0.894531
vt 0.0 -0.894531
vt 0.0 -0.988281
vt 0.5 -0.988281
vt 1.0 0.0
vt 0.0 0.0
vt 0.0 -1.0
vt 1.0 -1.0
vt 1.0 0.0
vt 0.0 0.0
vt 0.0 -1.0
vt 1.0 -1.0
vt 1.0 0.0
vt 0.0 0.0
vt 0.0 -1.0
vt 1.0 -1.0
vt 1.0 0.0
vt 0.0 0.0
vt 0.0 -1.0
vt 1.0 -1.0
vt 7.0 12.0
vt 10.0 12.0
vt 10.0 12.5
vt 7.0 12.5
vt 0.5 -0.394531
vt 0.5 -0.097656
vt 0.0 -0.097656
vt 0.0 -0.394531
vt 0.5 -0.015625
vt 0.0 -0.015625
vt 0.5 -0.894531
vt 0.0 -0.894531
vt 0.0 -0.988281
vt 0.5 -0.988281
vt 4.0 -0.394531
vt 4.0 -0.097656
vt 0.0 -0.097656
vt 0.0 -0.394531
vt 4.0 -0.015625
vt 0.0 -0.015625
vt 4.0 -0.894531
vt 0.0 -0.894531
vt 0.0 -0.988281
vt 4.0 -0.988281
vt -0.375 0.980469
vt -1.0 0.980469
vt -1.0 0.792969
vt -0.375 0.792969
vt 0.625 1.75
vt 0.625 1.25
vt 1.375 1.25
vt 1.375 1.75
vt -0.125 0.242188
vt -1.0 0.242188
vt -1.0 0.023438
vt -0.125 0.023438
vt -3.008738 0.980469
vt -4.208008 0.980469
vt -4.208008 0.792969
vt -3.008738 0.792969
vt -3.008739 0.242188
vt -4.208008 0.242188
vt -4.208008 0.023438
vt -3.008739 0.023438
vt 0.878906 1.984375
vt 0.625 1.753906
vt 1.125 1.980469
vt 0.625 1.980469
vt 1.375 1.980469
vt 1.0 1.0625
vt -3.008738 0.242188
vt -1.0 0.0625
vt -0.508738 0.0625
vt -0.508738 0.375
vt -1.0 0.375
vt -0.508738 0.9375
vt -1.0 0.9375
vt 1.0 0.9375
vt 0.5 0.9375
vt 1.0 0.375
vt 0.0 0.375
vt 0.0 0.0625
vt 1.0 0.0625
vt 0.0 0.9375
vt -3.0 0.980469
vt -4.0 0.980469
vt -4.0 0.792969
vt -3.0 0.792969
vt -3.0 0.242188
vt -4.0 0.242188
vt -4.0 0.023438
vt -3.0 0.023438
vt -1.5 0.375
vt -0.5 0.375
vt -0.5 0.9375
vt -1.5 0.9375
vt -1.5 0.0625
vt -0.5 0.0625
vt 1.0 0.375
vt 0.0 0.375
vt 0.0 0.0625
vt 1.0 0.0625
vt 0.5 0.792969
vt 1.0 0.855469
vt 0.0 0.855469
vt -1.009435 0.761304
vt -1.0625 0.242188
vt -0.9375 0.242188
vt 1.196412 0.242188
vt 1.125 0.242188
vt 1.125 0.023438
vt 1.240034 0.023438
vt -1.0625 0.023438
vt -0.9375 0.023438
vt 0.951918 0.787574
vt 0.805755 0.242188
vt 0.875 0.242188
vt 1.038228 0.792969
vt 1.196412 0.242188
vt 0.805755 0.242188
vt 0.761904 0.023438
vt 0.875 0.023438
vt -3.0 0.980469
vt -4.0 0.980469
vt -4.0 0.792969
vt -3.0 0.792969
vt -3.0 0.242188
vt -4.0 0.242188
vt -4.0 0.023438
vt -3.0 0.023438
vt -4.0 0.0625
vt -3.0 0.0625
vt -3.0 0.375
vt -4.0 0.375
vt -3.0 0.9375
vt -4.0 0.9375
vt 0.841797 -0.986328
vt 0.998047 -0.986328
vt 0.966797 -0.892578
vt 0.841797 -0.892578
vt 0.498047 -0.986328
vt 0.654297 -0.986328
vt 0.654297 -0.892578
vt 0.529297 -0.892578
vt -0.470703 -0.892578
vt -0.345703 -0.892578
vt -0.345703 -0.605469
vt -0.158203 -0.892578
vt -0.158203 -0.605469
vt -0.033203 -0.892578
vt -0.158203 -0.109375
vt -0.251953 -0.015625
vt -0.345703 -0.109375
vt 1.000001 0.5
vt 1.0 0.0
vt 1.500001 0.0
vt 1.500002 0.500001
vt 1.5 -0.394531
vt 1.5 -0.097656
vt 0.0 -0.097656
vt 0.0 -0.394531
vt 1.5 -0.015625
vt 0.0 -0.015625
vt 1.5 -0.894531
vt 0.0 -0.894531
vt 0.0 -0.988281
vt 1.5 -0.988281
vt 0.4375 -0.390625
vt 0.285156 -0.390625
vt 0.285156 -0.09375
vt 0.4375 -0.09375
vt 0.4375 -0.390625
vt 0.4375 0.107422
vt 0.285156 0.107422
vt 0.285156 0.017578
vt 0.4375 0.107422
vt 0.4375 -0.09375
vt 0.285156 -0.09375
vt 0.4375 -0.390625
vt 1.0 -0.099609
vt 1.279297 -0.099609
vt 1.5 -0.013672
vt 1.0 -0.013672
vt 1.5 0.986328
vt 1.279297 0.900391
vt 1.0 0.900391
vt 1.0 0.986328
vt 0.5 -0.394531
vt 0.5 -0.097656
vt 0.0 -0.097656
vt 0.0 -0.394531
vt 0.5 -0.015625
vt 0.0 -0.015625
vt 0.5 -0.394531
vt 0.0 -0.394531
vt 0.0 -0.488281
vt 0.5 -0.488281
vt 1.0 0.980469
vt 0.375 0.980469
vt 0.375 0.792969
vt 1.0 0.792969
vt -2.0 0.242188
vt -1.0 0.242188
vt -1.0 0.792969
vt -2.0 0.792969
vt 1.0 0.242188
vt 0.125 0.242188
vt 0.125 0.023438
vt 1.0 0.023438
vt -0.375 0.980469
vt -1.0 0.980469
vt -0.375 0.792969
vt -0.125 0.242188
vt -1.0 0.023438
vt -0.125 0.023438
vt -2.0 0.980469
vt 0.625 1.25
vt 1.375 1.25
vt 1.375 1.75
vt 0.625 1.75
vt -2.0 0.023438
vt 0.878906 1.984375
vt 0.625 1.753906
vt 1.125 1.980469
vt 0.625 1.980469
vt 1.375 1.980469
vt 1.0 1.0625
vt 3.0 0.0625
vt 3.5 0.0625
vt 3.5 0.375
vt 3.0 0.375
vt 3.5 0.9375
vt 3.0 0.9375
vt 0.0 0.9375
vt 0.0 0.375
vt 0.5 0.9375
vt 1.0 0.375
vt 1.0 0.9375
vt 0.0 0.0625
vt 1.0 0.0625
vt -5.0 0.792969
vt -10.0 0.792969
vt -10.0 0.242188
vt -5.0 0.242188
vt -10.0 0.023438
vt -5.0 0.023438
vt -5.0 0.980469
vt -10.0 0.980469
vt 15.0 0.0625
vt 20.0 0.0625
vt 20.0 0.375
vt 15.0 0.375
vt 17.5 0.9375
vt 15.0 0.9375
vt -8.0 0.792969
vt -8.0 0.242188
vt 0.0 0.242188
vt 0.0 0.792969
vt -8.0 0.023438
vt 0.0 0.023438
vt 0.0 0.980469
vt -8.0 0.980469
vt 0.0 0.375
vt -8.0 0.375
vt -8.0 0.0625
vt 0.0 0.0625
vt 0.0 0.9375
vt -8.0 0.9375
vt 1.0 0.375
vt 0.0 0.375
vt 0.0 0.0625
vt 1.0 0.0625
vt 0.5 0.792969
vt 1.0 0.855469
vt 0.0 0.855469
vt -1.009435 0.761304
vt -1.0625 0.242188
vt -0.9375 0.242188
vt 1.196412 0.242188
vt 1.125 0.242188
vt 1.125 0.023438
vt 1.240034 0.023438
vt -1.0625 0.023438
vt -0.9375 0.023438
vt 0.951918 0.787574
vt 0.805755 0.242188
vt 0.875 0.242188
vt 1.038228 0.792969
vt 1.196412 0.242188
vt 0.805755 0.242188
vt 0.761904 0.023438
vt 0.875 0.023438
vt -5.0 0.792969
vt -10.0 0.792969
vt -10.0 0.242188
vt -5.0 0.242188
vt -10.0 0.023438
vt -5.0 0.023438
vt -5.0 0.980469
vt -10.0 0.980469
vt 15.0 0.0625
vt 20.0 0.0625
vt 20.0 0.375
vt 15.0 0.375
vt 17.5 0.9375
vt 15.0 0.9375
vt 1.0 0.980469
vt 0.375 0.980469
vt 0.375 0.792969
vt 1.0 0.792969
vt 1.0 0.242188
vt 0.125 0.242188
vt 0.125 0.023438
vt 1.0 0.023438
vt -0.375 0.980469
vt -1.0 0.980469
vt -1.0 0.792969
vt -0.375 0.792969
vt 0.625 1.25
vt 1.375 1.25
vt 1.375 1.75
vt 0.625 1.75
vt -0.125 0.242188
vt -1.0 0.242188
vt -1.0 0.023438
vt -0.125 0.023438
vt 0.878906 1.984375
vt 0.625 1.753906
vt 1.125 1.980469
vt 0.625 1.980469
vt 1.375 1.980469
vt 1.0 1.0625
vt 0.0 0.9375
vt 0.0 0.375
vt 0.5 0.9375
vt 1.0 0.375
vt 1.0 0.9375
vt 0.0 0.0625
vt 1.0 0.0625
vt 0.5 -0.394531
vt 0.5 -0.097656
vt 0.0 -0.097656
vt 0.0 -0.394531
vt 0.5 -0.015625
vt 0.0 -0.015625
vt 0.5 -0.894531
vt 0.0 -0.894531
vt 0.0 -0.988281
vt 0.5 -0.988281
vt 1.0 0.0
vt 0.0 0.0
vt 0.0 -1.0
vt 1.0 -1.0
vt 1.0 0.0
vt 0.0 0.0
vt 0.0 -1.0
vt 1.0 -1.0
vt 1.0 0.0
vt 0.0 0.0
vt 0.0 -1.0
vt 1.0 -1.0
vt 1.0 0.0
vt 0.0 0.0
vt 0.0 -1.0
vt 1.0 -1.0
vt 1.0 0.0
vt 0.0 0.0
vt 0.0 -1.0
vt 1.0 -1.0
vt 1.0 0.0
vt 0.0 0.0
vt 0.0 -1.0
vt 1.0 -1.0
vt 1.0 0.0
vt 0.0 0.0
vt 0.0 -1.0
vt 1.0 -1.0
vt 1.0 0.0
vt 0.0 0.0
vt 0.0 -1.0
vt 1.0 -1.0
vt 0.4375 -0.390625
vt 0.285156 -0.390625
vt 0.285156 -0.09375
vt 0.4375 -0.09375
vt 0.4375 -0.390625
vt 0.4375 0.107422
vt 0.285156 0.107422
vt 0.285156 0.017578
vt 0.4375 0.107422
vt 0.4375 -0.09375
vt 0.285156 -0.09375
vt 0.4375 -0.390625
vt 1.0 -0.099609
vt 1.279297 -0.099609
vt 1.5 -0.013672
vt 1.0 -0.013672
vt 1.5 0.986328
vt 1.279297 0.900391
vt 1.0 0.900391
vt 1.0 0.986328
vt 0.5 -0.394531
vt 0.5 -0.097656
vt 0.0 -0.097656
vt 0.0 -0.394531
vt 0.5 -0.015625
vt 0.0 -0.015625
vt 0.5 -0.394531
vt 0.0 -0.394531
vt 0.0 -0.488281
vt 0.5 -0.488281
vt 0.5 -0.394531
vt 0.5 -0.097656
vt 0.0 -0.097656
vt 0.0 -0.394531
vt 0.5 -0.015625
vt 0.0 -0.015625
vt 0.5 -0.894531
vt 0.0 -0.894531
vt 0.0 -0.988281
vt 0.5 -0.988281
vt 2.0 -0.394531
vt 2.0 -0.097656
vt 0.0 -0.097656
vt 0.0 -0.394531
vt 2.0 -0.015625
vt 0.0 -0.015625
vt 2.0 -0.894531
vt 0.0 -0.894531
vt 0.0 -0.988281
vt 2.0 -0.988281
vt -24.0 0.980469
vt -32.0 0.980469
vt -32.0 0.792969
vt -24.0 0.792969
vt -24.0 0.242188
vt -32.0 0.242188
vt -32.0 0.023438
vt -24.0 0.023438
vt -32.0 0.0625
vt -24.0 0.0625
vt -24.0 0.375
vt -32.0 0.375
vt -24.0 0.9375
vt -32.0 0.9375
vt 0.841797 -0.986328
vt 0.998047 -0.986328
vt 0.966797 -0.892578
vt 0.841797 -0.892578
vt 0.498047 -0.986328
vt 0.654297 -0.986328
vt 0.654297 -0.892578
vt 0.529297 -0.892578
vt -0.470703 -0.892578
vt -0.345703 -0.892578
vt -0.345703 -0.605469
vt -0.158203 -0.892578
vt -0.158203 -0.605469
vt -0.033203 -0.892578
vt -0.158203 -0.109375
vt -0.251953 -0.015625
vt -0.345703 -0.109375
vt 1.000001 0.5
vt 1.0 0.0
vt 1.500001 0.0
vt 1.500002 0.500001
vt 2.5 -0.394531
vt 2.5 -0.097656
vt 0.0 -0.097656
vt 0.0 -0.394531
vt 2.5 -0.015625
vt 0.0 -0.015625
vt 2.5 -0.894531
vt 0.0 -0.894531
vt 0.0 -0.988281
vt 2.5 -0.988281
vt 0.4375 -0.390625
vt 0.285156 -0.390625
vt 0.285156 -0.09375
vt 0.4375 -0.09375
vt 0.4375 -0.390625
vt 0.4375 0.107422
vt 0.285156 0.107422
vt 0.285156 0.017578
vt 0.4375 0.107422
vt 0.4375 -0.09375
vt 0.285156 -0.09375
vt 0.4375 -0.390625
vt 1.0 -0.099609
vt 1.279297 -0.099609
vt 1.5 -0.013672
vt 1.0 -0.013672
vt 1.5 0.986328
vt 1.279297 0.900391
vt 1.0 0.900391
vt 1.0 0.986328
vt 10.0 14.0
vt 8.5 12.5
vt 8.5 14.0
vt 10.0 12.5
vt 1.000001 0.5
vt 1.0 0.0
vt 1.500002 0.0
vt 1.500003 0.5
vt 0.841797 -0.486328
vt 0.998047 -0.486328
vt 0.966797 -0.392578
vt 0.841797 -0.392578
vt 0.498047 -0.486328
vt 0.654297 -0.486328
vt 0.654297 -0.392578
vt 0.529297 -0.392578
vt -0.470703 -0.892578
vt -0.345703 -0.892578
vt -0.345703 -0.605469
vt -0.158203 -0.892578
vt -0.158203 -0.605469
vt -0.033203 -0.892578
vt -0.158203 -0.109375
vt -0.251953 -0.015625
vt -0.345703 -0.109375
vt 1.5 -0.394531
vt 1.5 -0.097656
vt 0.0 -0.097656
vt 0.0 -0.394531
vt 1.5 -0.015625
vt 0.0 -0.015625
vt 1.5 -0.894531
vt 0.0 -0.894531
vt 0.0 -0.988281
vt 1.5 -0.988281
vt 4.0 -0.394531
vt 4.0 -0.097656
vt 0.0 -0.097656
vt 0.0 -0.394531
vt 4.0 -0.015625
vt 0.0 -0.015625
vt 4.0 -0.894531
vt 0.0 -0.894531
vt 0.0 -0.988281
vt 4.0 -0.988281
vt 11.0 9.0
vt 9.0 9.0
vt 9.0 5.0
vt 11.0 5.0
vt 9.0 9.0
vt 13.0 9.0
vt 13.0 10.5
vt 9.0 10.5
vt 10.0 12.0
vt 9.0 12.0
vt 9.0 10.5
vt 10.0 10.5
vt 1.0 -0.394531
vt 1.0 -0.097656
vt 0.0 -0.097656
vt 0.0 -0.394531
vt 1.0 -0.015625
vt 0.0 -0.015625
vt 1.0 -0.394531
vt 0.0 -0.394531
vt 0.0 -0.488281
vt 1.0 -0.488281
vt 9.0 16.0
vt 11.5 14.5
vt 11.5 16.0
vt 9.0 14.5
vt 13.0 10.7421875
vt 10.0 10.7421875
vt 10.0 10.5
vt 13.0 10.5
vt -0.375 0.980469
vt -1.0 0.980469
vt -1.0 0.792969
vt -0.375 0.792969
vt 0.625 1.75
vt 0.625 1.25
vt 1.375 1.25
vt 1.375 1.75
vt -0.125 0.242188
vt -1.0 0.242188
vt -1.0 0.023438
vt -0.125 0.023438
vt -3.008738 0.980469
vt -4.208008 0.980469
vt -4.208008 0.792969
vt -3.008738 0.792969
vt -3.008739 0.242188
vt -4.208008 0.242188
vt -4.208008 0.023438
vt -3.008739 0.023438
vt 0.878906 1.984375
vt 0.625 1.753906
vt 1.125 1.980469
vt 0.625 1.980469
vt 1.375 1.980469
vt 1.0 1.0625
vt -3.008738 0.242188
vt -1.0 0.0625
vt -0.508738 0.0625
vt -0.508738 0.375
vt -1.0 0.375
vt -0.508738 0.9375
vt -1.0 0.9375
vt 1.0 0.9375
vt 0.5 0.9375
vt 1.0 0.375
vt 0.0 0.375
vt 0.0 0.0625
vt 1.0 0.0625
vt 0.0 0.9375
vt -6.0 0.980469
vt -8.0 0.980469
vt -8.0 0.792969
vt -6.0 0.792969
vt -6.0 0.242188
vt -8.0 0.242188
vt -8.0 0.023438
vt -6.0 0.023438
vt -3.0 0.375
vt -1.0 0.375
vt -1.0 0.9375
vt -3.0 0.9375
vt -3.0 0.0625
vt -1.0 0.0625
vt 1.0 0.980469
vt 0.375 0.980469
vt 0.375 0.792969
vt 1.0 0.792969
vt -1.0 0.792969
vt -1.0 0.242188
vt -0.125 0.242188
vt -0.375 0.792969
vt 1.0 0.242188
vt 0.125 0.242188
vt 0.125 0.023438
vt 1.0 0.023438
vt -0.375 0.980469
vt -1.0 0.980469
vt 0.625 1.75
vt 0.625 1.25
vt 1.375 1.25
vt 1.375 1.75
vt -1.0 0.023438
vt -0.125 0.023438
vt 0.878906 1.984375
vt 0.625 1.753906
vt 1.125 1.980469
vt 0.625 1.980469
vt 1.375 1.980469
vt 1.0 1.0625
vt 0.0 0.9375
vt 0.0 0.375
vt 0.5 0.9375
vt 1.0 0.375
vt 1.0 0.9375
vt 0.0 0.0625
vt 1.0 0.0625
vt 13.0 14.0
vt 10.0 14.0
vt 10.0 13.0
vt 13.0 13.0
vt 0.271484 -0.75
vt 0.960938 -0.75
vt 0.960938 -0.984375
vt 0.271484 -0.984375
vt 0.056641 -0.939453
vt 0.078125 -0.964844
vt 0.078125 -0.951172
vt 0.056641 -0.925781
vt 0.109375 -0.832031
vt 0.109375 -0.791016
vt 0.033203 -0.791016
vt 0.033203 -0.832031
vt 0.023438 -0.943359
vt 0.023438 -0.964844
vt 0.033203 -0.960938
vt 0.033203 -0.943359
vt 0.144531 -0.796875
vt 0.144531 -0.839844
vt 0.222656 -0.839844
vt 0.222656 -0.796875
vt 0.2125 0.0875
vt 0.2125 0.081944
vt 0.2125 0.068273
vt 0.2125 0.0875
vt 0.2125 0.081944
vt 0.2125 0.0875
vt 0.2125 0.0875
vt 0.2125 0.068273
vt 0.042969 -0.964844
vt 0.042969 -0.943359
vt 0.033203 -0.943359
vt 0.033203 -0.960938
vt 0.101562 -0.925781
vt 0.080078 -0.951172
vt 0.080078 -0.964844
vt 0.101562 -0.939453
vt 0.960938 -0.984375
vt 0.960938 -0.75
vt 0.271484 -0.75
vt 0.271484 -0.984375
vt 0.2125 0.081944
vt 0.1625 0.0375
vt 0.1625 0.053342
vt 0.2 0.0875
vt 0.146484 -0.84375
vt 0.224609 -0.84375
vt 0.224609 -0.800781
vt 0.146484 -0.800781
vt 0.109375 -0.925781
vt 0.109375 -0.939453
vt 0.109375 -0.791016
vt 0.03125 -0.791016
vt 0.03125 -0.832031
vt 0.109375 -0.832031
vt 0.1625 0.0375
vt 0.2125 0.081944
vt 0.2 0.0875
vt 0.1625 0.053342
vt 0.048828 -0.939453
vt 0.048828 -0.925781
vt 0.2 0.0875
vt 0.2125 0.081944
vt 0.2125 0.0875
vt 0.2125 0.081944
vt 0.2 0.0875
vt 0.2125 0.0875
vt 1.125 -0.726562
vt 1.125 -0.039062
vt 0.0 -0.039062
vt 0.0 -0.726562
vt -4.0 0.792969
vt -4.0 0.242188
vt 0.0 0.242188
vt 0.0 0.792969
vt -4.0 0.023438
vt 0.0 0.023438
vt 0.0 0.980469
vt -4.0 0.980469
vt 0.0 0.375
vt -4.0 0.375
vt -4.0 0.0625
vt 0.0 0.0625
vt 0.0 0.9375
vt -4.0 0.9375
vt -12.0 0.980469
vt -16.0 0.980469
vt -16.0 0.792969
vt -12.0 0.792969
vt -12.0 0.242188
vt -16.0 0.242188
vt -16.0 0.023438
vt -12.0 0.023438
vt -16.0 0.0625
vt -12.0 0.0625
vt -12.0 0.375
vt -16.0 0.375
vt -12.0 0.9375
vt -16.0 0.9375
vt 1.0 0.0
vt 0.0 0.0
vt 0.0 -1.0
vt 1.0 -1.0
vt 1.0 0.0
vt 0.0 0.0
vt 0.0 -1.0
vt 1.0 -1.0
vt 1.0 0.0
vt 0.0 0.0
vt 0.0 -1.0
vt 1.0 -1.0
vt 1.0 0.0
vt 0.0 0.0
vt 0.0 -1.0
vt 1.0 -1.0
vt 12.0 2.5
vt 11.0 2.5
vt 11.0 2.0
vt 12.0 2.0
vt 1.0 0.0
vt 0.0 0.0
vt 0.0 -1.0
vt 1.0 -1.0
vt 1.0 0.0
vt 0.0 0.0
vt 0.0 -1.0
vt 1.0 -1.0
vt 1.0 0.0
vt 0.0 0.0
vt 0.0 -1.0
vt 1.0 -1.0
vt 1.0 0.0
vt 0.0 0.0
vt 0.0 -1.0
vt 1.0 -1.0
vt 1.0 0.0
vt 0.0 0.0
vt 0.0 -1.0
vt 1.0 -1.0
vt 1.0 0.0
vt 0.0 0.0
vt 0.0 -1.0
vt 1.0 -1.0
vt 14.0 9.0
vt 11.0 9.0
vt 11.0 8.0
vt 14.0 8.0
vt 0.5 -0.394531
vt 0.5 -0.097656
vt 0.0 -0.097656
vt 0.0 -0.394531
vt 0.5 -0.015625
vt 0.0 -0.015625
vt 0.5 -0.894531
vt 0.0 -0.894531
vt 0.0 -0.988281
vt 0.5 -0.988281
vt 2.5 -0.394531
vt 2.5 -0.097656
vt 0.0 -0.097656
vt 0.0 -0.394531
vt 2.5 -0.015625
vt 0.0 -0.015625
vt 2.5 -0.394531
vt 0.0 -0.394531
vt 0.0 -0.488281
vt 2.5 -0.488281
vt 1.000001 0.5
vt 1.0 0.0
vt 1.500002 0.0
vt 1.500003 0.5
vt -0.470703 -0.892578
vt -0.345703 -0.892578
vt -0.345703 -0.605469
vt -0.158203 -0.892578
vt -0.158203 -0.605469
vt -0.033203 -0.892578
vt -0.158203 -0.109375
vt -0.251953 -0.015625
vt -0.345703 -0.109375
vt 0.841797 -0.486328
vt 0.998047 -0.486328
vt 0.966797 -0.392578
vt 0.841797 -0.392578
vt 0.498047 -0.486328
vt 0.654297 -0.486328
vt 0.654297 -0.392578
vt 0.529297 -0.392578
vt 1.0 -0.394531
vt 1.0 -0.097656
vt 0.0 -0.097656
vt 0.0 -0.394531
vt 1.0 -0.015625
vt 0.0 -0.015625
vt 1.0 -0.394531
vt 0.0 -0.394531
vt 0.0 -0.488281
vt 1.0 -0.488281
vt 2.5 -0.394531
vt 2.5 -0.097656
vt 0.0 -0.097656
vt 0.0 -0.394531
vt 2.5 -0.015625
vt 0.0 -0.015625
vt 2.5 -0.894531
vt 0.0 -0.894531
vt 0.0 -0.988281
vt 2.5 -0.988281
vt 0.841797 -0.986328
vt 0.998047 -0.986328
vt 0.966797 -0.892578
vt 0.841797 -0.892578
vt 0.498047 -0.986328
vt 0.654297 -0.986328
vt 0.654297 -0.892578
vt 0.529297 -0.892578
vt -0.470703 -0.892578
vt -0.345703 -0.892578
vt -0.345703 -0.605469
vt -0.158203 -0.892578
vt -0.158203 -0.605469
vt -0.033203 -0.892578
vt -0.158203 -0.109375
vt -0.251953 -0.015625
vt -0.345703 -0.109375
vt 1.000001 0.5
vt 1.0 0.0
vt 1.500001 0.0
vt 1.500002 0.500001
vt -1.0 0.792969
vt -1.0 0.242188
vt 0.0 0.242188
vt 0.0 0.792969
vt -1.0 0.023438
vt 0.0 0.023438
vt 0.0 0.980469
vt -1.0 0.980469
vt 0.0 0.375
vt -1.0 0.375
vt -1.0 0.0625
vt 0.0 0.0625
vt 0.0 0.9375
vt -1.0 0.9375
vt 1.0 0.0
vt 0.0 0.0
vt 0.0 -1.0
vt 1.0 -1.0
vt 1.0 0.0
vt 0.0 0.0
vt 0.0 -1.0
vt 1.0 -1.0
vt 1.0 0.0
vt 0.0 0.0
vt 0.0 -1.0
vt 1.0 -1.0
vt 1.0 0.0
vt 0.0 0.0
vt 0.0 -1.0
vt 1.0 -1.0
vt 1.0 0.0
vt 0.0 0.0
vt 0.0 -1.0
vt 1.0 -1.0
vt 1.0 0.0
vt 0.0 0.0
vt 0.0 -1.0
vt 1.0 -1.0
vt 2.5 -0.394531
vt 2.5 -0.097656
vt 0.0 -0.097656
vt 0.0 -0.394531
vt 2.5 -0.015625
vt 0.0 -0.015625
vt 2.5 -0.894531
vt 0.0 -0.894531
vt 0.0 -0.988281
vt 2.5 -0.988281
vt 0.841797 -0.986328
vt 0.998047 -0.986328
vt 0.966797 -0.892578
vt 0.841797 -0.892578
vt 0.498047 -0.986328
vt 0.654297 -0.986328
vt 0.654297 -0.892578
vt 0.529297 -0.892578
vt -0.470703 -0.892578
vt -0.345703 -0.892578
vt -0.345703 -0.605469
vt -0.158203 -0.892578
vt -0.158203 -0.605469
vt -0.033203 -0.892578
vt -0.158203 -0.109375
vt -0.251953 -0.015625
vt -0.345703 -0.109375
vt 1.000001 0.5
vt 1.0 0.0
vt 1.5 -0.0
vt 1.500001 0.5
vt 0.5 -0.394531
vt 0.5 -0.097656
vt 0.0 -0.097656
vt 0.0 -0.394531
vt 0.5 -0.015625
vt 0.0 -0.015625
vt 0.5 -0.894531
vt 0.0 -0.894531
vt 0.0 -0.988281
vt 0.5 -0.988281
vt -18.0 0.980469
vt -24.0 0.980469
vt -24.0 0.792969
vt -18.0 0.792969
vt -18.0 0.242188
vt -24.0 0.242188
vt -24.0 0.023438
vt -18.0 0.023438
vt -9.0 0.375
vt -3.0 0.375
vt -3.0 0.9375
vt -9.0 0.9375
vt -9.0 0.0625
vt -3.0 0.0625
vt 1.0 0.375
vt 0.0 0.375
vt 0.0 0.0625
vt 1.0 0.0625
vt 0.5 0.792969
vt 1.0 0.855469
vt 0.0 0.855469
vt -1.009435 0.761304
vt -1.0625 0.242188
vt -0.9375 0.242188
vt 1.196412 0.242188
vt 1.125 0.242188
vt 1.125 0.023438
vt 1.240034 0.023438
vt -1.0625 0.023438
vt -0.9375 0.023438
vt 0.951918 0.787574
vt 0.805755 0.242188
vt 0.875 0.242188
vt 1.038228 0.792969
vt 1.196412 0.242188
vt 0.805755 0.242188
vt 0.761904 0.023438
vt 0.875 0.023438
vt -3.0 0.980469
vt -4.0 0.980469
vt -4.0 0.792969
vt -3.0 0.792969
vt -3.0 0.242188
vt -4.0 0.242188
vt -4.0 0.023438
vt -3.0 0.023438
vt -4.0 0.0625
vt -3.0 0.0625
vt -3.0 0.375
vt -4.0 0.375
vt -3.0 0.9375
vt -4.0 0.9375
vt 1.0 0.980469
vt 0.375 0.980469
vt 0.375 0.792969
vt 1.0 0.792969
vt -2.0 0.242188
vt -1.0 0.242188
vt -1.0 0.792969
vt -2.0 0.792969
vt 1.0 0.242188
vt 0.125 0.242188
vt 0.125 0.023438
vt 1.0 0.023438
vt -0.375 0.980469
vt -1.0 0.980469
vt -0.375 0.792969
vt -0.125 0.242188
vt -1.0 0.023438
vt -0.125 0.023438
vt -2.0 0.980469
vt 0.625 1.25
vt 1.375 1.25
vt 1.375 1.75
vt 0.625 1.75
vt -2.0 0.023438
vt 0.878906 1.984375
vt 0.625 1.753906
vt 1.125 1.980469
vt 0.625 1.980469
vt 1.375 1.980469
vt 1.0 1.0625
vt 3.0 0.0625
vt 3.5 0.0625
vt 3.5 0.375
vt 3.0 0.375
vt 3.5 0.9375
vt 3.0 0.9375
vt 0.0 0.9375
vt 0.0 0.375
vt 0.5 0.9375
vt 1.0 0.375
vt 1.0 0.9375
vt 0.0 0.0625
vt 1.0 0.0625
vt -2.0 0.792969
vt -4.0 0.792969
vt -4.0 0.242188
vt -2.0 0.242188
vt -4.0 0.023438
vt -2.0 0.023438
vt -2.0 0.980469
vt -4.0 0.980469
vt 6.0 0.0625
vt 8.0 0.0625
vt 8.0 0.375
vt 6.0 0.375
vt 7.0 0.9375
vt 6.0 0.9375
vt 1.0 0.980469
vt 0.375 0.980469
vt 0.375 0.792969
vt 1.0 0.792969
vt 1.0 0.242188
vt 0.125 0.242188
vt 0.125 0.023438
vt 1.0 0.023438
vt -0.375 0.980469
vt -1.0 0.980469
vt -1.0 0.792969
vt -0.375 0.792969
vt 0.625 1.25
vt 1.375 1.25
vt 1.375 1.75
vt 0.625 1.75
vt -0.125 0.242188
vt -1.0 0.242188
vt -1.0 0.023438
vt -0.125 0.023438
vt 0.878906 1.984375
vt 0.625 1.753906
vt 1.125 1.980469
vt 0.625 1.980469
vt 1.375 1.980469
vt 1.0 1.0625
vt 0.0 0.9375
vt 0.0 0.375
vt 0.5 0.9375
vt 1.0 0.375
vt 1.0 0.9375
vt 0.0 0.0625
vt 1.0 0.0625
vt 2.5 -0.394531
vt 2.5 -0.097656
vt 0.0 -0.097656
vt 0.0 -0.394531
vt 2.5 -0.015625
vt 0.0 -0.015625
vt 2.5 -0.894531
vt 0.0 -0.894531
vt 0.0 -0.988281
vt 2.5 -0.988281
vt 0.841797 -0.986328
vt 0.998047 -0.986328
vt 0.966797 -0.892578
vt 0.841797 -0.892578
vt 0.498047 -0.986328
vt 0.654297 -0.986328
vt 0.654297 -0.892578
vt 0.529297 -0.892578
vt -0.470703 -0.892578
vt -0.345703 -0.892578
vt -0.345703 -0.605469
vt -0.158203 -0.892578
vt -0.158203 -0.605469
vt -0.033203 -0.892578
vt -0.158203 -0.109375
vt -0.251953 -0.015625
vt -0.345703 -0.109375
vt 1.000001 0.5
vt 1.0 0.0
vt 1.5 -0.0
vt 1.500001 0.5
vt 1.0 0.375
vt 0.0 0.375
vt 0.0 0.0625
vt 1.0 0.0625
vt 0.5 0.792969
vt 1.0 0.855469
vt 0.0 0.855469
vt -1.009435 0.761304
vt -1.0625 0.242188
vt -0.9375 0.242188
vt 1.196412 0.242188
vt 1.125 0.242188
vt 1.125 0.023438
vt 1.240034 0.023438
vt -1.0625 0.023438
vt -0.9375 0.023438
vt 0.951918 0.787574
vt 0.805755 0.242188
vt 0.875 0.242188
vt 1.038228 0.792969
vt 1.196412 0.242188
vt 0.805755 0.242188
vt 0.761904 0.023438
vt 0.875 0.023438
vt -6.0 0.792969
vt -12.0 0.792969
vt -12.0 0.242188
vt -6.0 0.242188
vt -12.0 0.023438
vt -6.0 0.023438
vt -6.0 0.980469
vt -12.0 0.980469
vt 18.0 0.0625
vt 24.0 0.0625
vt 24.0 0.375
vt 18.0 0.375
vt 21.0 0.9375
vt 18.0 0.9375
vt 1.0 0.980469
vt 0.375 0.980469
vt 0.375 0.792969
vt 1.0 0.792969
vt 1.0 0.242188
vt 0.125 0.242188
vt 0.125 0.023438
vt 1.0 0.023438
vt -0.375 0.980469
vt -1.0 0.980469
vt -1.0 0.792969
vt -0.375 0.792969
vt 0.625 1.25
vt 1.375 1.25
vt 1.375 1.75
vt 0.625 1.75
vt -0.125 0.242188
vt -1.0 0.242188
vt -1.0 0.023438
vt -0.125 0.023438
vt 0.878906 1.984375
vt 0.625 1.753906
vt 1.125 1.980469
vt 0.625 1.980469
vt 1.375 1.980469
vt 1.0 1.0625
vt 0.0 0.9375
vt 0.0 0.375
vt 0.5 0.9375
vt 1.0 0.375
vt 1.0 0.9375
vt 0.0 0.0625
vt 1.0 0.0625
vt 0.5 -0.394531
vt 0.5 -0.097656
vt 0.0 -0.097656
vt 0.0 -0.394531
vt 0.5 -0.015625
vt 0.0 -0.015625
vt 0.5 -0.894531
vt 0.0 -0.894531
vt 0.0 -0.988281
vt 0.5 -0.988281
vt 1.0 0.0
vt 0.0 0.0
vt 0.0 -1.0
vt 1.0 -1.0
vt 1.0 0.0
vt 0.0 0.0
vt 0.0 -1.0
vt 1.0 -1.0
vt 1.0 0.0
vt 0.0 0.0
vt 0.0 -1.0
vt 1.0 -1.0
vt 1.0 0.0
vt 0.0 0.0
vt 0.0 -1.0
vt 1.0 -1.0
vt 1.0 0.0
vt 0.0 0.0
vt 0.0 -1.0
vt 1.0 -1.0
vt 1.0 0.0
vt 0.0 0.0
vt 0.0 -1.0
vt 1.0 -1.0
vt 13.0 13.0
vt 13.0 9.0
vt 13.5 13.0
vt 13.5 9.0
vt 2.0 -2.0
vt 4.0 -2.0
vt 4.0 0.0
vt 2.0 0.0
vt 2.5 -0.394531
vt 2.5 -0.097656
vt 0.0 -0.097656
vt 0.0 -0.394531
vt 2.5 -0.015625
vt 0.0 -0.015625
vt 2.5 -0.894531
vt 0.0 -0.894531
vt 0.0 -0.988281
vt 2.5 -0.988281
vt -15.0 0.980469
vt -20.0 0.980469
vt -20.0 0.792969
vt -15.0 0.792969
vt -15.0 0.242188
vt -20.0 0.242188
vt -20.0 0.023438
vt -15.0 0.023438
vt -20.0 0.0625
vt -15.0 0.0625
vt -15.0 0.375
vt -20.0 0.375
vt -15.0 0.9375
vt -20.0 0.9375
vt 0.841797 -0.986328
vt 0.998047 -0.986328
vt 0.966797 -0.892578
vt 0.841797 -0.892578
vt 0.498047 -0.986328
vt 0.654297 -0.986328
vt 0.654297 -0.892578
vt 0.529297 -0.892578
vt -0.470703 -0.892578
vt -0.345703 -0.892578
vt -0.345703 -0.605469
vt -0.158203 -0.892578
vt -0.158203 -0.605469
vt -0.033203 -0.892578
vt -0.158203 -0.109375
vt -0.251953 -0.015625
vt -0.345703 -0.109375
vt 1.000001 0.5
vt 1.0 0.0
vt 1.500001 0.0
vt 1.500002 0.500001
vt 3.0 -0.394531
vt 3.0 -0.097656
vt 0.0 -0.097656
vt 0.0 -0.394531
vt 3.0 -0.015625
vt 0.0 -0.015625
vt 3.0 -0.894531
vt 0.0 -0.894531
vt 0.0 -0.988281
vt 3.0 -0.988281
vt 0.4375 -0.390625
vt 0.285156 -0.390625
vt 0.285156 -0.09375
vt 0.4375 -0.09375
vt 0.4375 -0.390625
vt 0.4375 0.607422
vt 0.285156 0.607422
vt 0.285156 0.517578
vt 0.4375 0.607422
vt 0.4375 -0.09375
vt 0.285156 -0.09375
vt 0.4375 -0.390625
vt 1.5 0.986328
vt 1.279297 0.900391
vt 1.0 0.900391
vt 1.0 0.986328
vt 1.0 -0.099609
vt 1.279297 -0.099609
vt 1.5 -0.013672
vt 1.0 -0.013672
vt 13.5 12.5
vt 14.0 9.0
vt 14.0 12.5
vt 13.5 9.0
vt 1.0 -1.0
vt 2.0 -1.0
vt 2.0 0.0
vt 1.0 0.0
vt 2.0 -0.394531
vt 2.0 -0.097656
vt 0.0 -0.097656
vt 0.0 -0.394531
vt 2.0 -0.015625
vt 0.0 -0.015625
vt 2.0 -0.894531
vt 0.0 -0.894531
vt 0.0 -0.988281
vt 2.0 -0.988281
vt 0.841797 -0.986328
vt 0.998047 -0.986328
vt 0.966797 -0.892578
vt 0.841797 -0.892578
vt 0.498047 -0.986328
vt 0.654297 -0.986328
vt 0.654297 -0.892578
vt 0.529297 -0.892578
vt -0.470703 -0.892578
vt -0.345703 -0.892578
vt -0.345703 -0.605469
vt -0.158203 -0.892578
vt -0.158203 -0.605469
vt -0.033203 -0.892578
vt -0.158203 -0.109375
vt -0.251953 -0.015625
vt -0.345703 -0.109375
vt 1.000001 0.5
vt 1.0 0.0
vt 1.5 -0.0
vt 1.500001 0.5
vt 3.0 -0.394531
vt 3.0 -0.097656
vt 0.0 -0.097656
vt 0.0 -0.394531
vt 3.0 -0.015625
vt 0.0 -0.015625
vt 3.0 -0.894531
vt 0.0 -0.894531
vt 0.0 -0.988281
vt 3.0 -0.988281
vt 4.0 -0.394531
vt 4.0 -0.097656
vt 0.0 -0.097656
vt 0.0 -0.394531
vt 4.0 -0.015625
vt 0.0 -0.015625
vt 4.0 -0.394531
vt 0.0 -0.394531
vt 0.0 -0.488281
vt 4.0 -0.488281
vt 4.0 -0.394531
vt 4.0 -0.097656
vt 0.0 -0.097656
vt 0.0 -0.394531
vt 4.0 -0.015625
vt 0.0 -0.015625
vt 4.0 -0.394531
vt 0.0 -0.394531
vt 0.0 -0.488281
vt 4.0 -0.488281
vt 1.0 -0.394531
vt 1.0 -0.097656
vt 0.0 -0.097656
vt 0.0 -0.394531
vt 1.0 -0.015625
vt 0.0 -0.015625
vt 1.0 -0.394531
vt 0.0 -0.394531
vt 0.0 -0.488281
vt 1.0 -0.488281
vt 0.4375 -0.390625
vt 0.285156 -0.390625
vt 0.285156 -0.09375
vt 0.4375 -0.09375
vt 0.4375 -0.390625
vt 0.4375 0.607422
vt 0.285156 0.607422
vt 0.285156 0.517578
vt 0.4375 0.607422
vt 0.4375 -0.09375
vt 0.285156 -0.09375
vt 0.4375 -0.390625
vt 1.0 -0.099609
vt 1.279297 -0.099609
vt 1.5 -0.013672
vt 1.0 -0.013672
vt 1.5 0.986328
vt 1.279297 0.900391
vt 1.0 0.900391
vt 1.0 0.986328
vt 1.5 -0.394531
vt 1.5 -0.097656
vt 0.0 -0.097656
vt 0.0 -0.394531
vt 1.5 -0.015625
vt 0.0 -0.015625
vt 1.5 -0.894531
vt 0.0 -0.894531
vt 0.0 -0.988281
vt 1.5 -0.988281
vt 0.841797 -0.986328
vt 0.998047 -0.986328
vt 0.966797 -0.892578
vt 0.841797 -0.892578
vt 0.498047 -0.986328
vt 0.654297 -0.986328
vt 0.654297 -0.892578
vt 0.529297 -0.892578
vt -0.470703 -0.892578
vt -0.345703 -0.892578
vt -0.345703 -0.605469
vt -0.158203 -0.892578
vt -0.158203 -0.605469
vt -0.033203 -0.892578
vt -0.158203 -0.109375
vt -0.251953 -0.015625
vt -0.345703 -0.109375
vt 1.000001 0.5
vt 1.0 0.0
vt 1.5 -0.0
vt 1.500001 0.5
vt 4.0 -0.394531
vt 4.0 -0.097656
vt 0.0 -0.097656
vt 0.0 -0.394531
vt 4.0 -0.015625
vt 0.0 -0.015625
vt 4.0 -0.894531
vt 0.0 -0.894531
vt 0.0 -0.988281
vt 4.0 -0.988281
vt 4.0 -0.394531
vt 4.0 -0.097656
vt 0.0 -0.097656
vt 0.0 -0.394531
vt 4.0 -0.015625
vt 0.0 -0.015625
vt 4.0 -0.894531
vt 0.0 -0.894531
vt 0.0 -0.988281
vt 4.0 -0.988281
vt 4.0 -0.394531
vt 4.0 -0.097656
vt 0.0 -0.097656
vt 0.0 -0.394531
vt 4.0 -0.015625
vt 0.0 -0.015625
vt 4.0 -0.894531
vt 0.0 -0.894531
vt 0.0 -0.988281
vt 4.0 -0.988281
vt 0.4375 -0.390625
vt 0.285156 -0.390625
vt 0.285156 -0.09375
vt 0.4375 -0.09375
vt 0.4375 -0.390625
vt 0.4375 0.107422
vt 0.285156 0.107422
vt 0.285156 0.017578
vt 0.4375 0.107422
vt 0.4375 -0.09375
vt 0.285156 -0.09375
vt 0.4375 -0.390625
vt 1.0 -0.099609
vt 1.279297 -0.099609
vt 1.5 -0.013672
vt 1.0 -0.013672
vt 1.5 0.986328
vt 1.279297 0.900391
vt 1.0 0.900391
vt 1.0 0.986328
vt 1.0 -0.394531
vt 1.0 -0.097656
vt 0.0 -0.097656
vt 0.0 -0.394531
vt 1.0 -0.015625
vt 0.0 -0.015625
vt 1.0 -0.894531
vt 0.0 -0.894531
vt 0.0 -0.988281
vt 1.0 -0.988281
vt 0.841797 -0.986328
vt 0.998047 -0.986328
vt 0.966797 -0.892578
vt 0.841797 -0.892578
vt 0.498047 -0.986328
vt 0.654297 -0.986328
vt 0.654297 -0.892578
vt 0.529297 -0.892578
vt -0.470703 -0.892578
vt -0.345703 -0.892578
vt -0.345703 -0.605469
vt -0.158203 -0.892578
vt -0.158203 -0.605469
vt -0.033203 -0.892578
vt -0.158203 -0.109375
vt -0.251953 -0.015625
vt -0.345703 -0.109375
vt 1.000001 0.5
vt 1.0 0.0
vt 1.5 -0.0
vt 1.500001 0.5
vt 4.0 -0.394531
vt 4.0 -0.097656
vt 0.0 -0.097656
vt 0.0 -0.394531
vt 4.0 -0.015625
vt 0.0 -0.015625
vt 4.0 -0.894531
vt 0.0 -0.894531
vt 0.0 -0.988281
vt 4.0 -0.988281
vt 4.0 -0.394531
vt 4.0 -0.097656
vt 0.0 -0.097656
vt 0.0 -0.394531
vt 4.0 -0.015625
vt 0.0 -0.015625
vt 4.0 -0.894531
vt 0.0 -0.894531
vt 0.0 -0.988281
vt 4.0 -0.988281
vt 4.0 -0.394531
vt 4.0 -0.097656
vt 0.0 -0.097656
vt 0.0 -0.394531
vt 4.0 -0.015625
vt 0.0 -0.015625
vt 4.0 -0.894531
vt 0.0 -0.894531
vt 0.0 -0.988281
vt 4.0 -0.988281
vt 0.4375 -0.390625
vt 0.285156 -0.390625
vt 0.285156 -0.09375
vt 0.4375 -0.09375
vt 0.4375 -0.390625
vt 0.4375 0.107422
vt 0.285156 0.107422
vt 0.285156 0.017578
vt 0.4375 0.107422
vt 0.4375 -0.09375
vt 0.285156 -0.09375
vt 0.4375 -0.390625
vt 1.0 -0.099609
vt 1.279297 -0.099609
vt 1.5 -0.013672
vt 1.0 -0.013672
vt 1.5 0.986328
vt 1.279297 0.900391
vt 1.0 0.900391
vt 1.0 0.986328
vt 0.5 -0.394531
vt 0.5 -0.097656
vt 0.0 -0.097656
vt 0.0 -0.394531
vt 0.5 -0.015625
vt 0.0 -0.015625
vt 0.5 -0.894531
vt 0.0 -0.894531
vt 0.0 -0.988281
vt 0.5 -0.988281
vt 0.841797 -0.986328
vt 0.998047 -0.986328
vt 0.966797 -0.892578
vt 0.841797 -0.892578
vt 0.498047 -0.986328
vt 0.654297 -0.986328
vt 0.654297 -0.892578
vt 0.529297 -0.892578
vt -0.470703 -0.892578
vt -0.345703 -0.892578
vt -0.345703 -0.605469
vt -0.158203 -0.892578
vt -0.158203 -0.605469
vt -0.033203 -0.892578
vt -0.158203 -0.109375
vt -0.251953 -0.015625
vt -0.345703 -0.109375
vt 1.000001 0.5
vt 1.0 0.0
vt 1.5 -0.0
vt 1.500001 0.5
vt 4.0 -0.394531
vt 4.0 -0.097656
vt 0.0 -0.097656
vt 0.0 -0.394531
vt 4.0 -0.015625
vt 0.0 -0.015625
vt 4.0 -0.894531
vt 0.0 -0.894531
vt 0.0 -0.988281
vt 4.0 -0.988281
vt 4.0 -0.394531
vt 4.0 -0.097656
vt 0.0 -0.097656
vt 0.0 -0.394531
vt 4.0 -0.015625
vt 0.0 -0.015625
vt 4.0 -0.894531
vt 0.0 -0.894531
vt 0.0 -0.988281
vt 4.0 -0.988281
vt 4.0 -0.394531
vt 4.0 -0.097656
vt 0.0 -0.097656
vt 0.0 -0.394531
vt 4.0 -0.015625
vt 0.0 -0.015625
vt 4.0 -0.894531
vt 0.0 -0.894531
vt 0.0 -0.988281
vt 4.0 -0.988281
vt 0.4375 -0.390625
vt 0.285156 -0.390625
vt 0.285156 -0.09375
vt 0.4375 -0.09375
vt 0.4375 -0.390625
vt 0.4375 0.107422
vt 0.285156 0.107422
vt 0.285156 0.017578
vt 0.4375 0.107422
vt 0.4375 -0.09375
vt 0.285156 -0.09375
vt 0.4375 -0.390625
vt 1.0 -0.099609
vt 1.279297 -0.099609
vt 1.5 -0.013672
vt 1.0 -0.013672
vt 1.5 0.986328
vt 1.279297 0.900391
vt 1.0 0.900391
vt 1.0 0.986328
vt 1.0 0.0
vt 0.0 0.0
vt 0.0 -1.0
vt 1.0 -1.0
vt 1.0 0.0
vt 0.0 0.0
vt 0.0 -1.0
vt 1.0 -1.0
vt 0.5 -0.015625
vt 0.5 -0.125
vt 0.984375 -0.015625
vt 0.984375 -0.125
vt 0.5 -0.484375
vt 0.984375 -0.484375
vt -3.0 -0.027344
vt -4.0 -0.027344
vt -4.0 -0.96875
vt -3.0 -0.96875
vt 0.984375 -0.984375
vt 0.484375 -0.984375
vt 0.984375 -0.515625
vt 0.484375 -0.515625
vt 0.0 -0.027344
vt -4.0 -0.027344
vt -4.0 -0.960938
vt 0.0 -0.960938
vt 1.0 0.0
vt 0.0 0.0
vt 0.0 -1.0
vt 1.0 -1.0
vt 1.0 0.0
vt 0.0 0.0
vt 0.0 -1.0
vt 1.0 -1.0
vt 1.0 0.0
vt 0.0 0.0
vt 0.0 -1.0
vt 1.0 -1.0
vt 0.984375 -0.984375
vt 0.484375 -0.984375
vt 0.984375 -0.515625
vt 0.484375 -0.515625
vt 1.0 0.0
vt 0.0 0.0
vt 0.0 -1.0
vt 1.0 -1.0
vt 6.5 12.0
vt 5.5 12.0
vt 5.5 8.0
vt 6.5 8.0
vt 6.5 14.0
vt 5.5 14.0
vt 5.5 12.0
vt 6.5 12.0
vt 7.5 8.0
vt 6.5 8.0
vt 6.5 4.0
vt 7.5 4.0
vt 6.5 8.0
vt 7.5 8.0
vt 7.5 9.5
vt 6.5 9.5
vt 8.0 16.0
vt 6.5 16.0
vt 6.5 13.0
vt 8.0 13.0
vt 7.5 7.0
vt 7.5 3.0
vt 8.5 7.0
vt 8.5 3.0
vt 7.5 7.5
vt 7.5 7.0
vt 8.5 7.5
vt 8.5 7.0
vt 12.5 4.5
vt 8.5 4.5
vt 8.5 3.0
vt 12.5 3.0
vt 1.0 0.0
vt 0.0 0.0
vt 0.0 -1.0
vt 1.0 -1.0
vt 1.0 0.0
vt 0.0 0.0
vt 0.0 -1.0
vt 1.0 -1.0
vt 1.0 0.0
vt 0.0 0.0
vt 0.0 -1.0
vt 1.0 -1.0
vt 0.5 -0.5
vt 0.0 -0.5
vt 0.0 -1.0
vt 0.5 -1.0
vt 0.5 3.0
vt 0.0 3.0
vt 0.0 0.0
vt 0.5 0.0
vt 1.0 0.0
vt 0.0 0.0
vt 0.0 -1.0
vt 1.0 -1.0
vt 0.984375 -0.984375
vt 0.484375 -0.984375
vt 0.984375 -0.515625
vt 0.484375 -0.515625
vt 1.0 0.0
vt 0.0 0.0
vt 0.0 -1.0
vt 1.0 -1.0
vt -15.0 -0.5
vt -20.0 -0.5
vt -20.0 -1.0
vt -15.0 -1.0
vt 5.0 3.0
vt 0.0 3.0
vt 0.0 0.0
vt 5.0 0.0
vt 0.0 -0.027344
vt -2.0 -0.027344
vt -2.0 -0.960938
vt 0.0 -0.960938
vt 1.0 0.0
vt 0.0 0.0
vt 0.0 -1.0
vt 1.0 -1.0
vt 1.0 0.0
vt 0.0 0.0
vt 0.0 -1.0
vt 1.0 -1.0
vt 13.0 13.0
vt 10.0 13.0
vt 10.0 11.0
vt 13.0 11.0
vt 1.0 0.0
vt 0.0 0.0
vt 0.0 -1.0
vt 1.0 -1.0
vt 1.0 0.0
vt 0.0 0.0
vt 0.0 -1.0
vt 1.0 -1.0
vt 0.984375 -0.984375
vt 0.484375 -0.984375
vt 0.984375 -0.515625
vt 0.484375 -0.515625
vt 1.0 -0.5
vt 0.5 -0.5
vt 0.5 -1.0
vt 1.0 -1.0
vt 1.0 6.0
vt 0.5 6.0
vt 0.5 3.0
vt 1.0 3.0
vt 13.5 4.0
vt 12.5 4.0
vt 12.5 0.0
vt 13.5 0.0
vt 13.5 4.5
vt 12.5 4.5
vt 12.5 4.0
vt 13.5 4.0
vt 1.0 0.0
vt 0.0 0.0
vt 0.0 -1.0
vt 1.0 -1.0
vt 1.0 0.0
vt 0.0 0.0
vt 0.0 -1.0
vt 1.0 -1.0
vt 16.0 1.0
vt 16.0 0.0
vt 13.5 1.0
vt 13.5 0.0
vt 1.0 0.0
vt 0.0 0.0
vt 0.0 -1.0
vt 1.0 -1.0
vt 1.0 0.0
vt 0.0 0.0
vt 0.0 -1.0
vt 1.0 -1.0
vt 1.0 0.0
vt 0.0 0.0
vt 0.0 -1.0
vt 1.0 -1.0
vt 0.765625 -24.093779
vt 0.96875 -24.093779
vt 0.96875 -25.5
vt 0.765625 -25.5
vt 0.730469 -30.0
vt 0.5 -30.0
vt 0.5 -27.0
vt 0.730469 -27.0
vt 0.96875 -24.093721
vt 0.765625 -24.093721
vt 0.765625 -25.5
vt 0.96875 -25.5
vt 0.5 -27.0
vt 0.25 -27.0
vt 0.25 -30.0
vt 0.5 -30.0
vt 0.20625 -27.0
vt 0.20625 -30.0
vt 0.03125 -30.0
vt 0.03125 -27.0
vt 0.5 -27.0
vt 0.5 -30.0
vt 0.5 -30.0
vt 0.730469 -30.0
vt 0.730469 -27.0
vt 0.5 -27.0
vt 0.765625 -24.093779
vt 0.96875 -24.093779
vt 0.96875 -25.5
vt 0.765625 -25.5
vt 0.765625 -20.06544
vt 0.96875 -20.06544
vt 0.96875 -20.73342
vt 0.765625 -20.73342
vt 0.96875 -24.093721
vt 0.765625 -24.093721
vt 0.765625 -25.5
vt 0.96875 -25.5
vt 0.765625 -19.89846
vt 0.96875 -19.89846
vt 0.96875 -20.56638
vt 0.765625 -20.56638
vn 0.0 0.0 1.0
vn -0.6426 0.3262 0.6933
vn -0.4629 0.4629 0.7559
vn -0.3865 0.3865 0.8374
vn -0.5259 0.0 0.8505
vn -0.3322 0.5961 0.731
vn -0.3322 0.5961 0.7309
vn -0.6426 0.3262 0.6934
vn 0.0 0.5259 0.8505
vn -0.526 -0.0 0.8505
vn -0.1687 0.5184 0.8383
vn 0.0042 0.0064 1.0
vn -0.0 -0.0 1.0
vn 0.3233 0.4417 0.8369
vn 0.002 2.0E-4 1.0
vn -0.7071 -0.0 0.7071
vn -0.5258 -0.0 0.8506
vn -0.0 0.0 1.0
vn -0.426 -0.0 0.9047
vn -0.1651 0.0808 0.983
vn -0.2269 0.0178 0.9738
vn -0.6983 0.0558 0.7136
vn -0.5641 0.3474 0.7491
vn -0.0679 0.1819 0.981
vn -0.0657 0.1788 0.9817
vn -0.2295 0.5999 0.7665
vn -0.0672 0.6978 0.7132
vn -0.0644 0.6948 0.7163
vn -0.2303 0.6012 0.7652
vn -0.3262 0.6426 0.6933
vn -0.5703 0.3477 0.7442
vn -0.5665 0.25 0.7852
vn -0.6961 0.0567 0.7157
vn 0.0 -0.0 1.0
vn -0.3262 0.6425 0.6933
vn -0.0 0.7071 0.7071
vn -0.0 0.5258 0.8506
vn 0.0 0.0 1.0
vn -0.0 0.426 0.9047
vn -0.0 0.7071 0.7071
vn -0.0 0.5258 0.8506
vn 0.0 0.0 1.0
vn -0.0 0.426 0.9047
vn -0.0 0.7071 0.7071
vn -0.0 0.5258 0.8506
vn 0.0 0.0 1.0
vn -0.0 0.426 0.9047
vn -0.0 0.7071 0.7071
vn -0.0 0.5258 0.8506
vn 0.0 0.0 1.0
vn -0.0 0.426 0.9047
vn -0.526 -0.0 0.8505
vn -0.3865 0.3865 0.8374
vn -0.0 0.0 1.0
vn -0.3865 0.3865 0.8374
vn 0.0 0.526 0.8505
vn 0.0 0.0 1.0
vn -0.4629 0.463 0.7559
vn -0.3322 0.5961 0.731
vn -0.3322 0.5961 0.7309
vn -0.4629 0.4629 0.7559
vn -0.6426 0.3262 0.6934
vn 0.0 0.5259 0.8505
vn -0.6426 0.3262 0.6933
vn -0.5259 0.0 0.8505
vn -0.7071 -0.0 0.7071
vn -0.5258 -0.0 0.8506
vn -0.0 0.0 1.0
vn -0.426 -0.0 0.9047
vn -0.6953 0.0 0.7187
vn 0.0 1.0 0.0
vn 0.0 -0.0 1.0
vn -1.0 0.0 0.0
vn 1.0 -0.0 0.0
vn -0.0 -1.0 0.0
vn -0.7071 -0.0 0.7071
vn -0.5258 -0.0 0.8506
vn -0.0 0.0 1.0
vn -0.426 -0.0 0.9047
vn 0.0 -0.526 0.8505
vn -0.3865 -0.3865 0.8374
vn -0.0 -0.0 1.0
vn -0.3865 -0.3865 0.8374
vn -0.526 0.0 0.8505
vn -0.0 0.0 1.0
vn -0.463 -0.4629 0.7559
vn -0.5961 -0.3322 0.731
vn -0.5961 -0.3322 0.7309
vn -0.4629 -0.4629 0.7559
vn -0.3262 -0.6426 0.6934
vn -0.5259 0.0 0.8505
vn -0.3262 -0.6426 0.6933
vn -0.0 -0.5259 0.8505
vn 0.0 -0.7071 0.7071
vn 0.0 -0.5258 0.8506
vn -0.0 -0.0 1.0
vn 0.0 -0.426 0.9047
vn 0.0 -0.7071 0.7071
vn 0.0 -0.5258 0.8506
vn -0.0 -0.0 1.0
vn 0.0 -0.426 0.9047
vn 0.0 -0.7071 0.7071
vn 0.0 -0.5258 0.8506
vn -0.0 -0.0 1.0
vn 0.0 -0.426 0.9047
vn 0.0 -0.7071 0.7071
vn 0.0 -0.5258 0.8506
vn -0.0 -0.0 1.0
vn 0.0 -0.426 0.9047
vn 0.0 0.0 1.0
vn 0.7071 0.0 0.7071
vn 0.5258 0.0 0.8506
vn 0.0 -0.0 1.0
vn 0.426 0.0 0.9047
vn 0.7071 0.0 0.7071
vn 0.5258 0.0 0.8506
vn 0.0 -0.0 1.0
vn 0.426 0.0 0.9047
vn 0.0808 0.1651 0.983
vn 0.0178 0.2269 0.9738
vn 0.0558 0.6983 0.7136
vn 0.3474 0.5641 0.7491
vn 0.1819 0.0679 0.981
vn 0.1788 0.0657 0.9817
vn 0.5999 0.2295 0.7665
vn 0.6978 0.0672 0.7132
vn 0.6948 0.0644 0.7163
vn 0.6012 0.2303 0.7652
vn 0.6426 0.3262 0.6933
vn 0.3477 0.5703 0.7442
vn 0.25 0.5665 0.7852
vn 0.0567 0.6961 0.7157
vn -0.0 -0.0 1.0
vn 0.6425 0.3262 0.6933
vn -0.0 0.7071 0.7071
vn -0.0 0.5258 0.8506
vn 0.0 0.0 1.0
vn -0.0 0.426 0.9047
vn -0.0 -0.0 1.0
vn 0.0 -0.0 1.0
vn 0.0 -0.7071 0.7071
vn 0.0 -0.5258 0.8506
vn -0.0 -0.0 1.0
vn 0.0 -0.426 0.9047
vn 0.1651 -0.0808 0.983
vn 0.2269 -0.0178 0.9738
vn 0.6983 -0.0558 0.7136
vn 0.5641 -0.3474 0.7491
vn 0.0679 -0.1819 0.981
vn 0.0657 -0.1788 0.9817
vn 0.2295 -0.5999 0.7665
vn 0.0672 -0.6978 0.7132
vn 0.0644 -0.6948 0.7163
vn 0.2303 -0.6012 0.7652
vn 0.3262 -0.6426 0.6933
vn 0.5703 -0.3477 0.7442
vn 0.5665 -0.25 0.7852
vn 0.6961 -0.0567 0.7157
vn -0.0 0.0 1.0
vn 0.3262 -0.6425 0.6933
vn 0.7071 0.0 0.7071
vn 0.5258 0.0 0.8506
vn 0.0 -0.0 1.0
vn 0.426 0.0 0.9047
vn 0.7071 0.0 0.7071
vn 0.5258 0.0 0.8506
vn 0.0 -0.0 1.0
vn 0.426 0.0 0.9047
vn 0.7071 0.0 0.7071
vn 0.5258 0.0 0.8506
vn 0.0 -0.0 1.0
vn 0.426 0.0 0.9047
vn 0.0808 0.1651 0.983
vn 0.0178 0.2269 0.9738
vn 0.0558 0.6983 0.7136
vn 0.3474 0.5641 0.7491
vn 0.1819 0.0679 0.981
vn 0.1788 0.0657 0.9817
vn 0.5999 0.2295 0.7665
vn 0.6978 0.0672 0.7132
vn 0.6948 0.0644 0.7163
vn 0.6012 0.2303 0.7652
vn 0.6426 0.3262 0.6933
vn 0.3477 0.5703 0.7442
vn 0.25 0.5665 0.7852
vn 0.0567 0.6961 0.7157
vn -0.0 -0.0 1.0
vn 0.6425 0.3262 0.6933
vn 0.1651 -0.0808 0.983
vn 0.2269 -0.0178 0.9738
vn 0.6983 -0.0558 0.7136
vn 0.5641 -0.3474 0.7491
vn 0.0679 -0.1819 0.981
vn 0.0657 -0.1788 0.9817
vn 0.2295 -0.5999 0.7665
vn 0.0672 -0.6978 0.7132
vn 0.0644 -0.6948 0.7163
vn 0.2303 -0.6012 0.7652
vn 0.3262 -0.6426 0.6933
vn 0.5703 -0.3477 0.7442
vn 0.5665 -0.25 0.7852
vn 0.6961 -0.0567 0.7157
vn -0.0 0.0 1.0
vn 0.3262 -0.6425 0.6933
vn 0.7071 0.0 0.7071
vn 0.5258 0.0 0.8506
vn 0.0 -0.0 1.0
vn 0.426 0.0 0.9047
vn 0.7071 0.0 0.7071
vn 0.5258 0.0 0.8506
vn 0.0 -0.0 1.0
vn 0.426 0.0 0.9047
vn 0.7071 0.0 0.7071
vn 0.5258 0.0 0.8506
vn 0.0 -0.0 1.0
vn 0.426 0.0 0.9047
vn 0.0808 0.1651 0.983
vn 0.0178 0.2269 0.9738
vn 0.0558 0.6983 0.7136
vn 0.3474 0.5641 0.7491
vn 0.1819 0.0679 0.981
vn 0.1788 0.0657 0.9817
vn 0.5999 0.2295 0.7665
vn 0.6978 0.0672 0.7132
vn 0.6948 0.0644 0.7163
vn 0.6012 0.2303 0.7652
vn 0.6426 0.3262 0.6933
vn 0.3477 0.5703 0.7442
vn 0.25 0.5665 0.7852
vn 0.0567 0.6961 0.7157
vn -0.0 -0.0 1.0
vn 0.6425 0.3262 0.6933
vn -0.0 -0.0 1.0
vn 0.1651 -0.0808 0.983
vn 0.2269 -0.0178 0.9738
vn 0.6983 -0.0558 0.7136
vn 0.5641 -0.3474 0.7491
vn 0.0679 -0.1819 0.981
vn 0.0657 -0.1788 0.9817
vn 0.2295 -0.5999 0.7665
vn 0.0672 -0.6978 0.7132
vn 0.0644 -0.6948 0.7163
vn 0.2303 -0.6012 0.7652
vn 0.3262 -0.6426 0.6933
vn 0.5703 -0.3477 0.7442
vn 0.5665 -0.25 0.7852
vn 0.6961 -0.0567 0.7157
vn -0.0 0.0 1.0
vn 0.3262 -0.6425 0.6933
vn 0.7071 0.0 0.7071
vn 0.5258 0.0 0.8506
vn 0.0 -0.0 1.0
vn 0.426 0.0 0.9047
vn 0.7071 0.0 0.7071
vn 0.5258 0.0 0.8506
vn 0.0 -0.0 1.0
vn 0.426 0.0 0.9047
vn 0.7071 0.0 0.7071
vn 0.5258 0.0 0.8506
vn 0.0 -0.0 1.0
vn 0.426 0.0 0.9047
vn 0.0808 0.1651 0.983
vn 0.0178 0.2269 0.9738
vn 0.0558 0.6983 0.7136
vn 0.3474 0.5641 0.7491
vn 0.1819 0.0679 0.981
vn 0.1788 0.0657 0.9817
vn 0.5999 0.2295 0.7665
vn 0.6978 0.0672 0.7132
vn 0.6948 0.0644 0.7163
vn 0.6012 0.2303 0.7652
vn 0.6426 0.3262 0.6933
vn 0.3477 0.5703 0.7442
vn 0.25 0.5665 0.7852
vn 0.0567 0.6961 0.7157
vn -0.0 -0.0 1.0
vn 0.6425 0.3262 0.6933
vn -0.0 0.0 1.0
vn 0.0644 -0.6948 0.7163
vn 0.2303 -0.6012 0.7652
vn 0.3262 -0.6426 0.6933
vn 0.5703 -0.3477 0.7442
vn 0.5665 -0.25 0.7852
vn 0.6961 -0.0567 0.7157
vn 0.3262 -0.6425 0.6933
vn 0.1651 -0.0808 0.983
vn 0.2269 -0.0178 0.9738
vn 0.6983 -0.0558 0.7136
vn 0.5641 -0.3474 0.7491
vn 0.0679 -0.1819 0.981
vn 0.0657 -0.1788 0.9817
vn 0.2295 -0.5999 0.7665
vn 0.0672 -0.6978 0.7132
vn 0.7071 0.0 0.7071
vn 0.5258 0.0 0.8506
vn 0.0 -0.0 1.0
vn 0.426 0.0 0.9047
vn 0.7071 0.0 0.7071
vn 0.5258 0.0 0.8506
vn 0.0 -0.0 1.0
vn 0.426 0.0 0.9047
vn 0.7071 0.0 0.7071
vn 0.5258 0.0 0.8506
vn 0.0 -0.0 1.0
vn 0.426 0.0 0.9047
vn -0.0 -0.0 1.0
vn 0.6948 0.0644 0.7163
vn 0.6012 0.2303 0.7652
vn 0.6426 0.3262 0.6933
vn 0.3477 0.5703 0.7442
vn 0.25 0.5665 0.7852
vn 0.0567 0.6961 0.7157
vn 0.6425 0.3262 0.6933
vn 0.0808 0.1651 0.983
vn 0.0178 0.2269 0.9738
vn 0.0558 0.6983 0.7136
vn 0.3474 0.5641 0.7491
vn 0.1819 0.0679 0.981
vn 0.1788 0.0657 0.9817
vn 0.5999 0.2295 0.7665
vn 0.6978 0.0672 0.7132
vn -0.0 -0.0 1.0
vn 0.0 -0.0 1.0
vn -0.0 -0.0 1.0
vn 0.0 -0.0 1.0
vn 0.0 -0.7714 0.6364
vn 0.0 -0.7712 0.6365
vn 0.0 -0.0 1.0
vn 0.0 -0.7714 0.6364
vn 0.0 -0.7712 0.6365
vn 0.0 -0.0 1.0
vn 0.0 -0.7714 0.6364
vn 0.0 -0.7712 0.6365
vn 0.0 -0.0 1.0
vn 0.0 -0.7714 0.6364
vn 0.0 -0.7712 0.6365
vn 0.0 -0.0 1.0
vn 0.0 -0.7714 0.6364
vn 0.0 -0.7712 0.6365
vn -0.0 -0.0 1.0
vn -0.0 -0.0 1.0
vn 0.0 -0.0 1.0
vn -0.0 -0.0 1.0
vn -0.0 -0.0 1.0
vn 0.0 -0.0 1.0
vn 0.0 -0.7712 0.6365
vn 0.0 -0.0 1.0
vn 0.0 -0.7712 0.6365
vn 0.0 -0.0 1.0
vn 0.0 -0.7712 0.6365
vn 0.0 -0.0 1.0
vn 0.0 -0.7712 0.6365
vn 0.0 -0.0 1.0
vn 0.0 -0.7712 0.6365
vn -0.0 -0.0 1.0
vn 0.0 -0.0 1.0
vn 0.0 -0.7714 0.6364
vn 0.0 -0.7712 0.6365
vn 0.0 -0.0 1.0
vn 0.0 -0.7714 0.6364
vn 0.0 -0.7712 0.6365
vn -0.0 -0.0 1.0
vn 0.3262 0.6426 0.6933
vn 0.4629 0.4629 0.7559
vn 0.3865 0.3865 0.8374
vn 0.0 0.5259 0.8505
vn 0.5961 0.3322 0.731
vn 0.5961 0.3322 0.7309
vn 0.3262 0.6426 0.6934
vn 0.5259 -0.0 0.8505
vn -0.0 0.526 0.8505
vn 0.5184 0.1687 0.8383
vn 0.0064 -0.0042 1.0
vn -0.0 0.0 1.0
vn 0.4417 -0.3233 0.8369
vn 2.0E-4 -0.002 1.0
vn 0.7071 0.0 0.7071
vn 0.5258 0.0 0.8506
vn 0.0 -0.0 1.0
vn 0.426 0.0 0.9047
vn 0.7071 0.0 0.7071
vn 0.5258 0.0 0.8506
vn 0.0 -0.0 1.0
vn 0.426 0.0 0.9047
vn 0.6426 -0.3262 0.6933
vn 0.4629 -0.4629 0.7559
vn 0.3865 -0.3865 0.8374
vn 0.5259 -0.0 0.8505
vn 0.3322 -0.5961 0.731
vn 0.3322 -0.5961 0.7309
vn 0.6426 -0.3262 0.6934
vn -0.0 -0.5259 0.8505
vn 0.526 0.0 0.8505
vn 0.1687 -0.5184 0.8383
vn -0.0042 -0.0064 1.0
vn 0.0 0.0 1.0
vn -0.3233 -0.4417 0.8369
vn -0.002 -2.0E-4 1.0
vn -0.0 -0.0 1.0
vn -0.0 0.7071 0.7071
vn -0.0 0.5258 0.8506
vn 0.0 0.0 1.0
vn -0.0 0.426 0.9047
vn -0.0 0.0 1.0
vn -0.0 1.0E-4 1.0
vn -0.0 0.0 1.0
vn -0.0 0.0 1.0
vn 0.0931 -0.0935 0.9913
vn 0.45 -0.5311 0.7179
vn 0.3146 -0.9426 0.1114
vn -0.0 0.0 1.0
vn -0.0 0.0 1.0
vn 0.0931 -0.0935 0.9913
vn 0.45 -0.5311 0.7179
vn 0.3146 -0.9426 0.1114
vn -0.0 0.0 1.0
vn -0.0 0.0 1.0
vn -0.0 5.0E-4 1.0
vn 3.0E-4 0.0 1.0
vn 1.0E-4 1.0E-4 1.0
vn -0.0 0.0 1.0
vn 0.0 -0.7071 0.7071
vn 0.0 -0.5258 0.8506
vn -0.0 -0.0 1.0
vn 0.0 -0.426 0.9047
vn 0.0 -0.0 1.0
vn 0.0 -0.7714 0.6364
vn 0.0 -0.7712 0.6365
vn -0.0 -0.0 1.0
vn 0.3262 0.6426 0.6933
vn 0.4629 0.4629 0.7559
vn 0.3865 0.3865 0.8374
vn 0.0 0.5259 0.8505
vn 0.5961 0.3322 0.731
vn 0.5961 0.3322 0.7309
vn 0.3262 0.6426 0.6934
vn 0.5259 -0.0 0.8505
vn -0.0 0.526 0.8505
vn 0.5184 0.1687 0.8383
vn 0.0064 -0.0042 1.0
vn -0.0 0.0 1.0
vn 0.4417 -0.3233 0.8369
vn 2.0E-4 -0.002 1.0
vn 0.7071 0.0 0.7071
vn 0.5258 0.0 0.8506
vn 0.0 -0.0 1.0
vn 0.426 0.0 0.9047
vn 0.0808 0.1651 0.983
vn 0.0178 0.2269 0.9738
vn 0.0558 0.6983 0.7136
vn 0.3474 0.5641 0.7491
vn 0.1819 0.0679 0.981
vn 0.1788 0.0657 0.9817
vn 0.5999 0.2295 0.7665
vn 0.6978 0.0672 0.7132
vn 0.6948 0.0644 0.7163
vn 0.6012 0.2303 0.7652
vn 0.6426 0.3262 0.6933
vn 0.3477 0.5703 0.7442
vn 0.25 0.5665 0.7852
vn 0.0567 0.6961 0.7157
vn -0.0 -0.0 1.0
vn 0.6425 0.3262 0.6933
vn 0.9426 0.3147 0.1114
vn -0.0 0.0 1.0
vn 0.5311 0.45 0.7179
vn 0.0935 0.0931 0.9913
vn -0.0 0.0 1.0
vn 0.0 -0.0 1.0
vn 0.0 -0.0 1.0
vn -0.6754 -0.6494 0.3495
vn -0.4938 -0.5206 0.6965
vn -0.7222 -0.6839 0.1035
vn -0.7094 -0.6972 0.1038
vn 0.0 -0.5311 0.8473
vn -0.3687 -0.3589 0.8575
vn -0.9944 -0.0077 -0.1051
vn -0.9933 -0.0019 0.1152
vn -0.9933 0.009 0.1154
vn -0.846 -0.2927 0.4456
vn 0.0162 -0.7517 0.6593
vn 0.0105 -0.9896 0.1432
vn 0.1946 -0.9176 0.3467
vn 0.0 -0.9427 0.3338
vn -0.5311 -0.0 0.8473
vn -0.0 0.0 1.0
vn -0.4958 0.7516 0.435
vn -0.45 0.5311 0.7179
vn -0.0931 0.0935 0.9913
vn -0.0 0.0 1.0
vn -0.0 -0.0 1.0
vn -0.6494 0.6754 0.3495
vn -0.5206 0.4938 0.6965
vn -0.6839 0.7222 0.1035
vn -0.6972 0.7094 0.1038
vn -0.5311 -0.0 0.8473
vn -0.3589 0.3687 0.8575
vn -0.0077 0.9944 -0.1051
vn -0.0019 0.9933 0.1152
vn 0.009 0.9933 0.1154
vn -0.2927 0.846 0.4456
vn -0.7517 -0.0162 0.6593
vn -0.9896 -0.0105 0.1432
vn -0.9176 -0.1946 0.3467
vn -0.9427 -0.0 0.3338
vn -0.0 0.5311 0.8473
vn -0.0 0.0 1.0
vn -0.0935 -0.0931 0.9913
vn -0.5311 -0.45 0.7179
vn -0.9897 -0.1415 0.0205
vn -0.0 0.0 1.0
vn 0.1651 -0.0808 0.983
vn 0.2269 -0.0178 0.9738
vn 0.6983 -0.0558 0.7136
vn 0.5641 -0.3474 0.7491
vn 0.0679 -0.1819 0.981
vn 0.0657 -0.1788 0.9817
vn 0.2295 -0.5999 0.7665
vn 0.0672 -0.6978 0.7132
vn 0.0644 -0.6948 0.7163
vn 0.2303 -0.6012 0.7652
vn 0.3262 -0.6426 0.6933
vn 0.5703 -0.3477 0.7442
vn 0.5665 -0.25 0.7852
vn 0.6961 -0.0567 0.7157
vn -0.0 0.0 1.0
vn 0.3262 -0.6425 0.6933
vn 0.7071 0.0 0.7071
vn 0.5258 0.0 0.8506
vn 0.0 -0.0 1.0
vn 0.426 0.0 0.9047
vn -0.0 0.7071 0.7071
vn -0.0 0.5258 0.8506
vn 0.0 0.0 1.0
vn -0.0 0.426 0.9047
vn -0.0 0.0 1.0
vn -0.0 1.0E-4 1.0
vn -0.0 0.0 1.0
vn -0.0 0.0 1.0
vn 0.0931 -0.0935 0.9913
vn 0.45 -0.5311 0.7179
vn 0.3146 -0.9426 0.1114
vn -0.0 0.0 1.0
vn -0.0 0.0 1.0
vn 0.6754 0.6494 0.3495
vn 0.4938 0.5206 0.6965
vn 0.7222 0.6839 0.1035
vn 0.7094 0.6972 0.1038
vn -0.0 0.5311 0.8473
vn 0.3687 0.3589 0.8575
vn 0.9944 0.0077 -0.1051
vn 0.9933 0.0019 0.1152
vn 0.9933 -0.009 0.1154
vn 0.846 0.2927 0.4456
vn -0.0162 0.7517 0.6593
vn -0.0105 0.9896 0.1432
vn -0.1946 0.9176 0.3467
vn -0.0 0.9427 0.3338
vn 0.5311 0.0 0.8473
vn -0.0 0.0 1.0
vn -0.0935 -0.0931 0.9913
vn -0.5311 -0.45 0.7179
vn -0.9897 -0.1415 0.0205
vn -0.0 0.0 1.0
vn -0.0808 -0.1651 0.983
vn -0.0178 -0.2269 0.9738
vn -0.0558 -0.6983 0.7136
vn -0.3474 -0.5641 0.7491
vn -0.1819 -0.0679 0.981
vn -0.1788 -0.0657 0.9817
vn -0.5999 -0.2295 0.7665
vn -0.6978 -0.0672 0.7132
vn -0.6948 -0.0644 0.7163
vn -0.6012 -0.2303 0.7652
vn -0.6426 -0.3262 0.6933
vn -0.3477 -0.5703 0.7442
vn -0.25 -0.5665 0.7852
vn -0.0567 -0.6961 0.7157
vn 0.0 0.0 1.0
vn -0.6425 -0.3262 0.6933
vn -0.7071 -0.0 0.7071
vn -0.5258 -0.0 0.8506
vn -0.0 0.0 1.0
vn -0.426 -0.0 0.9047
vn -0.1651 0.0808 0.983
vn -0.2269 0.0178 0.9738
vn -0.6983 0.0558 0.7136
vn -0.5641 0.3474 0.7491
vn -0.0679 0.1819 0.981
vn -0.0657 0.1788 0.9817
vn -0.2295 0.5999 0.7665
vn -0.0672 0.6978 0.7132
vn -0.0644 0.6948 0.7163
vn -0.2303 0.6012 0.7652
vn -0.3262 0.6426 0.6933
vn -0.5703 0.3477 0.7442
vn -0.5665 0.25 0.7852
vn -0.6961 0.0567 0.7157
vn 0.0 -0.0 1.0
vn -0.3262 0.6425 0.6933
vn 0.9426 0.3147 0.1114
vn -0.0 0.0 1.0
vn 0.5311 0.45 0.7179
vn 0.0935 0.0931 0.9913
vn -0.0 0.0 1.0
vn 0.0 0.0 1.0
vn 0.6494 -0.6754 0.3495
vn 0.5206 -0.4938 0.6965
vn 0.6839 -0.7222 0.1035
vn 0.6972 -0.7094 0.1038
vn 0.5311 0.0 0.8473
vn 0.3589 -0.3687 0.8575
vn 0.0077 -0.9944 -0.1051
vn 0.0019 -0.9933 0.1152
vn -0.009 -0.9933 0.1154
vn 0.2927 -0.846 0.4456
vn 0.7517 0.0162 0.6593
vn 0.9896 0.0105 0.1432
vn 0.9176 0.1946 0.3467
vn 0.9427 0.0 0.3338
vn 0.0 -0.5311 0.8473
vn -0.0 0.0 1.0
vn 0.0931 -0.0935 0.9913
vn 0.45 -0.5311 0.7179
vn 0.3146 -0.9426 0.1114
vn -0.0 0.0 1.0
vn -0.0 -0.0 1.0
vn 0.3262 0.6426 0.6933
vn 0.4629 0.4629 0.7559
vn 0.3865 0.3865 0.8374
vn 0.0 0.5259 0.8505
vn 0.5961 0.3322 0.731
vn 0.5961 0.3322 0.7309
vn 0.3262 0.6426 0.6934
vn 0.5259 -0.0 0.8505
vn -0.0 0.526 0.8505
vn 0.5184 0.1687 0.8383
vn 0.0064 -0.0042 1.0
vn -0.0 0.0 1.0
vn 0.4417 -0.3233 0.8369
vn 2.0E-4 -0.002 1.0
vn 0.7071 0.0 0.7071
vn 0.5258 0.0 0.8506
vn 0.0 -0.0 1.0
vn 0.426 0.0 0.9047
vn 0.0808 0.1651 0.983
vn 0.0178 0.2269 0.9738
vn 0.0558 0.6983 0.7136
vn 0.3474 0.5641 0.7491
vn 0.1819 0.0679 0.981
vn 0.1788 0.0657 0.9817
vn 0.5999 0.2295 0.7665
vn 0.6978 0.0672 0.7132
vn 0.6948 0.0644 0.7163
vn 0.6012 0.2303 0.7652
vn 0.6426 0.3262 0.6933
vn 0.3477 0.5703 0.7442
vn 0.25 0.5665 0.7852
vn 0.0567 0.6961 0.7157
vn -0.0 -0.0 1.0
vn 0.6425 0.3262 0.6933
vn 0.9426 0.3147 0.1114
vn -0.0 0.0 1.0
vn 0.5311 0.45 0.7179
vn 0.0935 0.0931 0.9913
vn -0.0 0.0 1.0
vn 0.0 -0.0 1.0
vn -0.6754 -0.6494 0.3495
vn -0.4938 -0.5206 0.6965
vn -0.7222 -0.6839 0.1035
vn -0.7094 -0.6972 0.1038
vn 0.0 -0.5311 0.8473
vn -0.3687 -0.3589 0.8575
vn -0.9944 -0.0077 -0.1051
vn -0.9933 -0.0019 0.1152
vn -0.9933 0.009 0.1154
vn -0.846 -0.2927 0.4456
vn 0.0162 -0.7517 0.6593
vn 0.0105 -0.9896 0.1432
vn 0.1946 -0.9176 0.3467
vn 0.0 -0.9427 0.3338
vn -0.5311 -0.0 0.8473
vn -0.0 0.0 1.0
vn -0.4958 0.7516 0.435
vn -0.45 0.5311 0.7179
vn -0.0931 0.0935 0.9913
vn -0.0 0.0 1.0
vn -0.0 0.0 1.0
vn -0.0 -3.0E-4 1.0
vn 1.0E-4 -1.0E-4 1.0
vn 3.0E-4 0.0 1.0
vn -0.0 0.0 1.0
vn 0.0 -0.7071 0.7071
vn 0.0 -0.5258 0.8506
vn -0.0 -0.0 1.0
vn 0.0 -0.426 0.9047
vn 0.0 -0.0 1.0
vn 0.0 -0.7714 0.6364
vn 0.0 -0.7712 0.6365
vn 0.0 -0.0 1.0
vn 0.0 -0.7714 0.6364
vn 0.0 -0.7712 0.6365
vn -0.0 -0.0 1.0
vn -0.0 0.7071 0.7071
vn -0.0 0.5258 0.8506
vn 0.0 0.0 1.0
vn -0.0 0.426 0.9047
vn -0.0 0.7071 0.7071
vn -0.0 0.5258 0.8506
vn 0.0 0.0 1.0
vn -0.0 0.426 0.9047
vn -0.0 0.0 1.0
vn -0.0 1.0E-4 1.0
vn -0.0 0.0 1.0
vn -0.0 0.0 1.0
vn 0.0931 -0.0935 0.9913
vn 0.45 -0.5311 0.7179
vn 0.3146 -0.9426 0.1114
vn -0.0 0.0 1.0
vn -0.0 0.0 1.0
vn 0.6754 0.6494 0.3495
vn 0.4938 0.5206 0.6965
vn 0.7222 0.6839 0.1035
vn 0.7094 0.6972 0.1038
vn -0.0 0.5311 0.8473
vn 0.3687 0.3589 0.8575
vn 0.9944 0.0077 -0.1051
vn 0.9933 0.0019 0.1152
vn 0.9933 -0.009 0.1154
vn 0.846 0.2927 0.4456
vn -0.0162 0.7517 0.6593
vn -0.0105 0.9896 0.1432
vn -0.1946 0.9176 0.3467
vn -0.0 0.9427 0.3338
vn 0.5311 0.0 0.8473
vn -0.0 0.0 1.0
vn -0.0935 -0.0931 0.9913
vn -0.5311 -0.45 0.7179
vn -0.9897 -0.1415 0.0205
vn -0.0 0.0 1.0
vn -0.0808 -0.1651 0.983
vn -0.0178 -0.2269 0.9738
vn -0.0558 -0.6983 0.7136
vn -0.3474 -0.5641 0.7491
vn -0.1819 -0.0679 0.981
vn -0.1788 -0.0657 0.9817
vn -0.5999 -0.2295 0.7665
vn -0.6978 -0.0672 0.7132
vn -0.6948 -0.0644 0.7163
vn -0.6012 -0.2303 0.7652
vn -0.6426 -0.3262 0.6933
vn -0.3477 -0.5703 0.7442
vn -0.25 -0.5665 0.7852
vn -0.0567 -0.6961 0.7157
vn 0.0 0.0 1.0
vn -0.6425 -0.3262 0.6933
vn -0.7071 -0.0 0.7071
vn -0.5258 -0.0 0.8506
vn -0.0 0.0 1.0
vn -0.426 -0.0 0.9047
vn -0.3262 -0.6426 0.6933
vn -0.4629 -0.4629 0.7559
vn -0.3865 -0.3865 0.8374
vn -0.0 -0.5259 0.8505
vn -0.5961 -0.3322 0.731
vn -0.5961 -0.3322 0.7309
vn -0.3262 -0.6426 0.6934
vn -0.5259 0.0 0.8505
vn 0.0 -0.526 0.8505
vn -0.5184 -0.1687 0.8383
vn -0.0064 0.0042 1.0
vn 0.0 -0.0 1.0
vn -0.4417 0.3233 0.8369
vn -2.0E-4 0.002 1.0
vn -0.0 0.7071 0.7071
vn -0.0 0.5258 0.8506
vn 0.0 0.0 1.0
vn -0.0 0.426 0.9047
vn -0.0 0.0 1.0
vn -3.0E-4 0.0 1.0
vn -1.0E-4 -1.0E-4 1.0
vn -0.0 0.0 1.0
vn -0.0 0.0 1.0
vn -0.4958 0.7516 0.435
vn -0.45 0.5311 0.7179
vn -0.0931 0.0935 0.9913
vn -0.0 0.0 1.0
vn 0.9426 0.3147 0.1114
vn -0.0 0.0 1.0
vn 0.5311 0.45 0.7179
vn 0.0935 0.0931 0.9913
vn -0.0 0.0 1.0
vn 0.0 -0.0 1.0
vn -0.6754 -0.6494 0.3495
vn -0.4938 -0.5206 0.6965
vn -0.7222 -0.6839 0.1035
vn -0.7094 -0.6972 0.1038
vn 0.0 -0.5311 0.8473
vn -0.3687 -0.3589 0.8575
vn -0.9944 -0.0077 -0.1051
vn -0.9933 -0.0019 0.1152
vn -0.9933 0.009 0.1154
vn -0.846 -0.2927 0.4456
vn 0.0162 -0.7517 0.6593
vn 0.0105 -0.9896 0.1432
vn 0.1946 -0.9176 0.3467
vn 0.0 -0.9427 0.3338
vn -0.5311 -0.0 0.8473
vn -0.0 0.0 1.0
vn -0.4958 0.7516 0.435
vn -0.45 0.5311 0.7179
vn -0.0931 0.0935 0.9913
vn -0.0 0.0 1.0
vn -0.0 0.0 1.0
vn -0.0 -3.0E-4 1.0
vn 1.0E-4 -1.0E-4 1.0
vn 3.0E-4 0.0 1.0
vn -0.0 0.0 1.0
vn 0.0 -0.7071 0.7071
vn 0.0 -0.5258 0.8506
vn -0.0 -0.0 1.0
vn 0.0 -0.426 0.9047
vn 0.0 -0.0 1.0
vn 0.0 -0.7714 0.6364
vn 0.0 -0.7712 0.6365
vn 0.0 -0.0 1.0
vn 0.0 -0.7714 0.6364
vn 0.0 -0.7712 0.6365
vn 0.0 -0.0 1.0
vn 0.0 -0.7714 0.6364
vn 0.0 -0.7712 0.6365
vn 0.0 -0.0 1.0
vn 0.0 -0.7714 0.6364
vn 0.0 -0.7712 0.6365
vn -0.6426 0.3262 0.6933
vn -0.4629 0.4629 0.7559
vn -0.3865 0.3865 0.8374
vn -0.5259 0.0 0.8505
vn -0.3322 0.5961 0.731
vn -0.3322 0.5961 0.7309
vn -0.6426 0.3262 0.6934
vn 0.0 0.5259 0.8505
vn -0.526 -0.0 0.8505
vn -0.1687 0.5184 0.8383
vn 0.0042 0.0064 1.0
vn -0.0 -0.0 1.0
vn 0.3233 0.4417 0.8369
vn 0.002 2.0E-4 1.0
vn -0.7071 -0.0 0.7071
vn -0.5258 -0.0 0.8506
vn -0.0 0.0 1.0
vn -0.426 -0.0 0.9047
vn -0.7071 -0.0 0.7071
vn -0.5258 -0.0 0.8506
vn -0.0 0.0 1.0
vn -0.426 -0.0 0.9047
vn -0.7071 -0.0 0.7071
vn -0.5258 -0.0 0.8506
vn -0.0 0.0 1.0
vn -0.426 -0.0 0.9047
vn -0.0 0.0 1.0
vn -0.0935 -0.0931 0.9913
vn -0.5311 -0.45 0.7179
vn -0.9897 -0.1415 0.0205
vn -0.0 0.0 1.0
vn -0.0808 -0.1651 0.983
vn -0.0178 -0.2269 0.9738
vn -0.0558 -0.6983 0.7136
vn -0.3474 -0.5641 0.7491
vn -0.1819 -0.0679 0.981
vn -0.1788 -0.0657 0.9817
vn -0.5999 -0.2295 0.7665
vn -0.6978 -0.0672 0.7132
vn -0.6948 -0.0644 0.7163
vn -0.6012 -0.2303 0.7652
vn -0.6426 -0.3262 0.6933
vn -0.3477 -0.5703 0.7442
vn -0.25 -0.5665 0.7852
vn -0.0567 -0.6961 0.7157
vn 0.0 0.0 1.0
vn -0.6425 -0.3262 0.6933
vn -0.7071 -0.0 0.7071
vn -0.5258 -0.0 0.8506
vn -0.0 0.0 1.0
vn -0.426 -0.0 0.9047
vn -0.3262 -0.6426 0.6933
vn -0.4629 -0.4629 0.7559
vn -0.3865 -0.3865 0.8374
vn -0.0 -0.5259 0.8505
vn -0.5961 -0.3322 0.731
vn -0.5961 -0.3322 0.7309
vn -0.3262 -0.6426 0.6934
vn -0.5259 0.0 0.8505
vn 0.0 -0.526 0.8505
vn -0.5184 -0.1687 0.8383
vn -0.0064 0.0042 1.0
vn 0.0 -0.0 1.0
vn -0.4417 0.3233 0.8369
vn -2.0E-4 0.002 1.0
vn -0.0 -0.0 1.0
vn 0.0 0.0 1.0
vn -0.0808 -0.1651 0.983
vn -0.0178 -0.2269 0.9738
vn -0.0558 -0.6983 0.7136
vn -0.3474 -0.5641 0.7491
vn -0.1819 -0.0679 0.981
vn -0.1788 -0.0657 0.9817
vn -0.5999 -0.2295 0.7665
vn -0.6978 -0.0672 0.7132
vn -0.6948 -0.0644 0.7163
vn -0.6012 -0.2303 0.7652
vn -0.6426 -0.3262 0.6933
vn -0.3477 -0.5703 0.7442
vn -0.25 -0.5665 0.7852
vn -0.0567 -0.6961 0.7157
vn -0.6425 -0.3262 0.6933
vn -0.7071 -0.0 0.7071
vn -0.5258 -0.0 0.8506
vn -0.0 0.0 1.0
vn -0.426 -0.0 0.9047
vn 0.0 -0.7071 0.7071
vn 0.0 -0.5258 0.8506
vn -0.0 -0.0 1.0
vn 0.0 -0.426 0.9047
vn -0.0 -0.0 1.0
vn -0.0 -0.0 1.0
vn -0.0 -0.0 1.0
vn 0.0 -0.7071 0.7071
vn 0.0 -0.5258 0.8506
vn -0.0 -0.0 1.0
vn 0.0 -0.426 0.9047
vn -0.0 -0.0 1.0
vn -0.0 0.0 1.0
vn -0.0 0.0 1.0
vn -0.0 1.0E-4 1.0
vn -0.0 0.0 1.0
vn -0.0 0.0 1.0
vn 0.0931 -0.0935 0.9913
vn 0.45 -0.5311 0.7179
vn 0.3146 -0.9426 0.1114
vn -0.0 0.0 1.0
vn -0.0 0.0 1.0
vn -0.0 5.0E-4 1.0
vn 3.0E-4 0.0 1.0
vn 1.0E-4 1.0E-4 1.0
vn -0.0 0.0 1.0
vn -0.0 -0.0 1.0
vn -0.0 -0.6953 0.7187
vn -1.0 0.0 0.0
vn 0.0 0.0 1.0
vn -0.0 -1.0 0.0
vn 0.0 1.0 0.0
vn 1.0 -0.0 0.0
vn 0.9426 0.3147 0.1114
vn -0.0 0.0 1.0
vn 0.5311 0.45 0.7179
vn 0.0935 0.0931 0.9913
vn -0.0 0.0 1.0
vn -0.0 0.0 1.0
vn -0.0935 -0.0931 0.9913
vn -0.5311 -0.45 0.7179
vn -0.9897 -0.1415 0.0205
vn -0.0 0.0 1.0
vn 0.0 -0.0 1.0
vn 0.0 -0.7714 0.6364
vn 0.0 -0.7712 0.6365
vn 0.0 -0.0 1.0
vn 0.0 -0.7714 0.6364
vn 0.0 -0.7712 0.6365
vn -0.0 -0.0 1.0
vn 0.0 -0.0 1.0
vn 0.0 -0.7714 0.6364
vn 0.0 -0.7712 0.6365
vn 0.0 -0.0 1.0
vn 0.0 -0.7714 0.6364
vn 0.0 -0.7712 0.6365
vn 0.0 -0.0 1.0
vn 0.0 -0.7714 0.6364
vn 0.0 -0.7712 0.6365
vn -0.0 -0.0 1.0
vn -0.0 0.7071 0.7071
vn -0.0 0.5258 0.8506
vn 0.0 0.0 1.0
vn -0.0 0.426 0.9047
vn 0.0 -0.7071 0.7071
vn 0.0 -0.5258 0.8506
vn -0.0 -0.0 1.0
vn 0.0 -0.426 0.9047
vn 0.0 0.0 1.0
vn -0.6948 -0.0644 0.7163
vn -0.6012 -0.2303 0.7652
vn -0.6426 -0.3262 0.6933
vn -0.3477 -0.5703 0.7442
vn -0.25 -0.5665 0.7852
vn -0.0567 -0.6961 0.7157
vn -0.6425 -0.3262 0.6933
vn -0.0808 -0.1651 0.983
vn -0.0178 -0.2269 0.9738
vn -0.0558 -0.6983 0.7136
vn -0.3474 -0.5641 0.7491
vn -0.1819 -0.0679 0.981
vn -0.1788 -0.0657 0.9817
vn -0.5999 -0.2295 0.7665
vn -0.6978 -0.0672 0.7132
vn -0.7071 -0.0 0.7071
vn -0.5258 -0.0 0.8506
vn -0.0 0.0 1.0
vn -0.426 -0.0 0.9047
vn 0.7071 0.0 0.7071
vn 0.5258 0.0 0.8506
vn 0.0 -0.0 1.0
vn 0.426 0.0 0.9047
vn 0.0808 0.1651 0.983
vn 0.0178 0.2269 0.9738
vn 0.0558 0.6983 0.7136
vn 0.3474 0.5641 0.7491
vn 0.1819 0.0679 0.981
vn 0.1788 0.0657 0.9817
vn 0.5999 0.2295 0.7665
vn 0.6978 0.0672 0.7132
vn 0.6948 0.0644 0.7163
vn 0.6012 0.2303 0.7652
vn 0.6426 0.3262 0.6933
vn 0.3477 0.5703 0.7442
vn 0.25 0.5665 0.7852
vn 0.0567 0.6961 0.7157
vn -0.0 -0.0 1.0
vn 0.6425 0.3262 0.6933
vn 0.9426 0.3147 0.1114
vn -0.0 0.0 1.0
vn 0.5311 0.45 0.7179
vn 0.0935 0.0931 0.9913
vn -0.0 0.0 1.0
vn 0.0 -0.0 1.0
vn 0.0 -0.7714 0.6364
vn 0.0 -0.0 1.0
vn 0.0 -0.7714 0.6364
vn 0.0 -0.0 1.0
vn 0.0 -0.7714 0.6364
vn 0.0 -0.7071 0.7071
vn 0.0 -0.5258 0.8506
vn -0.0 -0.0 1.0
vn 0.0 -0.426 0.9047
vn -0.0808 -0.1651 0.983
vn -0.0178 -0.2269 0.9738
vn -0.0558 -0.6983 0.7136
vn -0.3474 -0.5641 0.7491
vn -0.1819 -0.0679 0.981
vn -0.1788 -0.0657 0.9817
vn -0.5999 -0.2295 0.7665
vn -0.6978 -0.0672 0.7132
vn -0.6948 -0.0644 0.7163
vn -0.6012 -0.2303 0.7652
vn -0.6426 -0.3262 0.6933
vn -0.3477 -0.5703 0.7442
vn -0.25 -0.5665 0.7852
vn -0.0567 -0.6961 0.7157
vn 0.0 0.0 1.0
vn -0.6425 -0.3262 0.6933
vn -0.7071 -0.0 0.7071
vn -0.5258 -0.0 0.8506
vn -0.0 0.0 1.0
vn -0.426 -0.0 0.9047
vn -0.0 0.0 1.0
vn 0.0931 -0.0935 0.9913
vn 0.45 -0.5311 0.7179
vn 0.3146 -0.9426 0.1114
vn -0.0 0.0 1.0
vn -0.0 0.0 1.0
vn 0.6754 0.6494 0.3495
vn 0.4938 0.5206 0.6965
vn 0.7222 0.6839 0.1035
vn 0.7094 0.6972 0.1038
vn -0.0 0.5311 0.8473
vn 0.3687 0.3589 0.8575
vn 0.9944 0.0077 -0.1051
vn 0.9933 0.0019 0.1152
vn 0.9933 -0.009 0.1154
vn 0.846 0.2927 0.4456
vn -0.0162 0.7517 0.6593
vn -0.0105 0.9896 0.1432
vn -0.1946 0.9176 0.3467
vn -0.0 0.9427 0.3338
vn 0.5311 0.0 0.8473
vn -0.0 0.0 1.0
vn -0.0935 -0.0931 0.9913
vn -0.5311 -0.45 0.7179
vn -0.9897 -0.1415 0.0205
vn -0.0 0.0 1.0
vn -0.0 0.0 1.0
vn -3.0E-4 0.0 1.0
vn -1.0E-4 -1.0E-4 1.0
vn -0.0 0.0 1.0
vn -0.0 0.0 1.0
vn -0.4958 0.7516 0.435
vn -0.45 0.5311 0.7179
vn -0.0931 0.0935 0.9913
vn -0.0 0.0 1.0
vn -0.0 0.0 1.0
vn -0.0 -3.0E-4 1.0
vn 1.0E-4 -1.0E-4 1.0
vn 3.0E-4 0.0 1.0
vn -0.0 0.0 1.0
vn 0.0 -0.7071 0.7071
vn 0.0 -0.5258 0.8506
vn -0.0 -0.0 1.0
vn 0.0 -0.426 0.9047
vn -0.0808 -0.1651 0.983
vn -0.0178 -0.2269 0.9738
vn -0.0558 -0.6983 0.7136
vn -0.3474 -0.5641 0.7491
vn -0.1819 -0.0679 0.981
vn -0.1788 -0.0657 0.9817
vn -0.5999 -0.2295 0.7665
vn -0.6978 -0.0672 0.7132
vn -0.6948 -0.0644 0.7163
vn -0.6012 -0.2303 0.7652
vn -0.6426 -0.3262 0.6933
vn -0.3477 -0.5703 0.7442
vn -0.25 -0.5665 0.7852
vn -0.0567 -0.6961 0.7157
vn 0.0 0.0 1.0
vn -0.6425 -0.3262 0.6933
vn 0.0 -0.0 1.0
vn -0.6754 -0.6494 0.3495
vn -0.4938 -0.5206 0.6965
vn -0.7222 -0.6839 0.1035
vn -0.7094 -0.6972 0.1038
vn 0.0 -0.5311 0.8473
vn -0.3687 -0.3589 0.8575
vn -0.9944 -0.0077 -0.1051
vn -0.9933 -0.0019 0.1152
vn -0.9933 0.009 0.1154
vn -0.846 -0.2927 0.4456
vn 0.0162 -0.7517 0.6593
vn 0.0105 -0.9896 0.1432
vn 0.1946 -0.9176 0.3467
vn 0.0 -0.9427 0.3338
vn -0.5311 -0.0 0.8473
vn -0.0 0.0 1.0
vn -0.4958 0.7516 0.435
vn -0.45 0.5311 0.7179
vn -0.0931 0.0935 0.9913
vn -0.0 0.0 1.0
vn -0.0 0.0 1.0
vn -0.0 -3.0E-4 1.0
vn 1.0E-4 -1.0E-4 1.0
vn 3.0E-4 0.0 1.0
vn -0.0 0.0 1.0
vn 0.0 -0.7071 0.7071
vn 0.0 -0.5258 0.8506
vn -0.0 -0.0 1.0
vn 0.0 -0.426 0.9047
vn 0.0 -0.0 1.0
vn 0.0 -0.7714 0.6364
vn 0.0 -0.7712 0.6365
vn 0.0 -0.0 1.0
vn 0.0 -0.7714 0.6364
vn 0.0 -0.7712 0.6365
vn 0.0 -0.0 1.0
vn 0.0 -0.7714 0.6364
vn 0.0 -0.7712 0.6365
vn -0.0 -0.0 1.0
vn 0.0 -0.0 1.0
vn 0.0 -0.7071 0.7071
vn 0.0 -0.5258 0.8506
vn -0.0 -0.0 1.0
vn 0.0 -0.426 0.9047
vn -0.0 0.0 1.0
vn -0.0935 -0.0931 0.9913
vn -0.5311 -0.45 0.7179
vn -0.9897 -0.1415 0.0205
vn -0.0 0.0 1.0
vn -0.0808 -0.1651 0.983
vn -0.0178 -0.2269 0.9738
vn -0.0558 -0.6983 0.7136
vn -0.3474 -0.5641 0.7491
vn -0.1819 -0.0679 0.981
vn -0.1788 -0.0657 0.9817
vn -0.5999 -0.2295 0.7665
vn -0.6978 -0.0672 0.7132
vn -0.6948 -0.0644 0.7163
vn -0.6012 -0.2303 0.7652
vn -0.6426 -0.3262 0.6933
vn -0.3477 -0.5703 0.7442
vn -0.25 -0.5665 0.7852
vn -0.0567 -0.6961 0.7157
vn 0.0 0.0 1.0
vn -0.6425 -0.3262 0.6933
vn -0.7071 -0.0 0.7071
vn -0.5258 -0.0 0.8506
vn -0.0 0.0 1.0
vn -0.426 -0.0 0.9047
vn -0.3262 -0.6426 0.6933
vn -0.4629 -0.4629 0.7559
vn -0.3865 -0.3865 0.8374
vn -0.0 -0.5259 0.8505
vn -0.5961 -0.3322 0.731
vn -0.5961 -0.3322 0.7309
vn -0.3262 -0.6426 0.6934
vn -0.5259 0.0 0.8505
vn -0.0064 0.0042 1.0
vn -0.5184 -0.1687 0.8383
vn -0.4417 0.3233 0.8369
vn -2.0E-4 0.002 1.0
vn 0.0 -0.526 0.8505
vn 0.0 -0.0 1.0
vn -0.0 -0.0 1.0
vn 0.0 -0.0 1.0
vn 0.0 -0.7071 0.7071
vn 0.0 -0.5258 0.8506
vn -0.0 -0.0 1.0
vn 0.0 -0.426 0.9047
vn -0.0808 -0.1651 0.983
vn -0.0178 -0.2269 0.9738
vn -0.0558 -0.6983 0.7136
vn -0.3474 -0.5641 0.7491
vn -0.1819 -0.0679 0.981
vn -0.1788 -0.0657 0.9817
vn -0.5999 -0.2295 0.7665
vn -0.6978 -0.0672 0.7132
vn -0.6948 -0.0644 0.7163
vn -0.6012 -0.2303 0.7652
vn -0.6426 -0.3262 0.6933
vn -0.3477 -0.5703 0.7442
vn -0.25 -0.5665 0.7852
vn -0.0567 -0.6961 0.7157
vn 0.0 0.0 1.0
vn -0.6425 -0.3262 0.6933
vn -0.7071 -0.0 0.7071
vn -0.5258 -0.0 0.8506
vn -0.0 0.0 1.0
vn -0.426 -0.0 0.9047
vn -0.7071 -0.0 0.7071
vn -0.5258 -0.0 0.8506
vn -0.0 0.0 1.0
vn -0.426 -0.0 0.9047
vn -0.7071 -0.0 0.7071
vn -0.5258 -0.0 0.8506
vn -0.0 0.0 1.0
vn -0.426 -0.0 0.9047
vn -0.7071 -0.0 0.7071
vn -0.5258 -0.0 0.8506
vn -0.0 0.0 1.0
vn -0.426 -0.0 0.9047
vn -0.3262 -0.6426 0.6933
vn -0.4629 -0.4629 0.7559
vn -0.3865 -0.3865 0.8374
vn -0.0 -0.5259 0.8505
vn -0.5961 -0.3322 0.731
vn -0.5961 -0.3322 0.7309
vn -0.3262 -0.6426 0.6934
vn -0.5259 0.0 0.8505
vn 0.0 -0.526 0.8505
vn -0.5184 -0.1687 0.8383
vn -0.0064 0.0042 1.0
vn 0.0 -0.0 1.0
vn -0.4417 0.3233 0.8369
vn -2.0E-4 0.002 1.0
vn 0.0 -0.7071 0.7071
vn 0.0 -0.5258 0.8506
vn -0.0 -0.0 1.0
vn 0.0 -0.426 0.9047
vn -0.0808 -0.1651 0.983
vn -0.0178 -0.2269 0.9738
vn -0.0558 -0.6983 0.7136
vn -0.3474 -0.5641 0.7491
vn -0.1819 -0.0679 0.981
vn -0.1788 -0.0657 0.9817
vn -0.5999 -0.2295 0.7665
vn -0.6978 -0.0672 0.7132
vn -0.6948 -0.0644 0.7163
vn -0.6012 -0.2303 0.7652
vn -0.6426 -0.3262 0.6933
vn -0.3477 -0.5703 0.7442
vn -0.25 -0.5665 0.7852
vn -0.0567 -0.6961 0.7157
vn 0.0 0.0 1.0
vn -0.6425 -0.3262 0.6933
vn -0.7071 -0.0 0.7071
vn -0.5258 -0.0 0.8506
vn -0.0 0.0 1.0
vn -0.426 -0.0 0.9047
vn -0.7071 -0.0 0.7071
vn -0.5258 -0.0 0.8506
vn -0.0 0.0 1.0
vn -0.426 -0.0 0.9047
vn -0.7071 -0.0 0.7071
vn -0.5258 -0.0 0.8506
vn -0.0 0.0 1.0
vn -0.426 -0.0 0.9047
vn -0.3262 -0.6426 0.6933
vn -0.4629 -0.4629 0.7559
vn -0.3865 -0.3865 0.8374
vn -0.0 -0.5259 0.8505
vn -0.5961 -0.3322 0.731
vn -0.5961 -0.3322 0.7309
vn -0.3262 -0.6426 0.6934
vn -0.5259 0.0 0.8505
vn 0.0 -0.526 0.8505
vn -0.5184 -0.1687 0.8383
vn -0.0064 0.0042 1.0
vn 0.0 -0.0 1.0
vn -0.4417 0.3233 0.8369
vn -2.0E-4 0.002 1.0
vn 0.0 -0.7071 0.7071
vn 0.0 -0.5258 0.8506
vn -0.0 -0.0 1.0
vn 0.0 -0.426 0.9047
vn -0.0808 -0.1651 0.983
vn -0.0178 -0.2269 0.9738
vn -0.0558 -0.6983 0.7136
vn -0.3474 -0.5641 0.7491
vn -0.1819 -0.0679 0.981
vn -0.1788 -0.0657 0.9817
vn -0.5999 -0.2295 0.7665
vn -0.6978 -0.0672 0.7132
vn -0.6948 -0.0644 0.7163
vn -0.6012 -0.2303 0.7652
vn -0.6426 -0.3262 0.6933
vn -0.3477 -0.5703 0.7442
vn -0.25 -0.5665 0.7852
vn -0.0567 -0.6961 0.7157
vn 0.0 0.0 1.0
vn -0.6425 -0.3262 0.6933
vn -0.7071 -0.0 0.7071
vn -0.5258 -0.0 0.8506
vn -0.0 0.0 1.0
vn -0.426 -0.0 0.9047
vn -0.7071 -0.0 0.7071
vn -0.5258 -0.0 0.8506
vn -0.0 0.0 1.0
vn -0.426 -0.0 0.9047
vn -0.7071 -0.0 0.7071
vn -0.5258 -0.0 0.8506
vn -0.0 0.0 1.0
vn -0.426 -0.0 0.9047
vn -0.3262 -0.6426 0.6933
vn -0.4629 -0.4629 0.7559
vn -0.3865 -0.3865 0.8374
vn -0.0 -0.5259 0.8505
vn -0.5961 -0.3322 0.731
vn -0.5961 -0.3322 0.7309
vn -0.3262 -0.6426 0.6934
vn -0.5259 0.0 0.8505
vn 0.0 -0.526 0.8505
vn -0.5184 -0.1687 0.8383
vn -0.0064 0.0042 1.0
vn 0.0 -0.0 1.0
vn -0.4417 0.3233 0.8369
vn -2.0E-4 0.002 1.0
vn 0.0 -0.7071 0.7071
vn 0.0 -0.5258 0.8506
vn -0.0 -0.0 1.0
vn 0.0 -0.426 0.9047
vn -0.0808 -0.1651 0.983
vn -0.0178 -0.2269 0.9738
vn -0.0558 -0.6983 0.7136
vn -0.3474 -0.5641 0.7491
vn -0.1819 -0.0679 0.981
vn -0.1788 -0.0657 0.9817
vn -0.5999 -0.2295 0.7665
vn -0.6978 -0.0672 0.7132
vn -0.6948 -0.0644 0.7163
vn -0.6012 -0.2303 0.7652
vn -0.6426 -0.3262 0.6933
vn -0.3477 -0.5703 0.7442
vn -0.25 -0.5665 0.7852
vn -0.0567 -0.6961 0.7157
vn 0.0 0.0 1.0
vn -0.6425 -0.3262 0.6933
vn -0.7071 -0.0 0.7071
vn -0.5258 -0.0 0.8506
vn -0.0 0.0 1.0
vn -0.426 -0.0 0.9047
vn -0.7071 -0.0 0.7071
vn -0.5258 -0.0 0.8506
vn -0.0 0.0 1.0
vn -0.426 -0.0 0.9047
vn -0.7071 -0.0 0.7071
vn -0.5258 -0.0 0.8506
vn -0.0 0.0 1.0
vn -0.426 -0.0 0.9047
vn -0.3262 -0.6426 0.6933
vn -0.4629 -0.4629 0.7559
vn -0.3865 -0.3865 0.8374
vn -0.0 -0.5259 0.8505
vn -0.5961 -0.3322 0.731
vn -0.5961 -0.3322 0.7309
vn -0.3262 -0.6426 0.6934
vn -0.5259 0.0 0.8505
vn 0.0 -0.526 0.8505
vn -0.5184 -0.1687 0.8383
vn -0.0064 0.0042 1.0
vn 0.0 -0.0 1.0
vn -0.4417 0.3233 0.8369
vn -2.0E-4 0.002 1.0
vn 0.0 -0.0 1.0
vn 0.0 -0.0 1.0
vn 0.0 -0.0 1.0
vn 0.0 -0.0 1.0
vn 0.0 -0.0 1.0
vn 0.0 -0.0 1.0
vn 0.0 -0.0 1.0
vn 0.0 -0.0 1.0
vn 0.0 -0.0 1.0
vn 0.0 -0.0 1.0
vn 0.0 -0.0 1.0
vn -0.0 0.0 1.0
vn -0.0 0.0 1.0
vn -0.0 0.0 1.0
vn -0.0 0.0 1.0
vn -0.0 0.0 1.0
vn -0.0 0.0 1.0
vn -0.0 0.0 1.0
vn -0.0 0.0 1.0
vn 0.0 -0.0 1.0
vn 0.0 -0.0 1.0
vn 0.0 -0.0 1.0
vn 0.0 0.0 1.0
vn 0.0 0.0 1.0
vn 0.0 -0.0 1.0
vn 0.0 -0.0 1.0
vn 0.0 -0.0 1.0
vn 0.0 0.0 1.0
vn 0.0 0.0 1.0
vn 0.0 -0.0 1.0
vn 0.0 -0.0 1.0
vn 0.0 -0.0 1.0
vn -0.0 0.0 1.0
vn 0.0 -0.0 1.0
vn 0.0 -0.0 1.0
vn 0.0 -0.0 1.0
vn 0.0 -0.0 1.0
vn 0.0 0.0 1.0
vn -0.0 0.0 1.0
vn -0.0 0.0 1.0
vn 0.0 -0.0 1.0
vn 0.0 -0.0 1.0
vn -0.0 0.0 1.0
vn 0.0 -0.0 1.0
vn 0.0 -0.0 1.0
vn 0.0 -0.0 1.0
vn 1.0 0.0 0.0
vn 0.0 -1.0 0.0
vn -1.0 5.77529E-15 -5.77529E-15
vn 0.0 0.0 1.0
vn 0.0 1.0 0.0
vn -1.0 0.0 0.0
vn -1.0 -1.44382E-15 -5.77529E-15
vn 1.0 -5.77529E-15 -5.77529E-15
vn 1.0 1.44382E-15 -5.77529E-15
c 1.0 1.0 1.0
c 1.0 1.0 1.0
c 1.0 1.0 1.0
c 1.0 1.0 1.0
c 1.0 1.0 1.0
c 1.0 1.0 1.0
c 1.0 1.0 1.0
c 1.0 1.0 1.0
c 1.0 1.0 1.0
c 1.0 1.0 1.0
c 1.0 1.0 1.0
c 1.0 1.0 1.0
c 1.0 1.0 1.0
c 1.0 1.0 1.0
c 1.0 1.0 1.0
c 1.0 1.0 1.0
c 1.0 1.0 1.0
c 1.0 1.0 1.0
c 1.0 1.0 1.0
c 1.0 1.0 1.0
c 1.0 1.0 1.0
c 1.0 1.0 1.0
c 1.0 1.0 1.0
c 1.0 1.0 1.0
c 1.0 1.0 1.0
c 1.0 1.0 1.0
c 1.0 1.0 1.0
c 1.0 1.0 1.0
c 1.0 1.0 1.0
c 1.0 1.0 1.0
c 1.0 1.0 1.0
c 1.0 1.0 1.0
c 1.0 1.0 1.0
c 1.0 1.0 1.0
c 1.0 1.0 1.0
c 1.0 1.0 1.0
c 1.0 1.0 1.0
c 1.0 1.0 1.0
c 1.0 1.0 1.0
c 1.0 1.0 1.0
c 1.0 1.0 1.0
c 1.0 1.0 1.0
c 1.0 1.0 1.0
c 1.0 1.0 1.0
c 1.0 1.0 1.0
c 1.0 1.0 1.0
c 1.0 1.0 1.0
c 1.0 1.0 1.0
c 1.0 1.0 1.0
c 1.0 1.0 1.0
c 1.0 1.0 1.0
c 1.0 1.0 1.0
c 1.0 1.0 1.0
c 1.0 1.0 1.0
c 1.0 1.0 1.0
c 1.0 1.0 1.0
c 1.0 1.0 1.0
c 1.0 1.0 1.0
c 1.0 1.0 1.0
c 1.0 1.0 1.0
c 1.0 1.0 1.0
c 1.0 1.0 1.0
c 1.0 1.0 1.0
c 1.0 1.0 1.0
c 1.0 1.0 1.0
c 1.0 1.0 1.0
c 1.0 1.0 1.0
c 1.0 1.0 1.0
c 1.0 1.0 1.0
c 1.0 1.0 1.0
c 1.0 1.0 1.0
c 1.0 1.0 1.0
c 1.0 1.0 1.0
c 1.0 1.0 1.0
c 1.0 1.0 1.0
c 1.0 1.0 1.0
c 1.0 1.0 1.0
c 1.0 1.0 1.0
c 1.0 1.0 1.0
c 1.0 1.0 1.0
c 1.0 1.0 1.0
c 1.0 1.0 1.0
c 1.0 1.0 1.0
c 1.0 1.0 1.0
c 1.0 1.0 1.0
c 1.0 1.0 1.0
c 1.0 1.0 1.0
c 1.0 1.0 1.0
c 1.0 1.0 1.0
c 1.0 1.0 1.0
c 1.0 1.0 1.0
c 1.0 1.0 1.0
c 1.0 1.0 1.0
c 1.0 1.0 1.0
c 1.0 1.0 1.0
c 1.0 1.0 1.0
c 1.0 1.0 1.0
c 1.0 1.0 1.0
c 1.0 1.0 1.0
c 1.0 1.0 1.0
c 1.0 1.0 1.0
c 1.0 1.0 1.0
c 1.0 1.0 1.0
c 1.0 1.0 1.0
c 1.0 1.0 1.0
c 1.0 1.0 1.0
c 1.0 1.0 1.0
c 1.0 1.0 1.0
c 1.0 1.0 1.0
c 1.0 1.0 1.0
c 1.0 1.0 1.0
c 1.0 1.0 1.0
c 1.0 1.0 1.0
c 1.0 1.0 1.0
c 1.0 1.0 1.0
c 1.0 1.0 1.0
c 1.0 1.0 1.0
c 1.0 1.0 1.0
c 1.0 1.0 1.0
c 1.0 1.0 1.0
c 1.0 1.0 1.0
c 1.0 1.0 1.0
c 1.0 1.0 1.0
c 1.0 1.0 1.0
c 1.0 1.0 1.0
c 1.0 1.0 1.0
c 1.0 1.0 1.0
c 1.0 1.0 1.0
c 1.0 1.0 1.0
c 1.0 1.0 1.0
c 1.0 1.0 1.0
c 1.0 1.0 1.0
c 1.0 1.0 1.0
c 1.0 1.0 1.0
c 1.0 1.0 1.0
c 1.0 1.0 1.0
c 1.0 1.0 1.0
c 1.0 1.0 1.0
c 1.0 1.0 1.0
c 1.0 1.0 1.0
c 1.0 1.0 1.0
c 1.0 1.0 1.0
c 1.0 1.0 1.0
c 1.0 1.0 1.0
c 1.0 1.0 1.0
c 1.0 1.0 1.0
c 1.0 1.0 1.0
c 1.0 1.0 1.0
c 1.0 1.0 1.0
c 1.0 1.0 1.0
c 1.0 1.0 1.0
c 1.0 1.0 1.0
c 1.0 1.0 1.0
c 1.0 1.0 1.0
c 1.0 1.0 1.0
c 1.0 1.0 1.0
c 1.0 1.0 1.0
c 1.0 1.0 1.0
c 1.0 1.0 1.0
c 1.0 1.0 1.0
c 1.0 1.0 1.0
c 1.0 1.0 1.0
c 1.0 1.0 1.0
c 1.0 1.0 1.0
c 1.0 1.0 1.0
c 1.0 1.0 1.0
c 1.0 1.0 1.0
c 1.0 1.0 1.0
c 1.0 1.0 1.0
c 1.0 1.0 1.0
c 1.0 1.0 1.0
c 1.0 1.0 1.0
c 1.0 1.0 1.0
c 1.0 1.0 1.0
c 1.0 1.0 1.0
c 1.0 1.0 1.0
c 1.0 1.0 1.0
c 1.0 1.0 1.0
c 1.0 1.0 1.0
c 1.0 1.0 1.0
c 1.0 1.0 1.0
c 1.0 1.0 1.0
c 1.0 1.0 1.0
c 1.0 1.0 1.0
c 1.0 1.0 1.0
c 1.0 1.0 1.0
c 1.0 1.0 1.0
c 1.0 1.0 1.0
c 1.0 1.0 1.0
c 1.0 1.0 1.0
c 1.0 1.0 1.0
c 1.0 1.0 1.0
c 1.0 1.0 1.0
c 1.0 1.0 1.0
c 1.0 1.0 1.0
c 1.0 1.0 1.0
c 1.0 1.0 1.0
c 1.0 1.0 1.0
c 1.0 1.0 1.0
c 1.0 1.0 1.0
c 1.0 1.0 1.0
c 1.0 1.0 1.0
c 1.0 1.0 1.0
c 1.0 1.0 1.0
c 1.0 1.0 1.0
c 1.0 1.0 1.0
c 1.0 1.0 1.0
c 1.0 1.0 1.0
c 1.0 1.0 1.0
c 1.0 1.0 1.0
c 1.0 1.0 1.0
c 1.0 1.0 1.0
c 1.0 1.0 1.0
c 1.0 1.0 1.0
c 1.0 1.0 1.0
c 1.0 1.0 1.0
c 1.0 1.0 1.0
c 1.0 1.0 1.0
c 1.0 1.0 1.0
c 1.0 1.0 1.0
c 1.0 1.0 1.0
c 1.0 1.0 1.0
c 1.0 1.0 1.0
c 1.0 1.0 1.0
c 1.0 1.0 1.0
c 1.0 1.0 1.0
c 1.0 1.0 1.0
c 1.0 1.0 1.0
c 1.0 1.0 1.0
c 1.0 1.0 1.0
c 1.0 1.0 1.0
c 1.0 1.0 1.0
c 1.0 1.0 1.0
c 1.0 1.0 1.0
c 1.0 1.0 1.0
c 1.0 1.0 1.0
c 1.0 1.0 1.0
c 1.0 1.0 1.0
c 1.0 1.0 1.0
c 1.0 1.0 1.0
c 1.0 1.0 1.0
c 1.0 1.0 1.0
c 1.0 1.0 1.0
c 1.0 1.0 1.0
c 1.0 1.0 1.0
c 1.0 1.0 1.0
c 1.0 1.0 1.0
c 1.0 1.0 1.0
c 1.0 1.0 1.0
c 1.0 1.0 1.0
c 1.0 1.0 1.0
c 1.0 1.0 1.0
c 1.0 1.0 1.0
c 1.0 1.0 1.0
c 1.0 1.0 1.0
c 1.0 1.0 1.0
c 1.0 1.0 1.0
c 1.0 1.0 1.0
c 1.0 1.0 1.0
c 1.0 1.0 1.0
c 1.0 1.0 1.0
c 1.0 1.0 1.0
c 1.0 1.0 1.0
c 1.0 1.0 1.0
c 1.0 1.0 1.0
c 1.0 1.0 1.0
c 1.0 1.0 1.0
c 1.0 1.0 1.0
c 1.0 1.0 1.0
c 1.0 1.0 1.0
c 1.0 1.0 1.0
c 1.0 1.0 1.0
c 1.0 1.0 1.0
c 1.0 1.0 1.0
c 1.0 1.0 1.0
c 1.0 1.0 1.0
c 1.0 1.0 1.0
usemtl pond_on
s off
f 3397/3294/1430/263 3398/3295/1430/263 3399/3296/1430/263 3400/3297/1430/263
usemtl pond_edge
s off
f 2157/2090/936/155 2158/2091/936/155 2160/2092/936/155 2159/2093/936/155
f 2159/2093/936/155 2160/2092/936/155 2162/2094/936/155 2161/2095/936/155
f 2167/2100/936/155 2168/2101/936/155 2169/2098/936/155 2170/2099/936/155
f 2183/2111/941/156 2186/2112/941/156 2187/2113/941/156 2184/2114/941/156
f 2182/2115/941/156 2185/2116/941/156 2186/2112/941/156 2183/2111/941/156
f 2226/2148/946/157 2227/2149/946/157 2228/2146/946/157 2229/2144/946/157
f 2313/2232/958/160 2316/2233/958/160 2317/2234/958/160 2314/2235/958/160
f 2312/2236/958/160 2315/2237/958/160 2316/2233/958/160 2313/2232/958/160
f 2326/2246/963/161 2331/2247/963/161 2327/2248/963/161 2328/2249/963/161
f 2328/2249/963/161 2327/2248/963/161 2329/2250/963/161 2330/2251/963/161
f 2635/2543/1093/185 2636/2544/1093/185 2638/2545/1093/185 2637/2546/1093/185
f 2637/2546/1093/185 2638/2545/1093/185 2640/2547/1093/185 2639/2548/1093/185
f 2646/2554/1093/185 2647/2555/1093/185 2648/2552/1093/185 2649/2550/1093/185
f 2661/2564/1098/186 2658/2565/1098/186 2659/2566/1098/186 2662/2567/1098/186
f 2662/2567/1098/186 2659/2566/1098/186 2660/2568/1098/186 2663/2569/1098/186
f 2702/2601/1103/187 2703/2602/1103/187 2704/2599/1103/187 2705/2597/1103/187
f 2163/2096/936/155 2164/2097/936/155 2165/2098/936/155
f 2164/2097/936/155 2166/2099/936/155 2165/2098/936/155
f 2171/2099/936/155 2172/2097/936/155 2173/2102/936/155
f 2221/2143/946/157 2222/2144/946/157 2223/2145/946/157
f 2222/2144/946/157 2224/2146/946/157 2223/2145/946/157
f 2223/2145/946/157 2224/2146/946/157 2225/2147/946/157
f 2641/2549/1093/185 2642/2550/1093/185 2643/2551/1093/185
f 2642/2550/1093/185 2644/2552/1093/185 2643/2551/1093/185
f 2643/2551/1093/185 2644/2552/1093/185 2645/2553/1093/185
f 2697/2596/1103/187 2698/2597/1103/187 2699/2598/1103/187
f 2698/2597/1103/187 2700/2599/1103/187 2699/2598/1103/187
f 2699/2598/1103/187 2700/2599/1103/187 2701/2600/1103/187
usemtl river
s off
f 1040/1029/469/86 1041/1030/469/86 1042/1031/469/86 1043/1032/469/86
f 3313/3210/1409/242 3314/3211/1409/242 3315/3212/1409/242 3316/3213/1409/242
f 3317/3214/1410/243 3318/3215/1410/243 3319/3216/1410/243 3320/3217/1410/243
f 3321/3218/1411/244 3322/3219/1411/244 3323/3220/1411/244 3324/3221/1411/244
f 3325/3224/1412/245 3326/3225/1412/245 3327/3222/1412/245 3328/3223/1412/245
f 3329/3226/1413/246 3330/3227/1413/246 3331/3228/1413/246 3332/3229/1413/246
f 3333/3232/1414/247 3334/3230/1414/247 3335/3231/1414/247 3336/3233/1414/247
f 3337/3236/1415/248 3338/3234/1415/248 3339/3235/1415/248 3340/3237/1415/248
f 3341/3238/1416/249 3342/3239/1416/249 3343/3240/1416/249 3344/3241/1416/249
f 3421/3318/1436/269 3422/3319/1436/269 3423/3320/1436/269 3424/3321/1436/269
f 3425/3322/1437/270 3426/3323/1437/270 3427/3324/1437/270 3428/3325/1437/270
f 3437/3334/1440/273 3438/3336/1440/273 3439/3337/1440/273 3440/3335/1440/273
usemtl river_r
s off
f 868/868/406/75 869/869/406/75 871/870/406/75 870/871/406/75
f 870/871/406/75 871/870/406/75 873/872/406/75 872/873/406/75
f 878/878/406/75 879/879/406/75 880/876/406/75 881/877/406/75
f 894/889/411/76 897/890/411/76 898/891/411/76 895/892/411/76
f 893/893/411/76 896/894/411/76 897/890/411/76 894/889/411/76
f 908/903/416/77 911/904/416/77 912/905/416/77 909/906/416/77
f 907/907/416/77 910/908/416/77 911/904/416/77 908/903/416/77
f 951/940/421/78 952/941/421/78 953/938/421/78 954/936/421/78
f 1035/1023/468/85 1038/1024/468/85 1039/1025/468/85 1036/1026/468/85
f 1034/1027/468/85 1037/1028/468/85 1038/1024/468/85 1035/1023/468/85
f 1044/1033/470/87 1045/1034/470/87 1046/1035/470/87 1047/1036/470/87
f 1080/1065/490/88 1077/1066/490/88 1078/1067/490/88 1081/1068/490/88
f 1081/1068/490/88 1078/1067/490/88 1079/1069/490/88 1082/1070/490/88
f 1083/1071/491/89 1084/1072/491/89 1085/1073/491/89 1086/1074/491/89
f 1116/1103/511/90 1121/1104/511/90 1117/1105/511/90 1118/1106/511/90
f 1118/1106/511/90 1117/1105/511/90 1119/1107/511/90 1120/1108/511/90
f 1196/1177/538/94 1197/1178/538/94 1199/1179/538/94 1198/1180/538/94
f 1198/1180/538/94 1199/1179/538/94 1201/1181/538/94 1200/1182/538/94
f 1206/1187/538/94 1207/1188/538/94 1208/1185/538/94 1209/1186/538/94
f 1222/1198/543/95 1225/1199/543/95 1226/1200/543/95 1223/1201/543/95
f 1221/1202/543/95 1224/1203/543/95 1225/1199/543/95 1222/1198/543/95
f 1227/1204/544/96 1228/1205/544/96 1229/1206/544/96 1230/1207/544/96
f 1260/1236/564/97 1265/1237/564/97 1261/1238/564/97 1262/1239/564/97
f 1262/1239/564/97 1261/1238/564/97 1263/1240/564/97 1264/1241/564/97
f 1327/1302/605/101 1330/1303/605/101 1331/1304/605/101 1328/1305/605/101
f 1326/1306/605/101 1329/1307/605/101 1330/1303/605/101 1327/1302/605/101
f 1332/1308/606/102 1333/1309/606/102 1334/1310/606/102 1335/1311/606/102
f 1366/1340/626/103 1369/1341/626/103 1370/1342/626/103 1367/1343/626/103
f 1365/1344/626/103 1368/1345/626/103 1369/1341/626/103 1366/1340/626/103
f 1433/1409/666/108 1436/1410/666/108 1437/1411/666/108 1434/1412/666/108
f 1432/1413/666/108 1435/1414/666/108 1436/1410/666/108 1433/1409/666/108
f 1438/1415/667/109 1439/1416/667/109 1440/1417/667/109 1441/1418/667/109
f 1474/1447/687/110 1471/1448/687/110 1472/1449/687/110 1475/1450/687/110
f 1475/1450/687/110 1472/1449/687/110 1473/1451/687/110 1476/1452/687/110
f 1515/1484/692/111 1516/1485/692/111 1517/1482/692/111 1518/1480/692/111
f 1602/1563/714/118 1603/1564/714/118 1605/1565/714/118 1604/1566/714/118
f 1604/1566/714/118 1605/1565/714/118 1607/1567/714/118 1606/1568/714/118
f 1612/1573/714/118 1613/1574/714/118 1614/1571/714/118 1615/1572/714/118
f 1628/1584/719/119 1631/1585/719/119 1632/1586/719/119 1629/1587/719/119
f 1627/1588/719/119 1630/1589/719/119 1631/1585/719/119 1628/1584/719/119
f 1633/1590/720/120 1634/1591/720/120 1635/1592/720/120 1636/1593/720/120
f 1666/1622/740/121 1671/1623/740/121 1667/1624/740/121 1668/1625/740/121
f 1668/1625/740/121 1667/1624/740/121 1669/1626/740/121 1670/1627/740/121
f 1772/1719/782/126 1773/1720/782/126 1775/1721/782/126 1774/1722/782/126
f 1774/1722/782/126 1775/1721/782/126 1777/1723/782/126 1776/1724/782/126
f 1783/1730/782/126 1784/1731/782/126 1785/1728/782/126 1786/1726/782/126
f 1798/1740/787/127 1795/1741/787/127 1796/1742/787/127 1799/1743/787/127
f 1799/1743/787/127 1796/1742/787/127 1797/1744/787/127 1800/1745/787/127
f 1810/1754/792/128 1813/1755/792/128 1814/1756/792/128 1811/1757/792/128
f 1809/1758/792/128 1812/1759/792/128 1813/1755/792/128 1810/1754/792/128
f 1815/1760/793/129 1816/1761/793/129 1817/1762/793/129 1818/1763/793/129
f 1851/1792/813/130 1848/1793/813/130 1849/1794/813/130 1852/1795/813/130
f 1852/1795/813/130 1849/1794/813/130 1850/1796/813/130 1853/1797/813/130
f 1892/1829/818/131 1893/1830/818/131 1894/1827/818/131 1895/1825/818/131
f 1994/1931/865/141 1999/1932/865/141 1995/1933/865/141 1996/1934/865/141
f 1996/1934/865/141 1995/1933/865/141 1997/1935/865/141 1998/1936/865/141
f 2471/2390/1033/175 2474/2391/1033/175 2475/2392/1033/175 2472/2393/1033/175
f 2470/2394/1033/175 2473/2395/1033/175 2474/2391/1033/175 2471/2390/1033/175
f 2550/2469/1068/182 2553/2470/1068/182 2554/2471/1068/182 2551/2472/1068/182
f 2549/2473/1068/182 2552/2474/1068/182 2553/2470/1068/182 2550/2469/1068/182
f 2555/2475/1069/183 2556/2476/1069/183 2557/2477/1069/183 2558/2478/1069/183
f 2588/2507/1089/184 2593/2508/1089/184 2589/2509/1089/184 2590/2510/1089/184
f 2590/2510/1089/184 2589/2509/1089/184 2591/2511/1089/184 2592/2512/1089/184
f 2737/2634/1124/190 2738/2635/1124/190 2739/2636/1124/190 2740/2637/1124/190
f 2773/2666/1144/191 2770/2667/1144/191 2771/2668/1144/191 2774/2669/1144/191
f 2774/2669/1144/191 2771/2668/1144/191 2772/2670/1144/191 2775/2671/1144/191
f 2814/2703/1149/192 2815/2704/1149/192 2816/2701/1149/192 2817/2699/1149/192
f 2878/2765/1173/200 2883/2766/1173/200 2879/2767/1173/200 2880/2768/1173/200
f 2880/2768/1173/200 2879/2767/1173/200 2881/2769/1173/200 2882/2770/1173/200
f 874/874/406/75 875/875/406/75 876/876/406/75
f 875/875/406/75 877/877/406/75 876/876/406/75
f 882/877/406/75 883/875/406/75 884/880/406/75
f 946/935/421/78 947/936/421/78 948/937/421/78
f 947/936/421/78 949/938/421/78 948/937/421/78
f 948/937/421/78 949/938/421/78 950/939/421/78
f 1048/1037/470/87 1049/1038/470/87 1050/1039/470/87
f 1087/1075/491/89 1088/1076/491/89 1089/1077/491/89
f 1202/1183/538/94 1203/1184/538/94 1204/1185/538/94
f 1203/1184/538/94 1205/1186/538/94 1204/1185/538/94
f 1210/1186/538/94 1211/1184/538/94 1212/1189/538/94
f 1231/1208/544/96 1232/1209/544/96 1233/1210/544/96
f 1336/1312/606/102 1337/1313/606/102 1338/1314/606/102
f 1442/1419/667/109 1443/1420/667/109 1444/1421/667/109
f 1510/1479/692/111 1511/1480/692/111 1512/1481/692/111
f 1511/1480/692/111 1513/1482/692/111 1512/1481/692/111
f 1512/1481/692/111 1513/1482/692/111 1514/1483/692/111
f 1608/1569/714/118 1609/1570/714/118 1610/1571/714/118
f 1609/1570/714/118 1611/1572/714/118 1610/1571/714/118
f 1616/1572/714/118 1617/1570/714/118 1618/1575/714/118
f 1637/1594/720/120 1638/1595/720/120 1639/1596/720/120
f 1778/1725/782/126 1779/1726/782/126 1780/1727/782/126
f 1779/1726/782/126 1781/1728/782/126 1780/1727/782/126
f 1780/1727/782/126 1781/1728/782/126 1782/1729/782/126
f 1819/1764/793/129 1820/1765/793/129 1821/1766/793/129
f 1887/1824/818/131 1888/1825/818/131 1889/1826/818/131
f 1888/1825/818/131 1890/1827/818/131 1889/1826/818/131
f 1889/1826/818/131 1890/1827/818/131 1891/1828/818/131
f 2559/2479/1069/183 2560/2480/1069/183 2561/2481/1069/183
f 2741/2638/1124/190 2742/2639/1124/190 2743/2640/1124/190
f 2809/2698/1149/192 2810/2699/1149/192 2811/2700/1149/192
f 2810/2699/1149/192 2812/2701/1149/192 2811/2700/1149/192
f 2811/2700/1149/192 2812/2701/1149/192 2813/2702/1149/192
usemtl allpeak_p
s off
f 3281/3178/1401/234 3283/3179/1401/234 3284/3180/1401/234 3282/3181/1401/234
f 3289/3186/1403/236 3290/3187/1403/236 3291/3188/1403/236 3292/3189/1403/236
f 3385/3282/1427/260 3386/3283/1427/260 3387/3284/1427/260 3388/3285/1427/260
usemtl allpeak
s off
f 3275/3174/1400/233 3276/3172/1400/233 3277/3173/1400/233 3278/3175/1400/233
f 3278/3174/1400/233 3277/3172/1400/233 3279/3176/1400/233 3280/3177/1400/233
f 3285/3185/1402/235 3286/3184/1402/235 3287/3182/1402/235 3288/3183/1402/235
f 3305/3204/1407/240 3306/3205/1407/240 3307/3203/1407/240 3308/3202/1407/240
f 3369/3268/1423/256 3370/3266/1423/256 3371/3267/1423/256 3372/3269/1423/256
f 3409/3308/1433/266 3410/3309/1433/266 3411/3307/1433/266 3412/3306/1433/266
usemtl pond_line
s off
f 835/841/404/75 836/842/404/75 838/843/404/75 837/844/404/75
f 852/845/404/75 854/846/404/75 853/847/404/75 851/848/405/75
f 839/849/404/75 840/850/404/75 842/851/404/75 841/852/404/75
f 843/853/404/75 844/854/404/75 846/855/404/75 845/856/404/75
f 847/857/404/75 848/858/404/75 850/859/404/75 849/860/404/75
f 855/861/404/75 856/862/404/75 857/848/404/75 858/863/404/75
f 848/858/404/75 847/867/404/75 845/856/404/75 846/855/404/75
f 838/843/404/75 840/850/404/75 839/849/404/75 837/844/404/75
f 889/881/407/76 885/882/407/76 886/883/407/76 891/884/408/76
f 892/885/407/76 887/886/407/76 888/887/407/76 890/888/409/76
f 887/886/407/76 892/885/410/76 891/884/407/76 886/883/407/76
f 903/895/412/77 899/896/412/77 900/897/412/77 905/898/413/77
f 906/899/412/77 901/900/412/77 902/901/412/77 904/902/414/77
f 901/900/412/77 906/899/415/77 905/898/412/77 900/897/412/77
f 913/909/417/78 914/910/417/78 916/911/417/78 915/912/417/78
f 924/913/418/78 926/914/417/78 925/915/417/78 923/916/417/78
f 917/917/417/78 918/918/417/78 920/919/417/78 919/920/419/78
f 921/921/417/78 922/922/417/78 924/913/417/78 923/916/417/78
f 930/923/417/78 932/924/417/78 931/925/417/78 929/926/420/78
f 925/915/417/78 926/914/417/78 928/927/417/78 927/928/417/78
f 933/929/417/78 934/930/417/78 935/926/417/78 936/931/417/78
f 918/918/417/78 917/917/417/78 915/912/417/78 916/911/417/78
f 1030/1015/464/85 1031/1016/465/85 1028/1017/465/85 1027/1018/465/85
f 1028/1017/465/85 1031/1016/466/85 1033/1019/465/85 1029/1020/465/85
f 1026/1021/465/85 1032/1022/467/85 1030/1015/465/85 1027/1018/465/85
f 1059/1040/471/87 1058/1040/472/87 1056/1041/473/87 1057/1042/474/87
f 1063/1043/475/87 1052/1044/475/87 1053/1045/475/87 1064/1046/475/87
f 1054/1047/476/87 1055/1048/476/87 1057/1042/476/87 1056/1041/476/87
f 1066/1049/477/87 1067/1050/478/87 1061/1051/479/87 1060/1049/480/87
f 1051/1052/481/87 1052/1044/482/87 1063/1053/483/87 1065/1052/484/87
f 1061/1051/485/87 1067/1054/485/87 1068/1055/485/87 1062/1056/485/87
f 1070/1057/486/88 1075/1058/487/88 1076/1059/486/88 1071/1060/486/88
f 1071/1060/486/88 1076/1059/488/88 1074/1061/486/88 1072/1062/486/88
f 1069/1063/486/88 1073/1064/489/88 1075/1058/486/88 1070/1057/486/88
f 1098/1078/492/89 1097/1078/493/89 1095/1079/494/89 1096/1080/495/89
f 1102/1081/496/89 1091/1082/496/89 1092/1083/496/89 1103/1084/496/89
f 1093/1085/497/89 1094/1086/497/89 1096/1080/497/89 1095/1079/497/89
f 1105/1087/498/89 1106/1088/499/89 1100/1089/500/89 1099/1087/501/89
f 1090/1090/502/89 1091/1082/503/89 1102/1091/504/89 1104/1090/505/89
f 1100/1089/506/89 1106/1092/506/89 1107/1093/506/89 1101/1094/506/89
f 1110/1095/507/90 1109/1096/507/90 1111/1097/507/90 1112/1098/508/90
f 1114/1099/507/90 1113/1100/507/90 1115/1101/507/90 1108/1102/509/90
f 1111/1097/507/90 1113/1100/507/90 1114/1099/510/90 1112/1098/507/90
f 1163/1150/536/94 1164/1151/536/94 1166/1152/536/94 1165/1153/536/94
f 1180/1154/536/94 1182/1155/536/94 1181/1156/536/94 1179/1157/537/94
f 1167/1158/536/94 1168/1159/536/94 1170/1160/536/94 1169/1161/536/94
f 1171/1162/536/94 1172/1163/536/94 1174/1164/536/94 1173/1165/536/94
f 1175/1166/536/94 1176/1167/536/94 1178/1168/536/94 1177/1169/536/94
f 1183/1170/536/94 1184/1171/536/94 1185/1157/536/94 1186/1172/536/94
f 1176/1167/536/94 1175/1176/536/94 1173/1165/536/94 1174/1164/536/94
f 1166/1152/536/94 1168/1159/536/94 1167/1158/536/94 1165/1153/536/94
f 1217/1190/539/95 1213/1191/539/95 1214/1192/539/95 1219/1193/540/95
f 1220/1194/539/95 1215/1195/539/95 1216/1196/539/95 1218/1197/541/95
f 1215/1195/539/95 1220/1194/542/95 1219/1193/539/95 1214/1192/539/95
f 1242/1211/545/96 1241/1211/546/96 1239/1212/547/96 1240/1213/548/96
f 1246/1214/549/96 1235/1215/549/96 1236/1216/549/96 1247/1217/549/96
f 1237/1218/550/96 1238/1219/550/96 1240/1213/550/96 1239/1212/550/96
f 1249/1220/551/96 1250/1221/552/96 1244/1222/553/96 1243/1220/554/96
f 1234/1223/555/96 1235/1215/556/96 1246/1224/557/96 1248/1223/558/96
f 1244/1222/559/96 1250/1225/559/96 1251/1226/559/96 1245/1227/559/96
f 1254/1228/560/97 1253/1229/560/97 1255/1230/560/97 1256/1231/561/97
f 1258/1232/560/97 1257/1233/560/97 1259/1234/560/97 1252/1235/562/97
f 1255/1230/560/97 1257/1233/560/97 1258/1232/563/97 1256/1231/560/97
f 1322/1294/601/101 1323/1295/602/101 1320/1296/602/101 1319/1297/602/101
f 1320/1296/602/101 1323/1295/603/101 1325/1298/602/101 1321/1299/602/101
f 1318/1300/602/101 1324/1301/604/101 1322/1294/602/101 1319/1297/602/101
f 1347/1315/607/102 1346/1315/608/102 1344/1316/609/102 1345/1317/610/102
f 1351/1318/611/102 1340/1319/611/102 1341/1320/611/102 1352/1321/611/102
f 1342/1322/612/102 1343/1323/612/102 1345/1317/612/102 1344/1316/612/102
f 1354/1324/613/102 1355/1325/614/102 1349/1326/615/102 1348/1324/616/102
f 1339/1327/617/102 1340/1319/618/102 1351/1328/619/102 1353/1327/620/102
f 1349/1326/621/102 1355/1329/621/102 1356/1330/621/102 1350/1331/621/102
f 1361/1332/622/103 1357/1333/622/103 1358/1334/622/103 1363/1335/623/103
f 1364/1336/622/103 1359/1337/622/103 1360/1338/622/103 1362/1339/624/103
f 1359/1337/622/103 1364/1336/625/103 1363/1335/622/103 1358/1334/622/103
f 1428/1401/662/108 1429/1402/663/108 1426/1403/663/108 1425/1404/663/108
f 1426/1403/663/108 1429/1402/664/108 1431/1405/663/108 1427/1406/663/108
f 1424/1407/663/108 1430/1408/665/108 1428/1401/663/108 1425/1404/663/108
f 1453/1422/668/109 1452/1422/669/109 1450/1423/670/109 1451/1424/671/109
f 1457/1425/672/109 1446/1426/672/109 1447/1427/672/109 1458/1428/672/109
f 1448/1429/673/109 1449/1430/673/109 1451/1424/673/109 1450/1423/673/109
f 1460/1431/674/109 1461/1432/675/109 1455/1433/676/109 1454/1431/677/109
f 1445/1434/678/109 1446/1426/679/109 1457/1435/680/109 1459/1434/681/109
f 1455/1433/682/109 1461/1436/682/109 1462/1437/682/109 1456/1438/682/109
f 1464/1439/683/110 1469/1440/684/110 1470/1441/683/110 1465/1442/683/110
f 1465/1442/683/110 1470/1441/685/110 1468/1443/683/110 1466/1444/683/110
f 1463/1445/683/110 1467/1446/686/110 1469/1440/683/110 1464/1439/683/110
f 1477/1453/688/111 1478/1454/688/111 1480/1455/688/111 1479/1456/688/111
f 1481/1457/688/111 1482/1458/688/111 1484/1459/688/111 1483/1460/689/111
f 1485/1461/688/111 1486/1462/688/111 1488/1463/688/111 1487/1464/688/111
f 1496/1465/688/111 1495/1466/688/111 1493/1467/690/111 1494/1468/688/111
f 1489/1469/688/111 1490/1470/691/111 1492/1471/688/111 1491/1472/688/111
f 1480/1455/688/111 1482/1458/688/111 1481/1457/688/111 1479/1456/688/111
f 1497/1473/688/111 1498/1474/688/111 1499/1467/688/111 1500/1475/688/111
f 1490/1470/688/111 1489/1469/688/111 1487/1464/688/111 1488/1463/688/111
f 1569/1536/712/118 1570/1537/712/118 1572/1538/712/118 1571/1539/712/118
f 1586/1540/712/118 1588/1541/712/118 1587/1542/712/118 1585/1543/713/118
f 1573/1544/712/118 1574/1545/712/118 1576/1546/712/118 1575/1547/712/118
f 1577/1548/712/118 1578/1549/712/118 1580/1550/712/118 1579/1551/712/118
f 1581/1552/712/118 1582/1553/712/118 1584/1554/712/118 1583/1555/712/118
f 1589/1556/712/118 1590/1557/712/118 1591/1543/712/118 1592/1558/712/118
f 1582/1553/712/118 1581/1562/712/118 1579/1551/712/118 1580/1550/712/118
f 1572/1538/712/118 1574/1545/712/118 1573/1544/712/118 1571/1539/712/118
f 1623/1576/715/119 1619/1577/715/119 1620/1578/715/119 1625/1579/716/119
f 1626/1580/715/119 1621/1581/715/119 1622/1582/715/119 1624/1583/717/119
f 1621/1581/715/119 1626/1580/718/119 1625/1579/715/119 1620/1578/715/119
f 1648/1597/721/120 1647/1597/722/120 1645/1598/723/120 1646/1599/724/120
f 1652/1600/725/120 1641/1601/725/120 1642/1602/725/120 1653/1603/725/120
f 1643/1604/726/120 1644/1605/726/120 1646/1599/726/120 1645/1598/726/120
f 1655/1606/727/120 1656/1607/728/120 1650/1608/729/120 1649/1606/730/120
f 1640/1609/731/120 1641/1601/732/120 1652/1610/733/120 1654/1609/734/120
f 1650/1608/735/120 1656/1611/735/120 1657/1612/735/120 1651/1613/735/120
f 1660/1614/736/121 1659/1615/736/121 1661/1616/736/121 1662/1617/737/121
f 1664/1618/736/121 1663/1619/736/121 1665/1620/736/121 1658/1621/738/121
f 1661/1616/736/121 1663/1619/736/121 1664/1618/739/121 1662/1617/736/121
f 1731/1689/779/126 1732/1690/779/126 1734/1691/779/126 1733/1692/779/126
f 1752/1693/779/126 1751/1694/779/126 1749/1695/779/126 1750/1696/779/126
f 1735/1697/779/126 1736/1698/779/126 1738/1699/779/126 1737/1700/780/126
f 1739/1701/779/126 1740/1702/779/126 1742/1695/779/126 1741/1703/779/126
f 1743/1704/779/126 1744/1694/779/126 1746/1705/779/126 1745/1706/779/126
f 1747/1702/779/126 1748/1707/779/126 1750/1696/779/126 1749/1695/779/126
f 1758/1708/779/126 1757/1709/779/126 1755/1710/781/126 1756/1711/779/126
f 1751/1694/779/126 1752/1693/779/126 1754/1712/779/126 1753/1705/779/126
f 1742/1695/779/126 1744/1694/779/126 1743/1704/779/126 1741/1703/779/126
f 1759/1713/779/126 1760/1714/779/126 1761/1710/779/126 1762/1715/779/126
f 1736/1698/779/126 1735/1697/779/126 1733/1692/779/126 1734/1691/779/126
f 1788/1732/783/127 1793/1733/784/127 1794/1734/783/127 1789/1735/783/127
f 1789/1735/783/127 1794/1734/785/127 1792/1736/783/127 1790/1737/783/127
f 1787/1738/783/127 1791/1739/786/127 1793/1733/783/127 1788/1732/783/127
f 1805/1746/788/128 1806/1747/789/128 1803/1748/789/128 1802/1749/789/128
f 1803/1748/789/128 1806/1747/790/128 1808/1750/789/128 1804/1751/789/128
f 1801/1752/789/128 1807/1753/791/128 1805/1746/789/128 1802/1749/789/128
f 1830/1767/794/129 1829/1767/795/129 1827/1768/796/129 1828/1769/797/129
f 1834/1770/798/129 1823/1771/798/129 1824/1772/798/129 1835/1773/798/129
f 1825/1774/799/129 1826/1775/799/129 1828/1769/799/129 1827/1768/799/129
f 1837/1776/800/129 1838/1777/801/129 1832/1778/802/129 1831/1776/803/129
f 1822/1779/804/129 1823/1771/805/129 1834/1780/806/129 1836/1779/807/129
f 1832/1778/808/129 1838/1781/808/129 1839/1782/808/129 1833/1783/808/129
f 1841/1784/809/130 1846/1785/810/130 1847/1786/809/130 1842/1787/809/130
f 1842/1787/809/130 1847/1786/811/130 1845/1788/809/130 1843/1789/809/130
f 1840/1790/809/130 1844/1791/812/130 1846/1785/809/130 1841/1784/809/130
f 1854/1798/814/131 1855/1799/814/131 1857/1800/814/131 1856/1801/814/131
f 1858/1802/814/131 1859/1803/814/131 1861/1804/814/131 1860/1805/815/131
f 1862/1806/814/131 1863/1807/814/131 1865/1808/814/131 1864/1809/814/131
f 1873/1810/814/131 1872/1811/814/131 1870/1812/816/131 1871/1813/814/131
f 1866/1814/814/131 1867/1815/817/131 1869/1816/814/131 1868/1817/814/131
f 1857/1800/814/131 1859/1803/814/131 1858/1802/814/131 1856/1801/814/131
f 1874/1818/814/131 1875/1819/814/131 1876/1812/814/131 1877/1820/814/131
f 1867/1815/814/131 1866/1814/814/131 1864/1809/814/131 1865/1808/814/131
f 1988/1923/861/141 1987/1924/861/141 1989/1925/861/141 1990/1926/862/141
f 1992/1927/861/141 1991/1928/861/141 1993/1929/861/141 1986/1930/863/141
f 1989/1925/861/141 1991/1928/861/141 1992/1927/864/141 1990/1926/861/141
f 2124/2063/934/155 2125/2064/934/155 2127/2065/934/155 2126/2066/934/155
f 2141/2067/934/155 2143/2068/934/155 2142/2069/934/155 2140/2070/935/155
f 2128/2071/934/155 2129/2072/934/155 2131/2073/934/155 2130/2074/934/155
f 2132/2075/934/155 2133/2076/934/155 2135/2077/934/155 2134/2078/934/155
f 2136/2079/934/155 2137/2080/934/155 2139/2081/934/155 2138/2082/934/155
f 2144/2083/934/155 2145/2084/934/155 2146/2070/934/155 2147/2085/934/155
f 2137/2080/934/155 2136/2089/934/155 2134/2078/934/155 2135/2077/934/155
f 2127/2065/934/155 2129/2072/934/155 2128/2071/934/155 2126/2066/934/155
f 2178/2103/937/156 2174/2104/937/156 2175/2105/937/156 2180/2106/938/156
f 2181/2107/937/156 2176/2108/937/156 2177/2109/937/156 2179/2110/939/156
f 2176/2108/937/156 2181/2107/940/156 2180/2106/937/156 2175/2105/937/156
f 2188/2117/942/157 2189/2118/942/157 2191/2119/942/157 2190/2120/942/157
f 2199/2121/943/157 2201/2122/942/157 2200/2123/942/157 2198/2124/942/157
f 2192/2125/942/157 2193/2126/942/157 2195/2127/942/157 2194/2128/944/157
f 2196/2129/942/157 2197/2130/942/157 2199/2121/942/157 2198/2124/942/157
f 2205/2131/942/157 2207/2132/942/157 2206/2133/942/157 2204/2134/945/157
f 2200/2123/942/157 2201/2122/942/157 2203/2135/942/157 2202/2136/942/157
f 2208/2137/942/157 2209/2138/942/157 2210/2134/942/157 2211/2139/942/157
f 2193/2126/942/157 2192/2125/942/157 2190/2120/942/157 2191/2119/942/157
f 2308/2224/954/160 2309/2225/955/160 2306/2226/955/160 2305/2227/955/160
f 2306/2226/955/160 2309/2225/956/160 2311/2228/955/160 2307/2229/955/160
f 2304/2230/955/160 2310/2231/957/160 2308/2224/955/160 2305/2227/955/160
f 2320/2238/959/161 2319/2239/959/161 2321/2240/959/161 2322/2241/960/161
f 2324/2242/959/161 2323/2243/959/161 2325/2244/959/161 2318/2245/961/161
f 2321/2240/959/161 2323/2243/959/161 2324/2242/962/161 2322/2241/959/161
f 2466/2382/1029/175 2467/2383/1030/175 2464/2384/1030/175 2463/2385/1030/175
f 2464/2384/1030/175 2467/2383/1031/175 2469/2386/1030/175 2465/2387/1030/175
f 2462/2388/1030/175 2468/2389/1032/175 2466/2382/1030/175 2463/2385/1030/175
f 2545/2461/1064/182 2541/2462/1064/182 2542/2463/1064/182 2547/2464/1065/182
f 2548/2465/1064/182 2543/2466/1064/182 2544/2467/1064/182 2546/2468/1066/182
f 2543/2466/1064/182 2548/2465/1067/182 2547/2464/1064/182 2542/2463/1064/182
f 2570/2482/1070/183 2569/2482/1071/183 2567/2483/1072/183 2568/2484/1073/183
f 2574/2485/1074/183 2563/2486/1074/183 2564/2487/1074/183 2575/2488/1074/183
f 2565/2489/1075/183 2566/2490/1075/183 2568/2484/1075/183 2567/2483/1075/183
f 2577/2491/1076/183 2578/2492/1077/183 2572/2493/1078/183 2571/2491/1079/183
f 2562/2494/1080/183 2563/2486/1081/183 2574/2495/1082/183 2576/2494/1083/183
f 2572/2493/1084/183 2578/2496/1084/183 2579/2497/1084/183 2573/2498/1084/183
f 2582/2499/1085/184 2581/2500/1085/184 2583/2501/1085/184 2584/2502/1086/184
f 2586/2503/1085/184 2585/2504/1085/184 2587/2505/1085/184 2580/2506/1087/184
f 2583/2501/1085/184 2585/2504/1085/184 2586/2503/1088/184 2584/2502/1085/184
f 2594/2513/1090/185 2595/2514/1090/185 2597/2515/1090/185 2596/2516/1090/185
f 2615/2517/1090/185 2614/2518/1090/185 2612/2519/1090/185 2613/2520/1090/185
f 2598/2521/1090/185 2599/2522/1090/185 2601/2523/1090/185 2600/2524/1091/185
f 2602/2525/1090/185 2603/2526/1090/185 2605/2519/1090/185 2604/2527/1090/185
f 2606/2528/1090/185 2607/2518/1090/185 2609/2529/1090/185 2608/2530/1090/185
f 2610/2526/1090/185 2611/2531/1090/185 2613/2520/1090/185 2612/2519/1090/185
f 2621/2532/1090/185 2620/2533/1090/185 2618/2534/1092/185 2619/2535/1090/185
f 2614/2518/1090/185 2615/2517/1090/185 2617/2536/1090/185 2616/2529/1090/185
f 2605/2519/1090/185 2607/2518/1090/185 2606/2528/1090/185 2604/2527/1090/185
f 2622/2537/1090/185 2623/2538/1090/185 2624/2534/1090/185 2625/2539/1090/185
f 2599/2522/1090/185 2598/2521/1090/185 2596/2516/1090/185 2597/2515/1090/185
f 2651/2556/1094/186 2656/2557/1095/186 2657/2558/1094/186 2652/2559/1094/186
f 2652/2559/1094/186 2657/2558/1096/186 2655/2560/1094/186 2653/2561/1094/186
f 2650/2562/1094/186 2654/2563/1097/186 2656/2557/1094/186 2651/2556/1094/186
f 2664/2570/1099/187 2665/2571/1099/187 2667/2572/1099/187 2666/2573/1099/187
f 2668/2574/1099/187 2669/2575/1099/187 2671/2576/1099/187 2670/2577/1100/187
f 2672/2578/1099/187 2673/2579/1099/187 2675/2580/1099/187 2674/2581/1099/187
f 2683/2582/1099/187 2682/2583/1099/187 2680/2584/1101/187 2681/2585/1099/187
f 2676/2586/1099/187 2677/2587/1102/187 2679/2588/1099/187 2678/2589/1099/187
f 2667/2572/1099/187 2669/2575/1099/187 2668/2574/1099/187 2666/2573/1099/187
f 2684/2590/1099/187 2685/2591/1099/187 2686/2584/1099/187 2687/2592/1099/187
f 2677/2587/1099/187 2676/2586/1099/187 2674/2581/1099/187 2675/2580/1099/187
f 2752/2641/1125/190 2751/2641/1126/190 2749/2642/1127/190 2750/2643/1128/190
f 2756/2644/1129/190 2745/2645/1129/190 2746/2646/1129/190 2757/2647/1129/190
f 2747/2648/1130/190 2748/2649/1130/190 2750/2643/1130/190 2749/2642/1130/190
f 2759/2650/1131/190 2760/2651/1132/190 2754/2652/1133/190 2753/2650/1134/190
f 2744/2653/1135/190 2745/2645/1136/190 2756/2654/1137/190 2758/2653/1138/190
f 2754/2652/1139/190 2760/2655/1139/190 2761/2656/1139/190 2755/2657/1139/190
f 2763/2658/1140/191 2768/2659/1141/191 2769/2660/1140/191 2764/2661/1140/191
f 2764/2661/1140/191 2769/2660/1142/191 2767/2662/1140/191 2765/2663/1140/191
f 2762/2664/1140/191 2766/2665/1143/191 2768/2659/1140/191 2763/2658/1140/191
f 2776/2672/1145/192 2777/2673/1145/192 2779/2674/1145/192 2778/2675/1145/192
f 2780/2676/1145/192 2781/2677/1145/192 2783/2678/1145/192 2782/2679/1146/192
f 2784/2680/1145/192 2785/2681/1145/192 2787/2682/1145/192 2786/2683/1145/192
f 2795/2684/1145/192 2794/2685/1145/192 2792/2686/1147/192 2793/2687/1145/192
f 2788/2688/1145/192 2789/2689/1148/192 2791/2690/1145/192 2790/2691/1145/192
f 2779/2674/1145/192 2781/2677/1145/192 2780/2676/1145/192 2778/2675/1145/192
f 2796/2692/1145/192 2797/2693/1145/192 2798/2686/1145/192 2799/2694/1145/192
f 2789/2689/1145/192 2788/2688/1145/192 2786/2683/1145/192 2787/2682/1145/192
f 2872/2757/1169/200 2871/2758/1169/200 2873/2759/1169/200 2874/2760/1170/200
f 2876/2761/1169/200 2875/2762/1169/200 2877/2763/1169/200 2870/2764/1171/200
f 2873/2759/1169/200 2875/2762/1169/200 2876/2761/1172/200 2874/2760/1169/200
f 859/861/404/75 860/864/404/75 861/862/404/75
f 862/863/404/75 863/848/404/75 864/865/404/75
f 865/866/404/75 866/847/404/75 867/846/404/75
f 937/929/417/78 938/932/417/78 939/930/417/78
f 940/931/417/78 941/926/417/78 942/933/417/78
f 943/934/417/78 944/925/417/78 945/924/417/78
f 1187/1170/536/94 1188/1173/536/94 1189/1171/536/94
f 1190/1172/536/94 1191/1157/536/94 1192/1174/536/94
f 1193/1175/536/94 1194/1156/536/94 1195/1155/536/94
f 1501/1473/688/111 1502/1476/688/111 1503/1474/688/111
f 1504/1475/688/111 1505/1467/688/111 1506/1477/688/111
f 1507/1478/688/111 1508/1466/688/111 1509/1465/688/111
f 1593/1556/712/118 1594/1559/712/118 1595/1557/712/118
f 1596/1558/712/118 1597/1543/712/118 1598/1560/712/118
f 1599/1561/712/118 1600/1542/712/118 1601/1541/712/118
f 1763/1713/779/126 1764/1716/779/126 1765/1714/779/126
f 1766/1715/779/126 1767/1710/779/126 1768/1717/779/126
f 1769/1718/779/126 1770/1709/779/126 1771/1708/779/126
f 1878/1818/814/131 1879/1821/814/131 1880/1819/814/131
f 1881/1820/814/131 1882/1812/814/131 1883/1822/814/131
f 1884/1823/814/131 1885/1811/814/131 1886/1810/814/131
f 2148/2083/934/155 2149/2086/934/155 2150/2084/934/155
f 2151/2085/934/155 2152/2070/934/155 2153/2087/934/155
f 2154/2088/934/155 2155/2069/934/155 2156/2068/934/155
f 2212/2137/942/157 2213/2140/942/157 2214/2138/942/157
f 2215/2139/942/157 2216/2134/942/157 2217/2141/942/157
f 2218/2142/942/157 2219/2133/942/157 2220/2132/942/157
f 2626/2537/1090/185 2627/2540/1090/185 2628/2538/1090/185
f 2629/2539/1090/185 2630/2534/1090/185 2631/2541/1090/185
f 2632/2542/1090/185 2633/2533/1090/185 2634/2532/1090/185
f 2688/2590/1099/187 2689/2593/1099/187 2690/2591/1099/187
f 2691/2592/1099/187 2692/2584/1099/187 2693/2594/1099/187
f 2694/2595/1099/187 2695/2583/1099/187 2696/2582/1099/187
f 2800/2692/1145/192 2801/2695/1145/192 2802/2693/1145/192
f 2803/2694/1145/192 2804/2686/1145/192 2805/2696/1145/192
f 2806/2697/1145/192 2807/2685/1145/192 2808/2684/1145/192
usemtl grass01
s off
f 319/321/139/23 320/322/139/23 321/323/139/23 322/324/139/23
f 481/485/233/36 482/486/233/36 483/483/233/36 484/484/233/36
f 557/559/278/42 558/560/278/42 560/561/278/42 559/562/278/42
f 608/610/306/46 609/611/306/46 611/612/306/46 610/613/306/46
f 629/631/322/47 630/632/322/47 631/633/322/47 632/634/322/47
f 637/639/324/49 638/640/324/49 639/641/324/49 640/642/324/49
f 681/683/340/55 682/684/340/55 683/685/340/55 684/686/340/55
f 685/687/341/56 686/688/341/56 687/689/341/56 688/690/341/56
f 693/697/343/58 694/698/343/58 695/695/343/58 696/696/343/58
f 697/699/344/59 698/700/344/59 699/701/344/59 700/702/344/59
f 741/743/355/65 742/744/355/65 743/745/355/65 744/746/355/65
f 761/763/362/68 762/764/362/68 763/765/362/68 764/766/362/68
f 821/827/399/73 822/828/399/73 823/829/399/73 824/830/399/73
f 973/960/429/81 974/961/429/81 975/962/429/81 976/963/429/81
f 1371/1346/627/104 1372/1347/627/104 1373/1348/627/104 1374/1349/627/104
f 1545/1514/703/115 1546/1515/703/115 1547/1512/703/115 1548/1513/703/115
f 2049/1988/900/145 2050/1990/900/145 2051/1989/900/145 2052/1991/900/145
f 2053/1992/901/146 2054/1993/901/146 2056/1994/901/146 2055/1995/901/146
f 2094/2033/925/149 2095/2034/925/149 2096/2035/925/149 2097/2036/925/149
f 2098/2039/926/150 2099/2040/926/150 2100/2037/926/150 2101/2038/926/150
f 2102/2041/927/151 2103/2042/927/151 2104/2043/927/151 2105/2044/927/151
f 2116/2057/932/153 2117/2055/932/153 2118/2058/932/153 2119/2056/932/153
f 2120/2061/933/154 2122/2062/933/154 2123/2059/933/154 2121/2060/933/154
f 2230/2150/947/158 2231/2151/947/158 2232/2152/947/158 2233/2153/947/158
f 2348/2268/970/164 2349/2269/970/164 2350/2270/970/164 2351/2271/970/164
f 2376/2296/980/168 2377/2297/980/168 2378/2298/980/168 2379/2299/980/168
f 2400/2320/989/171 2401/2321/989/171 2403/2322/989/171 2402/2323/989/171
f 2852/2741/1163/197 2853/2739/1163/197 2854/2740/1163/197 2855/2742/1163/197
f 2933/2824/1208/204 2934/2822/1208/204 2935/2825/1208/204 2936/2823/1208/204
usemtl road05
s off
f 50/52/34/4 51/53/34/4 53/54/34/4 52/55/34/4
usemtl tree01_un
s off
f 643/643/325/50 644/644/325/50 641/645/325/50 642/646/325/50
f 651/651/328/51 652/652/328/51 649/653/328/51 650/654/328/51
f 659/659/331/52 660/660/331/52 657/661/331/52 658/662/331/52
f 667/667/334/53 668/668/334/53 665/669/334/53 666/670/334/53
f 675/675/337/54 676/676/337/54 673/677/337/54 674/678/337/54
f 707/703/345/60 708/704/345/60 705/705/345/60 706/706/345/60
f 715/711/347/61 716/712/347/61 713/713/347/61 714/714/347/61
f 723/719/349/62 724/720/349/62 721/721/349/62 722/722/349/62
f 731/727/351/63 732/728/351/63 729/729/351/63 730/730/351/63
f 739/735/353/64 740/736/353/64 737/737/353/64 738/738/353/64
f 747/747/356/66 748/748/356/66 745/749/356/66 746/750/356/66
f 755/755/359/67 756/756/359/67 753/757/359/67 754/758/359/67
f 967/952/426/80 968/953/426/80 965/954/426/80 966/955/426/80
f 1531/1496/697/113 1532/1497/697/113 1529/1498/697/113 1530/1499/697/113
f 1539/1504/700/114 1540/1505/700/114 1537/1506/700/114 1538/1507/700/114
f 1908/1841/823/133 1909/1842/823/133 1906/1843/823/133 1907/1844/823/133
f 1916/1849/826/134 1917/1850/826/134 1914/1851/826/134 1915/1852/826/134
f 1924/1857/829/135 1925/1858/829/135 1922/1859/829/135 1923/1860/829/135
f 1932/1865/832/136 1933/1866/832/136 1930/1867/832/136 1931/1868/832/136
f 2334/2252/964/162 2335/2253/964/162 2332/2254/964/162 2333/2255/964/162
f 2342/2260/967/163 2343/2261/967/163 2340/2262/967/163 2341/2263/967/163
f 2354/2272/971/165 2355/2273/971/165 2352/2274/971/165 2353/2275/971/165
f 2362/2280/974/166 2363/2281/974/166 2360/2282/974/166 2361/2283/974/166
f 2370/2288/977/167 2371/2289/977/167 2368/2290/977/167 2369/2291/977/167
f 2476/2396/1034/176 2477/2397/1034/176 2478/2398/1034/176 2479/2399/1034/176
f 2484/2404/1036/177 2485/2405/1036/177 2486/2406/1036/177 2487/2407/1036/177
f 2492/2412/1038/178 2493/2413/1038/178 2494/2414/1038/178 2495/2415/1038/178
f 2830/2715/1154/194 2831/2716/1154/194 2828/2717/1154/194 2829/2718/1154/194
f 2838/2723/1157/195 2839/2724/1157/195 2836/2725/1157/195 2837/2726/1157/195
f 2846/2731/1160/196 2847/2732/1160/196 2844/2733/1160/196 2845/2734/1160/196
usemtl tree01
s off
f 647/647/326/50 648/648/327/50 645/649/326/50 646/650/327/50
f 655/655/329/51 656/656/330/51 653/657/329/51 654/658/330/51
f 663/663/332/52 664/664/333/52 661/665/332/52 662/666/333/52
f 671/671/335/53 672/672/336/53 669/673/335/53 670/674/336/53
f 679/679/338/54 680/680/339/54 677/681/338/54 678/682/339/54
f 751/751/357/66 752/752/358/66 749/753/357/66 750/754/358/66
f 759/759/360/67 760/760/361/67 757/761/360/67 758/762/361/67
f 971/956/427/80 972/957/428/80 969/958/427/80 970/959/428/80
f 1535/1500/698/113 1536/1501/699/113 1533/1502/698/113 1534/1503/699/113
f 1543/1508/701/114 1544/1509/702/114 1541/1510/701/114 1542/1511/702/114
f 1912/1845/824/133 1913/1846/825/133 1910/1847/824/133 1911/1848/825/133
f 1920/1853/827/134 1921/1854/828/134 1918/1855/827/134 1919/1856/828/134
f 1928/1861/830/135 1929/1862/831/135 1926/1863/830/135 1927/1864/831/135
f 1936/1869/833/136 1937/1870/834/136 1934/1871/833/136 1935/1872/834/136
f 2338/2256/965/162 2339/2257/966/162 2336/2258/965/162 2337/2259/966/162
f 2346/2264/968/163 2347/2265/969/163 2344/2266/968/163 2345/2267/969/163
f 2358/2276/972/165 2359/2277/973/165 2356/2278/972/165 2357/2279/973/165
f 2366/2284/975/166 2367/2285/976/166 2364/2286/975/166 2365/2287/976/166
f 2374/2292/978/167 2375/2293/979/167 2372/2294/978/167 2373/2295/979/167
f 2480/2400/1035/176 2481/2401/1035/176 2482/2402/1035/176 2483/2403/1035/176
f 2488/2408/1037/177 2489/2409/1037/177 2490/2410/1037/177 2491/2411/1037/177
f 2496/2416/1039/178 2497/2417/1039/178 2498/2418/1039/178 2499/2419/1039/178
f 2834/2719/1155/194 2835/2720/1156/194 2832/2721/1155/194 2833/2722/1156/194
f 2842/2727/1158/195 2843/2728/1159/195 2840/2729/1158/195 2841/2730/1159/195
f 2850/2735/1161/196 2851/2736/1162/196 2848/2737/1161/196 2849/2738/1162/196
usemtl tree01_re
s off
f 703/707/346/60 704/708/346/60 701/709/346/60 702/710/346/60
f 711/715/348/61 712/716/348/61 709/717/348/61 710/718/348/61
f 719/723/350/62 720/724/350/62 717/725/350/62 718/726/350/62
f 727/731/352/63 728/732/352/63 725/733/352/63 726/734/352/63
f 735/739/354/64 736/740/354/64 733/741/354/64 734/742/354/64
usemtl wall01_d
s off
f 5/5/2/2 6/6/3/2 7/7/4/2 8/8/5/2
f 17/17/10/2 18/18/11/2 19/19/12/2 20/20/13/2
f 19/21/12/2 18/22/11/2 21/23/14/2 22/24/15/2
f 23/25/16/3 24/26/17/3 25/27/17/3 26/28/16/3
f 24/26/17/3 27/29/18/3 28/30/18/3 25/27/17/3
f 29/31/16/3 30/32/16/3 31/33/19/3 32/34/19/3
f 33/35/20/4 34/36/21/4 35/37/22/4 36/38/23/4
f 37/39/24/4 38/40/25/4 39/41/26/4 40/42/27/4
f 38/40/25/4 33/35/20/4 36/38/23/4 39/41/26/4
f 54/56/36/5 55/57/37/5 56/58/37/5 57/59/36/5
f 55/57/37/5 58/60/38/5 59/61/38/5 56/58/37/5
f 60/62/36/5 61/63/36/5 62/64/39/5 63/65/39/5
f 64/66/40/6 65/67/41/6 66/68/41/6 67/69/40/6
f 65/67/41/6 68/70/42/6 69/71/42/6 66/68/41/6
f 70/72/40/6 71/73/40/6 72/74/43/6 73/75/43/6
f 74/76/44/7 75/77/45/7 76/78/45/7 77/79/44/7
f 75/77/45/7 78/80/46/7 79/81/46/7 76/78/45/7
f 80/82/44/7 81/83/44/7 82/84/47/7 83/85/47/7
f 84/86/48/8 85/87/49/8 86/88/49/8 87/89/48/8
f 85/87/49/8 88/90/50/8 89/91/50/8 86/88/49/8
f 90/92/48/8 91/93/48/8 92/94/51/8 93/95/51/8
f 109/100/55/9 110/101/56/9 107/102/57/9 108/103/57/9
f 99/114/64/9 101/105/58/9 100/104/55/9 98/115/65/9
f 219/210/83/13 220/211/84/13 217/212/85/13 218/213/85/13
f 209/224/92/13 211/215/86/13 210/214/83/13 208/225/93/13
f 224/226/94/14 225/227/95/14 226/228/95/14 227/229/94/14
f 225/227/95/14 228/230/96/14 229/231/96/14 226/228/95/14
f 230/232/94/14 231/233/94/14 232/234/97/14 233/235/97/14
f 234/236/98/15 235/237/99/15 236/238/99/15 237/239/98/15
f 235/237/99/15 238/240/100/15 239/241/100/15 236/238/99/15
f 240/242/98/15 241/243/98/15 242/244/101/15 243/245/101/15
f 244/246/102/16 245/247/103/16 246/248/103/16 247/249/102/16
f 245/247/103/16 248/250/104/16 249/251/104/16 246/248/103/16
f 250/252/102/16 251/253/102/16 252/254/105/16 253/255/105/16
f 254/256/106/17 255/257/107/17 256/258/107/17 257/259/106/17
f 255/257/107/17 258/260/108/17 259/261/108/17 256/258/107/17
f 260/262/106/17 261/263/106/17 262/264/109/17 263/265/109/17
f 268/270/111/19 269/271/112/19 270/272/112/19 271/273/111/19
f 269/271/112/19 272/274/113/19 273/275/113/19 270/272/112/19
f 274/276/111/19 275/277/111/19 276/278/114/19 277/279/114/19
f 278/280/115/20 279/281/116/20 280/282/116/20 281/283/115/20
f 279/281/116/20 282/284/117/20 283/285/117/20 280/282/116/20
f 284/286/115/20 285/287/115/20 286/288/118/20 287/289/118/20
f 288/290/119/21 289/291/120/21 290/292/121/21 291/293/122/21
f 292/294/123/21 293/295/124/21 294/296/125/21 295/297/126/21
f 293/295/124/21 288/290/119/21 291/293/122/21 294/296/125/21
f 310/311/135/22 312/312/136/22 311/313/136/22 309/314/135/22
f 312/312/136/22 314/315/137/22 313/316/137/22 311/313/136/22
f 328/329/141/25 330/330/142/25 329/331/142/25 327/332/141/25
f 330/330/142/25 332/333/143/25 331/334/143/25 329/331/142/25
f 337/339/145/26 338/340/146/26 339/341/147/26 340/342/148/26
f 341/343/149/26 342/344/150/26 343/345/151/26 344/346/152/26
f 342/344/150/26 337/339/145/26 340/342/148/26 343/345/151/26
f 358/360/161/27 359/361/162/27 360/362/162/27 361/363/161/27
f 359/361/162/27 362/364/163/27 363/365/163/27 360/362/162/27
f 364/366/161/27 365/367/161/27 366/368/164/27 367/369/164/27
f 368/370/165/28 369/371/166/28 370/372/166/28 371/373/165/28
f 369/371/166/28 372/374/167/28 373/375/167/28 370/372/166/28
f 374/376/165/28 375/377/165/28 376/378/168/28 377/379/168/28
f 378/380/169/29 379/381/170/29 380/382/170/29 381/383/169/29
f 379/381/170/29 382/384/171/29 383/385/171/29 380/382/170/29
f 384/386/169/29 385/387/169/29 386/388/172/29 387/389/172/29
f 388/390/173/30 389/391/174/30 390/392/175/30 391/393/176/30
f 392/394/177/30 393/395/178/30 394/396/179/30 395/397/180/30
f 393/395/178/30 388/390/173/30 391/393/176/30 394/396/179/30
f 409/411/189/31 410/412/190/31 411/413/191/31 412/414/192/31
f 413/415/193/31 414/416/194/31 415/417/195/31 416/418/196/31
f 414/416/194/31 409/411/189/31 412/414/192/31 415/417/195/31
f 430/432/205/32 431/433/206/32 432/434/206/32 433/435/205/32
f 431/433/206/32 434/436/207/32 435/437/207/32 432/434/206/32
f 436/438/205/32 437/439/205/32 438/440/208/32 439/441/208/32
f 440/442/209/33 441/443/210/33 442/444/210/33 443/445/209/33
f 441/443/210/33 444/446/211/33 445/447/211/33 442/444/210/33
f 446/448/209/33 447/449/209/33 448/450/212/33 449/451/212/33
f 450/452/213/34 451/453/214/34 452/454/214/34 453/455/213/34
f 451/453/214/34 454/456/215/34 455/457/215/34 452/454/214/34
f 456/458/213/34 457/459/213/34 458/460/216/34 459/461/216/34
f 460/462/217/35 461/463/218/35 462/464/219/35 463/465/220/35
f 464/466/221/35 465/467/222/35 466/468/223/35 467/469/224/35
f 465/467/222/35 460/462/217/35 463/465/220/35 466/468/223/35
f 485/487/234/37 486/488/235/37 487/489/236/37 488/490/237/37
f 489/491/238/37 490/492/239/37 491/493/240/37 492/494/241/37
f 490/492/239/37 485/487/234/37 488/490/237/37 491/493/240/37
f 506/508/250/38 507/509/251/38 508/510/251/38 509/511/250/38
f 507/509/251/38 510/512/252/38 511/513/252/38 508/510/251/38
f 512/514/250/38 513/515/250/38 514/516/253/38 515/517/253/38
f 516/518/254/39 517/519/255/39 518/520/255/39 519/521/254/39
f 517/519/255/39 520/522/256/39 521/523/256/39 518/520/255/39
f 522/524/254/39 523/525/254/39 524/526/257/39 525/527/257/39
f 526/528/258/40 527/529/259/40 528/530/259/40 529/531/258/40
f 527/529/259/40 530/532/260/40 531/533/260/40 528/530/259/40
f 532/534/258/40 533/535/258/40 534/536/261/40 535/537/261/40
f 536/538/262/41 537/539/263/41 538/540/264/41 539/541/265/41
f 540/542/266/41 541/543/267/41 542/544/268/41 543/545/269/41
f 541/543/267/41 536/538/262/41 539/541/265/41 542/544/268/41
f 579/580/294/43 581/581/295/43 580/582/295/43 578/583/294/43
f 581/581/295/43 583/584/296/43 582/585/296/43 580/582/295/43
f 589/590/298/44 591/591/299/44 590/592/299/44 588/593/298/44
f 591/591/299/44 593/594/300/44 592/595/300/44 590/592/299/44
f 599/600/302/45 601/601/303/45 600/602/303/45 598/603/302/45
f 601/601/303/45 603/604/304/45 602/605/304/45 600/602/303/45
f 765/767/363/69 766/768/364/69 767/769/365/69 768/770/366/69
f 789/793/377/70 790/794/377/70 791/795/380/70 792/796/380/70
f 799/803/381/71 800/804/381/71 801/805/384/71 802/806/384/71
f 803/807/385/72 804/808/386/72 805/809/387/72 806/810/388/72
f 831/837/400/74 832/838/400/74 833/839/403/74 834/840/403/74
f 961/948/422/79 962/949/422/79 963/950/425/79 964/951/425/79
f 977/964/430/82 978/965/431/82 979/966/432/82 980/967/433/82
f 1001/990/444/83 1002/991/444/83 1003/992/447/83 1004/993/447/83
f 1005/994/448/84 1006/995/449/84 1007/996/450/84 1008/997/451/84
f 1009/998/452/84 1010/999/453/84 1011/1000/454/84 1012/1001/455/84
f 1010/999/453/84 1005/994/448/84 1008/997/451/84 1011/1000/454/84
f 1122/1109/512/91 1123/1110/513/91 1124/1111/514/91 1125/1112/515/91
f 1126/1113/516/91 1127/1114/517/91 1128/1115/518/91 1129/1116/519/91
f 1127/1114/517/91 1122/1109/512/91 1125/1112/515/91 1128/1115/518/91
f 1149/1136/528/92 1150/1137/528/92 1151/1138/531/92 1152/1139/531/92
f 1159/1146/532/93 1160/1147/532/93 1161/1148/535/93 1162/1149/535/93
f 1266/1242/565/98 1267/1243/566/98 1268/1244/567/98 1269/1245/568/98
f 1270/1246/569/98 1271/1247/570/98 1272/1248/571/98 1273/1249/572/98
f 1271/1247/570/98 1266/1242/565/98 1269/1245/568/98 1272/1248/571/98
f 1293/1269/581/99 1294/1270/581/99 1295/1271/584/99 1296/1272/584/99
f 1297/1273/585/100 1298/1274/586/100 1299/1275/587/100 1300/1276/588/100
f 1301/1277/589/100 1302/1278/590/100 1303/1279/591/100 1304/1280/592/100
f 1302/1278/590/100 1297/1273/585/100 1300/1276/588/100 1303/1279/591/100
f 1375/1350/628/105 1376/1351/629/105 1377/1352/630/105 1378/1353/631/105
f 1399/1376/642/106 1400/1377/642/106 1401/1378/645/106 1402/1379/645/106
f 1403/1380/646/107 1404/1381/647/107 1405/1382/648/107 1406/1383/649/107
f 1407/1384/650/107 1408/1385/651/107 1409/1386/652/107 1410/1387/653/107
f 1408/1385/651/107 1403/1380/646/107 1406/1383/649/107 1409/1386/652/107
f 1525/1492/693/112 1526/1493/693/112 1527/1494/696/112 1528/1495/696/112
f 1555/1522/704/116 1556/1523/704/116 1557/1524/707/116 1558/1525/707/116
f 1565/1532/708/117 1566/1533/708/117 1567/1534/711/117 1568/1535/711/117
f 1672/1628/741/122 1673/1629/742/122 1674/1630/743/122 1675/1631/744/122
f 1676/1632/745/122 1677/1633/746/122 1678/1634/747/122 1679/1635/748/122
f 1677/1633/746/122 1672/1628/741/122 1675/1631/744/122 1678/1634/747/122
f 1699/1655/757/123 1700/1656/757/123 1701/1657/760/123 1702/1658/760/123
f 1703/1659/761/124 1704/1660/762/124 1705/1661/763/124 1706/1662/764/124
f 1902/1837/819/132 1903/1838/819/132 1904/1839/822/132 1905/1840/822/132
f 1938/1873/835/137 1939/1874/836/137 1940/1875/837/137 1941/1876/838/137
f 1972/1909/853/139 1973/1910/853/139 1974/1911/856/139 1975/1912/856/139
f 1976/1913/857/140 1977/1914/858/140 1978/1915/858/140 1979/1916/857/140
f 1977/1914/858/140 1980/1917/859/140 1981/1918/859/140 1978/1915/858/140
f 1982/1919/857/140 1983/1920/857/140 1984/1921/860/140 1985/1922/860/140
f 2000/1937/866/142 2001/1938/867/142 2002/1939/868/142 2003/1940/869/142
f 2004/1941/870/142 2005/1942/871/142 2006/1943/872/142 2007/1944/873/142
f 2005/1942/871/142 2000/1937/866/142 2003/1940/869/142 2006/1943/872/142
f 2027/1964/882/143 2028/1965/882/143 2029/1966/885/143 2030/1967/885/143
f 2031/1968/886/144 2032/1969/887/144 2033/1970/888/144 2034/1971/889/144
f 2080/2019/917/147 2081/2020/917/147 2082/2021/920/147 2083/2022/920/147
f 2090/2029/921/148 2091/2030/921/148 2092/2031/924/148 2093/2032/924/148
f 2386/2306/981/169 2387/2307/981/169 2388/2308/984/169 2389/2309/984/169
f 2391/2310/985/170 2393/2311/986/170 2392/2312/986/170 2390/2313/985/170
f 2393/2311/986/170 2395/2314/987/170 2394/2315/987/170 2392/2312/986/170
f 2422/2341/1005/172 2424/2342/1006/172 2423/2343/1006/172 2421/2344/1005/172
f 2424/2342/1006/172 2426/2345/1007/172 2425/2346/1007/172 2423/2343/1006/172
f 2437/2357/1009/173 2438/2358/1009/173 2439/2359/1012/173 2440/2360/1012/173
f 2441/2361/1013/174 2442/2362/1014/174 2443/2363/1015/174 2444/2364/1016/174
f 2445/2365/1017/174 2446/2366/1018/174 2447/2367/1019/174 2448/2368/1020/174
f 2446/2366/1018/174 2441/2361/1013/174 2444/2364/1016/174 2447/2367/1019/174
f 2500/2420/1040/179 2501/2421/1041/179 2502/2422/1041/179 2503/2423/1040/179
f 2501/2421/1041/179 2504/2424/1042/179 2505/2425/1042/179 2502/2422/1041/179
f 2506/2426/1040/179 2507/2427/1040/179 2508/2428/1043/179 2509/2429/1043/179
f 2510/2430/1044/180 2511/2431/1045/180 2512/2432/1046/180 2513/2433/1047/180
f 2514/2434/1048/180 2515/2435/1049/180 2516/2436/1050/180 2517/2437/1051/180
f 2515/2435/1049/180 2510/2430/1044/180 2513/2433/1047/180 2516/2436/1050/180
f 2531/2451/1060/181 2532/2452/1061/181 2533/2453/1061/181 2534/2454/1060/181
f 2532/2452/1061/181 2535/2455/1062/181 2536/2456/1062/181 2533/2453/1061/181
f 2537/2457/1060/181 2538/2458/1060/181 2539/2459/1063/181 2540/2460/1063/181
f 2706/2603/1104/188 2707/2604/1105/188 2708/2605/1105/188 2709/2606/1104/188
f 2707/2604/1105/188 2710/2607/1106/188 2711/2608/1106/188 2708/2605/1105/188
f 2712/2609/1104/188 2713/2610/1104/188 2714/2611/1107/188 2715/2612/1107/188
f 2716/2613/1108/189 2717/2614/1109/189 2718/2615/1110/189 2719/2616/1111/189
f 2720/2617/1112/189 2721/2618/1113/189 2722/2619/1114/189 2723/2620/1115/189
f 2721/2618/1113/189 2716/2613/1108/189 2719/2616/1111/189 2722/2619/1114/189
f 2824/2711/1150/193 2825/2712/1150/193 2826/2713/1153/193 2827/2714/1153/193
f 2860/2747/1165/199 2861/2748/1166/199 2862/2749/1166/199 2863/2750/1165/199
f 2861/2748/1166/199 2864/2751/1167/199 2865/2752/1167/199 2862/2749/1166/199
f 2866/2753/1165/199 2867/2754/1165/199 2868/2755/1168/199 2869/2756/1168/199
f 2884/2771/1174/201 2885/2772/1175/201 2886/2773/1176/201 2887/2774/1177/201
f 2888/2775/1178/201 2889/2776/1179/201 2890/2777/1180/201 2891/2778/1181/201
f 2889/2776/1179/201 2884/2771/1174/201 2887/2774/1177/201 2890/2777/1180/201
f 2905/2792/1190/202 2906/2793/1191/202 2907/2794/1191/202 2908/2795/1190/202
f 2906/2793/1191/202 2909/2796/1192/202 2910/2797/1192/202 2907/2794/1191/202
f 2911/2798/1190/202 2912/2799/1190/202 2913/2800/1193/202 2914/2801/1193/202
f 2915/2802/1194/203 2916/2803/1195/203 2917/2804/1196/203 2918/2805/1197/203
f 2929/2814/1202/203 2928/2815/1203/203 2931/2816/1204/203 2932/2817/1205/203
f 2941/2830/1210/206 2942/2831/1211/206 2943/2832/1211/206 2944/2833/1210/206
f 2942/2831/1211/206 2945/2834/1212/206 2946/2835/1212/206 2943/2832/1211/206
f 2947/2836/1210/206 2948/2837/1210/206 2949/2838/1213/206 2950/2839/1213/206
f 2951/2840/1214/207 2952/2841/1215/207 2953/2842/1216/207 2954/2843/1217/207
f 2955/2844/1218/207 2956/2845/1219/207 2957/2846/1220/207 2958/2847/1221/207
f 2956/2845/1219/207 2951/2840/1214/207 2954/2843/1217/207 2957/2846/1220/207
f 2972/2861/1230/208 2973/2862/1231/208 2974/2863/1231/208 2975/2864/1230/208
f 2973/2862/1231/208 2976/2865/1232/208 2977/2866/1232/208 2974/2863/1231/208
f 2978/2867/1230/208 2979/2868/1230/208 2980/2869/1233/208 2981/2870/1233/208
f 2983/2871/1234/209 2985/2872/1235/209 2984/2873/1235/209 2982/2874/1234/209
f 2985/2872/1235/209 2987/2875/1236/209 2986/2876/1236/209 2984/2873/1235/209
f 2993/2881/1238/210 2995/2882/1239/210 2994/2883/1239/210 2992/2884/1238/210
f 2995/2882/1239/210 2997/2885/1240/210 2996/2886/1240/210 2994/2883/1239/210
f 3003/2891/1242/211 3005/2892/1243/211 3004/2893/1243/211 3002/2894/1242/211
f 3005/2892/1243/211 3007/2895/1244/211 3006/2896/1244/211 3004/2893/1243/211
f 3012/2901/1246/212 3013/2902/1247/212 3014/2903/1248/212 3015/2904/1249/212
f 3024/2913/1254/212 3025/2914/1255/212 3026/2915/1256/212 3027/2916/1257/212
f 3026/2917/1256/212 3025/2918/1255/212 3028/2919/1258/212 3029/2920/1259/212
f 3030/2921/1260/213 3031/2922/1261/213 3032/2923/1261/213 3033/2924/1260/213
f 3031/2922/1261/213 3034/2925/1262/213 3035/2926/1262/213 3032/2923/1261/213
f 3036/2927/1260/213 3037/2928/1260/213 3038/2929/1263/213 3039/2930/1263/213
f 3040/2931/1264/214 3041/2932/1265/214 3042/2933/1266/214 3043/2934/1267/214
f 3044/2935/1268/214 3045/2936/1269/214 3046/2937/1270/214 3047/2938/1271/214
f 3045/2936/1269/214 3040/2931/1264/214 3043/2934/1267/214 3046/2937/1270/214
f 3061/2952/1280/215 3062/2953/1281/215 3063/2954/1281/215 3064/2955/1280/215
f 3062/2953/1281/215 3065/2956/1282/215 3066/2957/1282/215 3063/2954/1281/215
f 3067/2958/1280/215 3068/2959/1280/215 3069/2960/1283/215 3070/2961/1283/215
f 3071/2962/1284/216 3072/2963/1285/216 3073/2964/1285/216 3074/2965/1284/216
f 3072/2963/1285/216 3075/2966/1286/216 3076/2967/1286/216 3073/2964/1285/216
f 3077/2968/1284/216 3078/2969/1284/216 3079/2970/1287/216 3080/2971/1287/216
f 3081/2972/1288/217 3082/2973/1289/217 3083/2974/1289/217 3084/2975/1288/217
f 3082/2973/1289/217 3085/2976/1290/217 3086/2977/1290/217 3083/2974/1289/217
f 3087/2978/1288/217 3088/2979/1288/217 3089/2980/1291/217 3090/2981/1291/217
f 3091/2982/1292/218 3092/2983/1293/218 3093/2984/1294/218 3094/2985/1295/218
f 3103/2994/1300/218 3104/2995/1301/218 3105/2996/1302/218 3106/2997/1303/218
f 3105/2998/1302/218 3104/2999/1301/218 3107/3000/1304/218 3108/3001/1305/218
f 3109/3002/1306/219 3110/3003/1307/219 3111/3004/1307/219 3112/3005/1306/219
f 3110/3003/1307/219 3113/3006/1308/219 3114/3007/1308/219 3111/3004/1307/219
f 3115/3008/1306/219 3116/3009/1306/219 3117/3010/1309/219 3118/3011/1309/219
f 3119/3012/1310/220 3120/3013/1311/220 3121/3014/1312/220 3122/3015/1313/220
f 3123/3016/1314/220 3124/3017/1315/220 3125/3018/1316/220 3126/3019/1317/220
f 3124/3017/1315/220 3119/3012/1310/220 3122/3015/1313/220 3125/3018/1316/220
f 3140/3033/1326/221 3141/3034/1327/221 3142/3035/1327/221 3143/3036/1326/221
f 3141/3034/1327/221 3144/3037/1328/221 3145/3038/1328/221 3142/3035/1327/221
f 3146/3039/1326/221 3147/3040/1326/221 3148/3041/1329/221 3149/3042/1329/221
f 3150/3043/1330/222 3151/3044/1331/222 3152/3045/1331/222 3153/3046/1330/222
f 3151/3044/1331/222 3154/3047/1332/222 3155/3048/1332/222 3152/3045/1331/222
f 3156/3049/1330/222 3157/3050/1330/222 3158/3051/1333/222 3159/3052/1333/222
f 3160/3053/1334/223 3161/3054/1335/223 3162/3055/1335/223 3163/3056/1334/223
f 3161/3054/1335/223 3164/3057/1336/223 3165/3058/1336/223 3162/3055/1335/223
f 3166/3059/1334/223 3167/3060/1334/223 3168/3061/1337/223 3169/3062/1337/223
f 3170/3063/1338/224 3171/3064/1339/224 3172/3065/1340/224 3173/3066/1341/224
f 3182/3075/1346/224 3183/3076/1347/224 3184/3077/1348/224 3185/3078/1349/224
f 3184/3079/1348/224 3183/3080/1347/224 3186/3081/1350/224 3187/3082/1351/224
f 3188/3083/1352/225 3189/3084/1353/225 3190/3085/1353/225 3191/3086/1352/225
f 3189/3084/1353/225 3192/3087/1354/225 3193/3088/1354/225 3190/3085/1353/225
f 3194/3089/1352/225 3195/3090/1352/225 3196/3091/1355/225 3197/3092/1355/225
f 3198/3093/1356/226 3199/3094/1357/226 3200/3095/1358/226 3201/3096/1359/226
f 3202/3097/1360/226 3203/3098/1361/226 3204/3099/1362/226 3205/3100/1363/226
f 3203/3098/1361/226 3198/3093/1356/226 3201/3096/1359/226 3204/3099/1362/226
f 3219/3114/1372/227 3220/3115/1373/227 3221/3116/1373/227 3222/3117/1372/227
f 3220/3115/1373/227 3223/3118/1374/227 3224/3119/1374/227 3221/3116/1373/227
f 3225/3120/1372/227 3226/3121/1372/227 3227/3122/1375/227 3228/3123/1375/227
f 3229/3124/1376/228 3230/3125/1377/228 3231/3126/1377/228 3232/3127/1376/228
f 3230/3125/1377/228 3233/3128/1378/228 3234/3129/1378/228 3231/3126/1377/228
f 3235/3130/1376/228 3236/3131/1376/228 3237/3132/1379/228 3238/3133/1379/228
f 3239/3134/1380/229 3240/3135/1381/229 3241/3136/1381/229 3242/3137/1380/229
f 3240/3135/1381/229 3243/3138/1382/229 3244/3139/1382/229 3241/3136/1381/229
f 3245/3140/1380/229 3246/3141/1380/229 3247/3142/1383/229 3248/3143/1383/229
f 3249/3144/1384/230 3250/3145/1385/230 3251/3146/1386/230 3252/3147/1387/230
f 3261/3156/1392/230 3262/3157/1393/230 3263/3158/1394/230 3264/3159/1395/230
f 3263/3160/1394/230 3262/3161/1393/230 3265/3162/1396/230 3266/3163/1397/230
f 7/7/4/2 6/6/3/2 9/9/6/2
f 10/10/7/2 11/11/3/2 12/12/4/2
f 11/11/3/2 13/13/8/2 12/12/4/2
f 14/14/9/2 15/15/4/2 16/16/6/2
f 41/43/28/4 42/44/29/4 43/45/30/4
f 42/44/29/4 44/46/31/4 43/45/30/4
f 43/45/30/4 44/46/31/4 45/47/32/4
f 44/46/31/4 46/48/33/4 45/47/32/4
f 47/49/32/4 48/50/34/4 49/51/35/4
f 100/104/55/9 101/105/58/9 102/106/59/9
f 103/107/60/9 104/108/61/9 105/109/55/9
f 104/108/61/9 106/110/62/9 105/109/55/9
f 111/111/63/9 112/112/55/9 113/113/59/9
f 210/214/83/13 211/215/86/13 212/216/87/13
f 213/217/88/13 214/218/89/13 215/219/83/13
f 214/218/89/13 216/220/90/13 215/219/83/13
f 221/221/91/13 222/222/83/13 223/223/87/13
f 296/298/127/21 297/299/128/21 298/300/129/21
f 297/299/128/21 299/301/130/21 298/300/129/21
f 298/300/129/21 299/301/130/21 300/302/131/21
f 299/301/130/21 301/303/132/21 300/302/131/21
f 302/304/131/21 303/305/133/21 304/306/134/21
f 345/347/153/26 346/348/154/26 347/349/155/26
f 346/348/154/26 348/350/156/26 347/349/155/26
f 347/349/155/26 348/350/156/26 349/351/157/26
f 348/350/156/26 350/352/158/26 349/351/157/26
f 351/353/157/26 352/354/159/26 353/355/160/26
f 396/398/181/30 397/399/182/30 398/400/183/30
f 397/399/182/30 399/401/184/30 398/400/183/30
f 398/400/183/30 399/401/184/30 400/402/185/30
f 399/401/184/30 401/403/186/30 400/402/185/30
f 402/404/185/30 403/405/187/30 404/406/188/30
f 417/419/197/31 418/420/198/31 419/421/199/31
f 418/420/198/31 420/422/200/31 419/421/199/31
f 419/421/199/31 420/422/200/31 421/423/201/31
f 420/422/200/31 422/424/202/31 421/423/201/31
f 423/425/201/31 424/426/203/31 425/427/204/31
f 468/470/225/35 469/471/226/35 470/472/227/35
f 469/471/226/35 471/473/228/35 470/472/227/35
f 470/472/227/35 471/473/228/35 472/474/229/35
f 471/473/228/35 473/475/230/35 472/474/229/35
f 474/476/229/35 475/477/231/35 476/478/232/35
f 493/495/242/37 494/496/243/37 495/497/244/37
f 494/496/243/37 496/498/245/37 495/497/244/37
f 495/497/244/37 496/498/245/37 497/499/246/37
f 496/498/245/37 498/500/247/37 497/499/246/37
f 499/501/246/37 500/502/248/37 501/503/249/37
f 544/546/270/41 545/547/271/41 546/548/272/41
f 545/547/271/41 547/549/273/41 546/548/272/41
f 546/548/272/41 547/549/273/41 548/550/274/41
f 547/549/273/41 549/551/275/41 548/550/274/41
f 550/552/274/41 551/553/276/41 552/554/277/41
f 561/563/279/42 562/564/280/42 563/565/281/42
f 562/564/280/42 564/566/282/42 563/565/281/42
f 563/565/281/42 564/566/282/42 565/567/283/42
f 564/566/282/42 566/568/284/42 565/567/283/42
f 567/569/283/42 568/570/278/42 569/571/285/42
f 612/614/307/46 613/615/308/46 614/616/309/46
f 613/615/308/46 615/617/310/46 614/616/309/46
f 614/616/309/46 615/617/310/46 616/618/311/46
f 615/617/310/46 617/619/312/46 616/618/311/46
f 618/620/311/46 619/621/306/46 620/622/313/46
f 767/769/365/69 766/768/364/69 769/771/367/69
f 770/772/368/69 771/773/364/69 772/774/365/69
f 771/773/364/69 773/775/369/69 772/774/365/69
f 774/776/370/69 775/777/365/69 776/778/367/69
f 805/809/387/72 804/808/386/72 807/811/389/72
f 808/812/390/72 809/813/386/72 810/814/387/72
f 809/813/386/72 811/815/391/72 810/814/387/72
f 812/816/392/72 813/817/387/72 814/818/389/72
f 979/966/432/82 978/965/431/82 981/968/434/82
f 982/969/435/82 983/970/431/82 984/971/432/82
f 983/970/431/82 985/972/436/82 984/971/432/82
f 986/973/437/82 987/974/432/82 988/975/434/82
f 1377/1352/630/105 1376/1351/629/105 1379/1354/632/105
f 1380/1355/633/105 1381/1356/629/105 1382/1357/630/105
f 1381/1356/629/105 1383/1358/634/105 1382/1357/630/105
f 1384/1359/635/105 1385/1360/630/105 1386/1361/632/105
f 1705/1661/763/124 1704/1660/762/124 1707/1663/765/124
f 1708/1664/766/124 1709/1665/762/124 1710/1666/763/124
f 1709/1665/762/124 1711/1667/767/124 1710/1666/763/124
f 1712/1668/768/124 1713/1669/763/124 1714/1670/765/124
f 1940/1875/837/137 1939/1874/836/137 1942/1877/839/137
f 1943/1878/840/137 1944/1879/836/137 1945/1880/837/137
f 1944/1879/836/137 1946/1881/841/137 1945/1880/837/137
f 1947/1882/842/137 1948/1883/837/137 1949/1884/839/137
f 2033/1970/888/144 2032/1969/887/144 2035/1972/890/144
f 2036/1973/891/144 2037/1974/887/144 2038/1975/888/144
f 2037/1974/887/144 2039/1976/892/144 2038/1975/888/144
f 2040/1977/893/144 2041/1978/888/144 2042/1979/890/144
f 2404/2324/990/171 2405/2325/991/171 2406/2326/992/171
f 2405/2325/991/171 2407/2327/993/171 2406/2326/992/171
f 2406/2326/992/171 2407/2327/993/171 2408/2328/994/171
f 2407/2327/993/171 2409/2329/995/171 2408/2328/994/171
f 2410/2330/994/171 2411/2331/989/171 2412/2332/996/171
f 2518/2438/1052/180 2519/2439/1053/180 2520/2440/1054/180
f 2519/2439/1053/180 2521/2441/1055/180 2520/2440/1054/180
f 2520/2440/1054/180 2521/2441/1055/180 2522/2442/1056/180
f 2521/2441/1055/180 2523/2443/1057/180 2522/2442/1056/180
f 2524/2444/1056/180 2525/2445/1058/180 2526/2446/1059/180
f 2724/2621/1116/189 2725/2622/1117/189 2726/2623/1118/189
f 2725/2622/1117/189 2727/2624/1119/189 2726/2623/1118/189
f 2726/2623/1118/189 2727/2624/1119/189 2728/2625/1120/189
f 2727/2624/1119/189 2729/2626/1121/189 2728/2625/1120/189
f 2730/2627/1120/189 2731/2628/1122/189 2732/2629/1123/189
f 2917/2804/1196/203 2916/2803/1195/203 2919/2806/1198/203
f 2920/2807/1199/203 2921/2808/1195/203 2922/2809/1196/203
f 2921/2808/1195/203 2923/2810/1200/203 2922/2809/1196/203
f 2924/2811/1201/203 2925/2812/1196/203 2926/2813/1198/203
f 2959/2848/1222/207 2960/2849/1223/207 2961/2850/1224/207
f 2960/2849/1223/207 2962/2851/1225/207 2961/2850/1224/207
f 2961/2850/1224/207 2962/2851/1225/207 2963/2852/1226/207
f 2962/2851/1225/207 2964/2853/1227/207 2963/2852/1226/207
f 2965/2854/1226/207 2966/2855/1228/207 2967/2856/1229/207
f 3014/2903/1248/212 3013/2902/1247/212 3016/2905/1250/212
f 3017/2906/1251/212 3018/2907/1247/212 3019/2908/1248/212
f 3018/2907/1247/212 3020/2909/1252/212 3019/2908/1248/212
f 3021/2910/1253/212 3022/2911/1248/212 3023/2912/1250/212
f 3048/2939/1272/214 3049/2940/1273/214 3050/2941/1274/214
f 3049/2940/1273/214 3051/2942/1275/214 3050/2941/1274/214
f 3050/2941/1274/214 3051/2942/1275/214 3052/2943/1276/214
f 3051/2942/1275/214 3053/2944/1277/214 3052/2943/1276/214
f 3054/2945/1276/214 3055/2946/1278/214 3056/2947/1279/214
f 3093/2984/1294/218 3092/2983/1293/218 3095/2986/1296/218
f 3096/2987/1297/218 3097/2988/1293/218 3098/2989/1294/218
f 3097/2988/1293/218 3099/2990/1298/218 3098/2989/1294/218
f 3100/2991/1299/218 3101/2992/1294/218 3102/2993/1296/218
f 3127/3020/1318/220 3128/3021/1319/220 3129/3022/1320/220
f 3128/3021/1319/220 3130/3023/1321/220 3129/3022/1320/220
f 3129/3022/1320/220 3130/3023/1321/220 3131/3024/1322/220
f 3130/3023/1321/220 3132/3025/1323/220 3131/3024/1322/220
f 3133/3026/1322/220 3134/3027/1324/220 3135/3028/1325/220
f 3172/3065/1340/224 3171/3064/1339/224 3174/3067/1342/224
f 3175/3068/1343/224 3176/3069/1339/224 3177/3070/1340/224
f 3176/3069/1339/224 3178/3071/1344/224 3177/3070/1340/224
f 3179/3072/1345/224 3180/3073/1340/224 3181/3074/1342/224
f 3206/3101/1364/226 3207/3102/1365/226 3208/3103/1366/226
f 3207/3102/1365/226 3209/3104/1367/226 3208/3103/1366/226
f 3208/3103/1366/226 3209/3104/1367/226 3210/3105/1368/226
f 3209/3104/1367/226 3211/3106/1369/226 3210/3105/1368/226
f 3212/3107/1368/226 3213/3108/1370/226 3214/3109/1371/226
f 3251/3146/1386/230 3250/3145/1385/230 3253/3148/1388/230
f 3254/3149/1389/230 3255/3150/1385/230 3256/3151/1386/230
f 3255/3150/1385/230 3257/3152/1390/230 3256/3151/1386/230
f 3258/3153/1391/230 3259/3154/1386/230 3260/3155/1388/230
usemtl wall01_g
s off
f 96/96/52/9 97/97/53/9 94/98/54/9 95/99/54/9
f 114/116/66/10 115/117/67/10 116/118/67/10 117/119/66/10
f 115/117/67/10 118/120/68/10 119/121/68/10 116/118/67/10
f 120/122/66/10 121/123/66/10 122/124/69/10 123/125/69/10
f 194/196/76/12 195/197/77/12 196/198/77/12 197/199/76/12
f 195/197/77/12 198/200/78/12 199/201/78/12 196/198/77/12
f 200/202/76/12 201/203/76/12 202/204/79/12 203/205/79/12
f 206/206/80/13 207/207/81/13 204/208/82/13 205/209/82/13
f 317/317/135/22 318/318/135/22 315/319/138/22 316/320/138/22
f 335/335/141/25 336/336/141/25 333/337/144/25 334/338/144/25
f 570/572/286/42 571/573/287/42 572/574/288/42 573/575/289/42
f 574/576/290/42 575/577/291/42 576/578/292/42 577/579/293/42
f 575/577/291/42 570/572/286/42 573/575/289/42 576/578/292/42
f 586/586/294/43 587/587/294/43 584/588/297/43 585/589/297/43
f 596/596/298/44 597/597/298/44 594/598/301/44 595/599/301/44
f 606/606/302/45 607/607/302/45 604/608/305/45 605/609/305/45
f 621/623/314/46 622/624/315/46 623/625/316/46 624/626/317/46
f 625/627/318/46 626/628/319/46 627/629/320/46 628/630/321/46
f 626/628/319/46 621/623/314/46 624/626/317/46 627/629/320/46
f 777/779/371/69 778/780/372/69 779/781/373/69 780/782/374/69
f 779/783/373/69 778/784/372/69 781/785/375/69 782/786/376/69
f 783/787/377/70 784/788/378/70 785/789/378/70 786/790/377/70
f 784/788/378/70 787/791/379/70 788/792/379/70 785/789/378/70
f 793/797/381/71 794/798/382/71 795/799/382/71 796/800/381/71
f 794/798/382/71 797/801/383/71 798/802/383/71 795/799/382/71
f 815/819/393/72 816/820/394/72 817/821/395/72 818/822/396/72
f 817/823/395/72 816/824/394/72 819/825/397/72 820/826/398/72
f 825/831/400/74 826/832/401/74 827/833/401/74 828/834/400/74
f 826/832/401/74 829/835/402/74 830/836/402/74 827/833/401/74
f 955/942/422/79 956/943/423/79 957/944/423/79 958/945/422/79
f 956/943/423/79 959/946/424/79 960/947/424/79 957/944/423/79
f 989/976/438/82 990/977/439/82 991/978/440/82 992/979/441/82
f 991/980/440/82 990/981/439/82 993/982/442/82 994/983/443/82
f 995/984/444/83 996/985/445/83 997/986/445/83 998/987/444/83
f 996/985/445/83 999/988/446/83 1000/989/446/83 997/986/445/83
f 1143/1130/528/92 1144/1131/529/92 1145/1132/529/92 1146/1133/528/92
f 1144/1131/529/92 1147/1134/530/92 1148/1135/530/92 1145/1132/529/92
f 1153/1140/532/93 1154/1141/533/93 1155/1142/533/93 1156/1143/532/93
f 1154/1141/533/93 1157/1144/534/93 1158/1145/534/93 1155/1142/533/93
f 1287/1263/581/99 1288/1264/582/99 1289/1265/582/99 1290/1266/581/99
f 1288/1264/582/99 1291/1267/583/99 1292/1268/583/99 1289/1265/582/99
f 1387/1362/636/105 1388/1363/637/105 1389/1364/638/105 1390/1365/639/105
f 1389/1366/638/105 1388/1367/637/105 1391/1368/640/105 1392/1369/641/105
f 1393/1370/642/106 1394/1371/643/106 1395/1372/643/106 1396/1373/642/106
f 1394/1371/643/106 1397/1374/644/106 1398/1375/644/106 1395/1372/643/106
f 1519/1486/693/112 1520/1487/694/112 1521/1488/694/112 1522/1489/693/112
f 1520/1487/694/112 1523/1490/695/112 1524/1491/695/112 1521/1488/694/112
f 1549/1516/704/116 1550/1517/705/116 1551/1518/705/116 1552/1519/704/116
f 1550/1517/705/116 1553/1520/706/116 1554/1521/706/116 1551/1518/705/116
f 1559/1526/708/117 1560/1527/709/117 1561/1528/709/117 1562/1529/708/117
f 1560/1527/709/117 1563/1530/710/117 1564/1531/710/117 1561/1528/709/117
f 1693/1649/757/123 1694/1650/758/123 1695/1651/758/123 1696/1652/757/123
f 1694/1650/758/123 1697/1653/759/123 1698/1654/759/123 1695/1651/758/123
f 1715/1671/769/124 1716/1672/770/124 1717/1673/771/124 1718/1674/772/124
f 1717/1675/771/124 1716/1676/770/124 1719/1677/773/124 1720/1678/774/124
f 1721/1679/775/125 1722/1680/776/125 1723/1681/776/125 1724/1682/775/125
f 1722/1680/776/125 1725/1683/777/125 1726/1684/777/125 1723/1681/776/125
f 1727/1685/775/125 1728/1686/775/125 1729/1687/778/125 1730/1688/778/125
f 1896/1831/819/132 1897/1832/820/132 1898/1833/820/132 1899/1834/819/132
f 1897/1832/820/132 1900/1835/821/132 1901/1836/821/132 1898/1833/820/132
f 1950/1885/843/137 1951/1886/844/137 1952/1887/845/137 1953/1888/846/137
f 1952/1889/845/137 1951/1890/844/137 1954/1891/847/137 1955/1892/848/137
f 1956/1893/849/138 1957/1894/850/138 1958/1895/850/138 1959/1896/849/138
f 1957/1894/850/138 1960/1897/851/138 1961/1898/851/138 1958/1895/850/138
f 1962/1899/849/138 1963/1900/849/138 1964/1901/852/138 1965/1902/852/138
f 1966/1903/853/139 1967/1904/854/139 1968/1905/854/139 1969/1906/853/139
f 1967/1904/854/139 1970/1907/855/139 1971/1908/855/139 1968/1905/854/139
f 2021/1958/882/143 2022/1959/883/143 2023/1960/883/143 2024/1961/882/143
f 2022/1959/883/143 2025/1962/884/143 2026/1963/884/143 2023/1960/883/143
f 2043/1980/894/144 2044/1981/895/144 2045/1982/896/144 2046/1983/897/144
f 2045/1984/896/144 2044/1985/895/144 2047/1986/898/144 2048/1987/899/144
f 2057/1996/902/146 2058/1997/903/146 2059/1998/904/146 2060/1999/905/146
f 2061/2000/906/146 2062/2001/907/146 2063/2002/908/146 2064/2003/909/146
f 2062/2001/907/146 2057/1996/902/146 2060/1999/905/146 2063/2002/908/146
f 2074/2013/917/147 2075/2014/918/147 2076/2015/918/147 2077/2016/917/147
f 2075/2014/918/147 2078/2017/919/147 2079/2018/919/147 2076/2015/918/147
f 2084/2023/921/148 2085/2024/922/148 2086/2025/922/148 2087/2026/921/148
f 2085/2024/922/148 2088/2027/923/148 2089/2028/923/148 2086/2025/922/148
f 2106/2045/928/152 2107/2046/929/152 2108/2047/929/152 2109/2048/928/152
f 2107/2046/929/152 2110/2049/930/152 2111/2050/930/152 2108/2047/929/152
f 2112/2051/928/152 2113/2052/928/152 2114/2053/931/152 2115/2054/931/152
f 2380/2300/981/169 2381/2301/982/169 2382/2302/982/169 2383/2303/981/169
f 2381/2301/982/169 2384/2304/983/169 2385/2305/983/169 2382/2302/982/169
f 2398/2316/985/170 2399/2317/985/170 2396/2318/988/170 2397/2319/988/170
f 2413/2333/997/171 2414/2334/998/171 2415/2335/999/171 2416/2336/1000/171
f 2417/2337/1001/171 2418/2338/1002/171 2419/2339/1003/171 2420/2340/1004/171
f 2418/2338/1002/171 2413/2333/997/171 2416/2336/1000/171 2419/2339/1003/171
f 2429/2347/1005/172 2430/2348/1005/172 2427/2349/1008/172 2428/2350/1008/172
f 2431/2351/1009/173 2432/2352/1010/173 2433/2353/1010/173 2434/2354/1009/173
f 2432/2352/1010/173 2435/2355/1011/173 2436/2356/1011/173 2433/2353/1010/173
f 2818/2705/1150/193 2819/2706/1151/193 2820/2707/1151/193 2821/2708/1150/193
f 2819/2706/1151/193 2822/2709/1152/193 2823/2710/1152/193 2820/2707/1151/193
f 2927/2818/1206/203 2928/2819/1203/203 2929/2820/1202/203 2930/2821/1207/203
f 2990/2877/1234/209 2991/2878/1234/209 2988/2879/1237/209 2989/2880/1237/209
f 3000/2887/1238/210 3001/2888/1238/210 2998/2889/1241/210 2999/2890/1241/210
f 3010/2897/1242/211 3011/2898/1242/211 3008/2899/1245/211 3009/2900/1245/211
f 1013/1002/456/84 1014/1003/457/84 1015/1004/458/84
f 1014/1003/457/84 1016/1005/459/84 1015/1004/458/84
f 1015/1004/458/84 1016/1005/459/84 1017/1006/460/84
f 1016/1005/459/84 1018/1007/461/84 1017/1006/460/84
f 1019/1008/460/84 1020/1009/462/84 1021/1010/463/84
f 1130/1117/520/91 1131/1118/521/91 1132/1119/522/91
f 1131/1118/521/91 1133/1120/523/91 1132/1119/522/91
f 1132/1119/522/91 1133/1120/523/91 1134/1121/524/91
f 1133/1120/523/91 1135/1122/525/91 1134/1121/524/91
f 1136/1123/524/91 1137/1124/526/91 1138/1125/527/91
f 1274/1250/573/98 1275/1251/574/98 1276/1252/575/98
f 1275/1251/574/98 1277/1253/576/98 1276/1252/575/98
f 1276/1252/575/98 1277/1253/576/98 1278/1254/577/98
f 1277/1253/576/98 1279/1255/578/98 1278/1254/577/98
f 1280/1256/577/98 1281/1257/579/98 1282/1258/580/98
f 1305/1281/593/100 1306/1282/594/100 1307/1283/595/100
f 1306/1282/594/100 1308/1284/596/100 1307/1283/595/100
f 1307/1283/595/100 1308/1284/596/100 1309/1285/597/100
f 1308/1284/596/100 1310/1286/598/100 1309/1285/597/100
f 1311/1287/597/100 1312/1288/599/100 1313/1289/600/100
f 1411/1388/654/107 1412/1389/655/107 1413/1390/656/107
f 1412/1389/655/107 1414/1391/657/107 1413/1390/656/107
f 1413/1390/656/107 1414/1391/657/107 1415/1392/658/107
f 1414/1391/657/107 1416/1393/659/107 1415/1392/658/107
f 1417/1394/658/107 1418/1395/660/107 1419/1396/661/107
f 1680/1636/749/122 1681/1637/750/122 1682/1638/751/122
f 1681/1637/750/122 1683/1639/752/122 1682/1638/751/122
f 1682/1638/751/122 1683/1639/752/122 1684/1640/753/122
f 1683/1639/752/122 1685/1641/754/122 1684/1640/753/122
f 1686/1642/753/122 1687/1643/755/122 1688/1644/756/122
f 2008/1945/874/142 2009/1946/875/142 2010/1947/876/142
f 2009/1946/875/142 2011/1948/877/142 2010/1947/876/142
f 2010/1947/876/142 2011/1948/877/142 2012/1949/878/142
f 2011/1948/877/142 2013/1950/879/142 2012/1949/878/142
f 2014/1951/878/142 2015/1952/880/142 2016/1953/881/142
f 2065/2004/910/146 2066/2005/911/146 2067/2006/912/146
f 2066/2005/911/146 2068/2007/913/146 2067/2006/912/146
f 2067/2006/912/146 2068/2007/913/146 2069/2008/914/146
f 2068/2007/913/146 2070/2009/915/146 2069/2008/914/146
f 2071/2010/914/146 2072/2011/901/146 2073/2012/916/146
f 2449/2369/1021/174 2450/2370/1022/174 2451/2371/1023/174
f 2450/2370/1022/174 2452/2372/1024/174 2451/2371/1023/174
f 2451/2371/1023/174 2452/2372/1024/174 2453/2373/1025/174
f 2452/2372/1024/174 2454/2374/1026/174 2453/2373/1025/174
f 2455/2375/1025/174 2456/2376/1027/174 2457/2377/1028/174
f 2892/2779/1182/201 2893/2780/1183/201 2894/2781/1184/201
f 2893/2780/1183/201 2895/2782/1185/201 2894/2781/1184/201
f 2894/2781/1184/201 2895/2782/1185/201 2896/2783/1186/201
f 2895/2782/1185/201 2897/2784/1187/201 2896/2783/1186/201
f 2898/2785/1186/201 2899/2786/1188/201 2900/2787/1189/201
usemtl cliff01
s off
f 1/1/1/1 2/2/1/1 3/3/1/1 4/4/1/1
f 264/266/110/18 265/267/110/18 266/268/110/18 267/269/110/18
f 305/307/133/21 306/308/133/21 308/309/133/21 307/310/133/21
f 354/356/159/26 355/357/159/26 357/358/159/26 356/359/159/26
f 405/407/187/30 406/408/187/30 408/409/187/30 407/410/187/30
f 426/428/203/31 427/429/203/31 429/430/203/31 428/431/203/31
f 477/479/231/35 478/480/231/35 480/481/231/35 479/482/231/35
f 502/504/248/37 503/505/248/37 505/506/248/37 504/507/248/37
f 553/555/276/41 554/556/276/41 556/557/276/41 555/558/276/41
f 1022/1011/462/84 1023/1012/462/84 1025/1013/462/84 1024/1014/462/84
f 1139/1126/526/91 1140/1127/526/91 1142/1128/526/91 1141/1129/526/91
f 1283/1259/579/98 1284/1260/579/98 1286/1261/579/98 1285/1262/579/98
f 1314/1290/599/100 1315/1291/599/100 1317/1292/599/100 1316/1293/599/100
f 1420/1397/660/107 1421/1398/660/107 1423/1399/660/107 1422/1400/660/107
f 1689/1645/755/122 1690/1646/755/122 1692/1647/755/122 1691/1648/755/122
f 2017/1954/880/142 2018/1955/880/142 2020/1956/880/142 2019/1957/880/142
f 2458/2378/1027/174 2459/2379/1027/174 2461/2380/1027/174 2460/2381/1027/174
f 2527/2447/1058/180 2528/2448/1058/180 2530/2449/1058/180 2529/2450/1058/180
f 2733/2630/1122/189 2734/2631/1122/189 2736/2632/1122/189 2735/2633/1122/189
f 2901/2788/1188/201 2902/2789/1188/201 2904/2790/1188/201 2903/2791/1188/201
f 2968/2857/1228/207 2969/2858/1228/207 2971/2859/1228/207 2970/2860/1228/207
f 3057/2948/1278/214 3058/2949/1278/214 3060/2950/1278/214 3059/2951/1278/214
f 3136/3029/1324/220 3137/3030/1324/220 3139/3031/1324/220 3138/3032/1324/220
f 3215/3110/1370/226 3216/3111/1370/226 3218/3112/1370/226 3217/3113/1370/226
usemtl egrass
s off
f 3381/3278/1426/259 3382/3279/1426/259 3383/3280/1426/259 3384/3281/1426/259
usemtl egrass_u
s off
f 3377/3274/1425/258 3378/3275/1425/258 3379/3276/1425/258 3380/3277/1425/258
usemtl egrass_v
s off
f 3361/3258/1421/254 3362/3259/1421/254 3363/3260/1421/254 3364/3261/1421/254
f 3417/3314/1435/268 3418/3315/1435/268 3419/3316/1435/268 3420/3317/1435/268
usemtl egrass_ro
s off
f 3357/3254/1420/253 3358/3255/1420/253 3359/3256/1420/253 3360/3257/1420/253
f 3413/3310/1434/267 3414/3311/1434/267 3415/3312/1434/267 3416/3313/1434/267
usemtl flower03
s off
f 326/325/140/24 323/326/140/24 324/327/140/24 325/328/140/24
f 636/635/323/48 633/636/323/48 634/637/323/48 635/638/323/48
f 692/691/342/57 689/692/342/57 690/693/342/57 691/694/342/57
f 2859/2743/1164/198 2856/2744/1164/198 2857/2745/1164/198 2858/2746/1164/198
f 2940/2826/1209/205 2937/2827/1209/205 2938/2828/1209/205 2939/2829/1209/205
usemtl grass01_a
s off
f 3269/3164/1398/231 3270/3165/1398/231 3267/3166/1398/231 3268/3167/1398/231
f 3273/3168/1399/232 3274/3169/1399/232 3271/3170/1399/232 3272/3171/1399/232
f 3295/3190/1404/237 3296/3191/1404/237 3293/3192/1404/237 3294/3193/1404/237
f 3299/3194/1405/238 3300/3195/1405/238 3297/3196/1405/238 3298/3197/1405/238
f 3303/3198/1406/239 3304/3199/1406/239 3301/3200/1406/239 3302/3201/1406/239
f 3311/3206/1408/241 3312/3207/1408/241 3309/3208/1408/241 3310/3209/1408/241
f 3347/3242/1417/250 3348/3243/1417/250 3345/3244/1417/250 3346/3245/1417/250
f 3367/3262/1422/255 3368/3263/1422/255 3365/3264/1422/255 3366/3265/1422/255
f 3375/3270/1424/257 3376/3271/1424/257 3373/3272/1424/257 3374/3273/1424/257
f 3395/3290/1429/262 3396/3291/1429/262 3393/3292/1429/262 3394/3293/1429/262
f 3431/3326/1438/271 3432/3327/1438/271 3429/3328/1438/271 3430/3329/1438/271
f 3443/3338/1441/274 3444/3339/1441/274 3441/3340/1441/274 3442/3341/1441/274
f 3451/3346/1443/276 3452/3347/1443/276 3449/3348/1443/276 3450/3349/1443/276
usemtl flower01
s off
f 3351/3246/1418/251 3352/3247/1418/251 3349/3248/1418/251 3350/3249/1418/251
f 3391/3286/1428/261 3392/3287/1428/261 3389/3288/1428/261 3390/3289/1428/261
f 3407/3302/1432/265 3408/3303/1432/265 3405/3304/1432/265 3406/3305/1432/265
f 3447/3342/1442/275 3448/3343/1442/275 3445/3344/1442/275 3446/3345/1442/275
usemtl flower02
s off
f 3355/3250/1419/252 3356/3251/1419/252 3353/3252/1419/252 3354/3253/1419/252
f 3403/3298/1431/264 3404/3299/1431/264 3401/3300/1431/264 3402/3301/1431/264
f 3435/3330/1439/272 3436/3331/1439/272 3433/3332/1439/272 3434/3333/1439/272
usemtl slope_slope
s off
f 138/126/70/11 139/127/70/11 136/128/70/11 137/129/70/11
f 133/130/71/11 135/131/71/11 134/132/71/11 132/133/71/11
f 174/134/72/11 175/135/72/11 172/136/72/11 173/137/72/11
f 158/138/73/11 159/139/73/11 156/140/73/11 157/141/73/11
f 178/142/70/11 179/143/70/11 176/144/70/11 177/145/70/11
f 154/154/73/11 155/155/73/11 152/156/73/11 153/157/73/11
f 127/158/75/11 129/159/75/11 128/160/75/11 126/161/75/11
f 186/162/70/11 187/163/70/11 184/164/70/11 185/165/70/11
f 162/170/70/11 163/171/70/11 160/172/70/11 161/173/70/11
f 125/174/75/11 127/158/75/11 126/161/75/11 124/175/75/11
f 170/176/72/11 171/177/72/11 168/178/72/11 169/179/72/11
f 131/184/71/11 133/130/71/11 132/133/71/11 130/185/71/11
f 142/192/70/11 143/193/70/11 140/194/70/11 141/195/70/11
f 2248/2154/948/159 2249/2155/948/159 2246/2156/948/159 2247/2157/948/159
f 2243/2158/949/159 2245/2159/949/159 2244/2160/949/159 2242/2161/949/159
f 2284/2162/950/159 2285/2163/950/159 2282/2164/950/159 2283/2165/950/159
f 2268/2166/951/159 2269/2167/951/159 2266/2168/951/159 2267/2169/951/159
f 2288/2170/948/159 2289/2171/948/159 2286/2172/948/159 2287/2173/948/159
f 2264/2182/951/159 2265/2183/951/159 2262/2184/951/159 2263/2185/951/159
f 2237/2186/953/159 2239/2187/953/159 2238/2188/953/159 2236/2189/953/159
f 2296/2190/948/159 2297/2191/948/159 2294/2192/948/159 2295/2193/948/159
f 2272/2198/948/159 2273/2199/948/159 2270/2200/948/159 2271/2201/948/159
f 2235/2202/953/159 2237/2186/953/159 2236/2189/953/159 2234/2203/953/159
f 2280/2204/950/159 2281/2205/950/159 2278/2206/950/159 2279/2207/950/159
f 2241/2212/949/159 2243/2158/949/159 2242/2161/949/159 2240/2213/949/159
f 2252/2220/948/159 2253/2221/948/159 2250/2222/948/159 2251/2223/948/159
f 144/146/74/11 145/147/74/11 146/148/74/11
f 146/148/74/11 147/149/74/11 144/146/74/11
f 148/150/74/11 149/151/74/11 150/152/74/11
f 150/152/74/11 151/153/74/11 148/150/74/11
f 164/166/71/11 165/167/71/11 166/168/71/11
f 166/168/71/11 167/169/71/11 164/166/71/11
f 180/180/75/11 181/181/75/11 182/182/75/11
f 182/182/75/11 183/183/75/11 180/180/75/11
f 188/186/75/11 189/187/75/11 190/188/75/11
f 191/189/71/11 192/190/71/11 193/191/71/11
f 2254/2174/952/159 2255/2175/952/159 2256/2176/952/159
f 2256/2176/952/159 2257/2177/952/159 2254/2174/952/159
f 2258/2178/952/159 2259/2179/952/159 2260/2180/952/159
f 2260/2180/952/159 2261/2181/952/159 2258/2178/952/159
f 2274/2194/949/159 2275/2195/949/159 2276/2196/949/159
f 2276/2196/949/159 2277/2197/949/159 2274/2194/949/159
f 2290/2208/953/159 2291/2209/953/159 2292/2210/953/159
f 2292/2210/953/159 2293/2211/953/159 2290/2208/953/159
f 2298/2214/953/159 2299/2215/953/159 2300/2216/953/159
f 2301/2217/949/159 2302/2218/949/159 2303/2219/949/159
usemtl bridge_a
s off
f 3453/3350/1444/277 3454/3351/1444/277 3455/3352/1444/277 3456/3353/1444/277
f 3457/3354/1445/277 3458/3355/1445/277 3453/3356/1445/277 3454/3357/1445/277
f 3457/3358/1446/277 3458/3359/1446/277 3459/3360/1446/277 3460/3361/1446/277
f 3458/3362/1447/277 3459/3363/1447/277 3456/3364/1447/277 3453/3365/1447/277
f 3461/3366/1447/277 3462/3367/1447/277 3456/3368/1447/277 3459/3369/1447/277
f 3463/3370/1447/277 3464/3371/1447/277 3462/3364/1447/277 3461/3363/1447/277
f 3463/3372/1448/277 3465/3373/1448/277 3466/3374/1448/277 3464/3375/1448/277
f 3463/3376/1449/277 3465/3377/1449/277 3467/3378/1449/277 3461/3379/1449/277
f 3461/3380/1450/277 3467/3381/1450/277 3460/3382/1450/277 3459/3383/1450/277
f 3466/3384/1451/277 3464/3385/1451/277 3462/3386/1451/277 3468/3387/1451/277
f 3456/3388/1452/277 3455/3389/1452/277 3468/3390/1452/277 3462/3391/1452/277
