# Blender v2.83.20 OBJ File: ''
# www.blender.org
mtllib untitled.mtl
o map20_10c
v -256.000000 130.343719 157.656265
v -240.000000 130.343719 157.656265
v -240.000000 143.968719 148.796906
v -256.000000 143.968719 148.796906
v -256.000000 111.999977 128.000015
v -224.000000 111.999977 128.000015
v -224.000000 111.999992 64.000015
v -256.000000 111.999992 64.000015
v -240.000000 112.499977 128.000015
v -224.000000 112.499977 128.000015
v -224.000000 112.499985 112.000015
v -240.000000 112.499985 112.000015
v 112.000000 67.000031 -199.999985
v 120.000000 67.000031 -199.999985
v 120.000000 67.000031 -207.999985
v 112.000000 67.000031 -207.999985
v 24.000000 67.000031 -199.999985
v 32.000000 67.000031 -199.999985
v 32.000000 67.000031 -207.999985
v 24.000000 67.000031 -207.999985
v 32.000000 67.000031 -199.999985
v 48.000000 67.000031 -199.999985
v 48.000000 67.000031 -207.999985
v 32.000000 67.000031 -207.999985
v 48.000000 67.000031 -199.999985
v 112.000000 67.000031 -199.999985
v 112.000000 67.000031 -207.999985
v 48.000000 67.000031 -207.999985
v 24.000000 67.000031 -207.999985
v 32.000000 67.000031 -207.999985
v 32.000000 67.000038 -255.999985
v 24.000000 67.000038 -255.999985
v 112.000000 67.000031 -207.999985
v 120.000000 67.000031 -207.999985
v 120.000000 67.000038 -255.999985
v 112.000000 67.000038 -255.999985
v 48.000000 48.999996 32.000008
v 80.000000 48.999996 32.000008
v 80.000000 48.999996 16.000008
v 48.000000 48.999996 16.000008
v -176.000000 49.000015 -95.999992
v -112.000000 49.000015 -95.999992
v -112.000000 49.000019 -111.999992
v -176.000000 49.000019 -111.999992
v -192.000000 49.000019 -127.999992
v -192.000000 49.000019 -111.999992
v -180.000000 49.000019 -111.999992
v -180.000000 49.000019 -127.999992
v 32.000000 67.000031 -207.999985
v 64.000000 67.000031 -207.999985
v 64.000000 67.000038 -223.999985
v 32.000000 67.000038 -223.999985
v 32.000000 67.000038 -223.999985
v 64.000000 67.000038 -223.999985
v 64.000000 67.000038 -255.999985
v 32.000000 67.000038 -255.999985
v 64.000000 67.000031 -207.999985
v 112.000000 67.000031 -207.999985
v 112.000000 67.000038 -255.999985
v 64.000000 67.000038 -255.999985
v 160.000000 49.000004 -31.999992
v 176.000000 49.000004 -31.999992
v 176.000000 49.000008 -47.999992
v 160.000000 49.000008 -47.999992
v 80.000000 48.999985 96.000008
v 96.000000 48.999985 96.000008
v 96.000000 48.999989 80.000008
v 80.000000 48.999989 80.000008
v 16.000000 49.000031 -175.999985
v 32.000000 49.000031 -175.999985
v 32.000000 49.000031 -191.999985
v 16.000000 49.000031 -191.999985
v 32.000000 8.000013 -80.000000
v 112.000000 8.000013 -80.000000
v 112.000000 8.000034 -208.000000
v 32.000000 8.000034 -208.000000
v 48.000000 8.000008 -48.000000
v 176.000000 8.000008 -48.000000
v 176.000000 8.000013 -80.000000
v 48.000000 8.000013 -80.000000
v 112.000000 8.000013 -80.000000
v 192.000000 8.000013 -80.000000
v 192.000000 8.000034 -208.000000
v 112.000000 8.000034 -208.000000
v 176.000000 49.000008 -47.999992
v 192.000000 49.000008 -47.999992
v 192.000000 49.000011 -63.999992
v 176.000000 49.000011 -63.999992
v 16.000000 49.000027 -159.999985
v 32.000000 49.000027 -159.999985
v 32.000000 49.000031 -175.999985
v 16.000000 49.000031 -175.999985
v 64.000000 48.999985 96.000008
v 80.000000 48.999985 96.000008
v 80.000000 48.999989 80.000008
v 64.000000 48.999989 80.000008
v 80.000000 48.999989 80.000008
v 96.000000 48.999989 80.000008
v 96.000000 48.999989 64.000008
v 80.000000 48.999989 64.000008
v 80.000000 48.999996 32.000008
v 96.000000 48.999996 32.000008
v 96.000000 48.999996 16.000008
v 80.000000 48.999996 16.000008
v 32.000000 48.999996 32.000008
v 48.000000 48.999996 32.000008
v 48.000000 48.999996 16.000008
v 32.000000 48.999996 16.000008
v -192.000000 49.000023 -143.999985
v -192.000000 49.000019 -127.999992
v -180.000000 49.000019 -127.999992
v -180.000000 49.000023 -143.999985
v -180.000000 49.000019 -111.999992
v -180.000000 49.000015 -95.999992
v -176.000000 49.000015 -95.999992
v -176.000000 49.000019 -111.999992
v -192.000000 49.000019 -111.999992
v -192.000000 49.000015 -95.999992
v -180.000000 49.000015 -95.999992
v -180.000000 49.000019 -111.999992
v -112.000000 49.000015 -95.999992
v -96.000000 49.000015 -95.999992
v -96.000000 49.000019 -111.999992
v -112.000000 49.000019 -111.999992
v -32.000000 47.999958 256.000000
v 0.000000 47.999958 256.000000
v 0.000000 47.999969 192.000015
v -32.000000 47.999969 192.000015
v 0.000000 47.999958 256.000000
v 128.000000 47.999958 256.000000
v 128.000000 47.999969 192.000015
v 0.000000 47.999969 192.000015
v -64.000000 47.999969 192.000015
v -32.000000 47.999969 192.000015
v -32.000000 47.999973 160.000015
v -64.000000 47.999973 160.000015
v -160.000000 47.999958 256.000000
v -32.000000 47.999958 256.000000
v -32.000000 47.999969 192.000015
v -160.000000 47.999969 192.000015
v -160.000000 47.999969 192.000015
v -64.000000 47.999969 192.000015
v -64.000000 47.999985 96.000008
v -160.000000 47.999985 96.000008
v 0.000000 48.000000 0.000008
v 32.000000 48.000000 0.000008
v 32.000000 48.000011 -63.999992
v 0.000000 48.000011 -63.999992
v -32.000000 48.000011 -63.999992
v 32.000000 48.000011 -63.999992
v 32.000000 48.000019 -127.999992
v -32.000000 48.000019 -127.999992
v 96.000000 47.999985 96.000008
v 192.000000 47.999985 96.000008
v 192.000000 48.000000 0.000008
v 96.000000 48.000000 0.000008
v 144.000000 40.000015 -87.999992
v 80.000000 40.000015 -87.999992
v 80.000000 40.000015 -81.999992
v 144.000000 40.000015 -81.999992
v 80.000000 40.000015 -87.999992
v 80.000000 40.000023 -144.000000
v 74.000000 40.000023 -144.000000
v 74.000000 40.000015 -87.999992
v 80.000000 40.000023 -144.000000
v 144.000000 40.000023 -144.000000
v 144.000000 40.000023 -150.000000
v 80.000000 40.000023 -150.000000
v 144.000000 40.000023 -144.000000
v 144.000000 40.000015 -87.999992
v 150.000000 40.000015 -87.999992
v 150.000000 40.000023 -144.000000
v 80.000000 40.000015 -87.999992
v 144.000000 40.000015 -87.999992
v 144.000000 40.000023 -144.000000
v 80.000000 40.000023 -144.000000
v 144.000000 40.000015 -87.999992
v 144.000000 40.000015 -81.999992
v 150.000000 40.000015 -87.999992
v 80.000000 40.000015 -87.999992
v 74.000000 40.000015 -87.999992
v 80.000000 40.000015 -81.999992
v 144.000000 40.000023 -144.000000
v 150.000000 40.000023 -144.000000
v 144.000000 40.000023 -150.000000
v 80.000000 40.000023 -144.000000
v 80.000000 40.000023 -150.000000
v 74.000000 40.000023 -144.000000
v -176.000000 49.000038 -223.999985
v -160.000000 49.000038 -223.999985
v -160.000000 49.000038 -239.999985
v -176.000000 49.000038 -239.999985
v 64.000000 49.000008 -47.999992
v 96.000000 49.000008 -47.999992
v 96.000000 49.000011 -63.999992
v 64.000000 49.000011 -63.999992
v -240.000000 49.000019 -127.999992
v -208.000000 49.000019 -127.999992
v -208.000000 49.000023 -143.999985
v -240.000000 49.000023 -143.999985
v 176.000000 49.000023 -143.999985
v 192.000000 49.000023 -143.999985
v 192.000000 49.000031 -191.999985
v 176.000000 49.000031 -191.999985
v -128.000000 49.000011 -63.999992
v -96.000000 49.000011 -63.999992
v -96.000000 49.000015 -95.999992
v -128.000000 49.000015 -95.999992
v -176.000000 49.000031 -175.999985
v -160.000000 49.000031 -175.999985
v -160.000000 49.000031 -191.999985
v -176.000000 49.000031 -191.999985
v -160.000000 48.999985 96.000008
v -128.000000 48.999985 96.000008
v -128.000000 48.999989 64.000008
v -160.000000 48.999989 64.000008
v -176.000000 49.000031 -191.999985
v -144.000000 49.000031 -191.999985
v -144.000000 49.000038 -223.999985
v -176.000000 49.000038 -223.999985
v -160.000000 48.999989 64.000008
v -144.000000 48.999989 64.000008
v -144.000000 48.999996 32.000008
v -160.000000 48.999996 32.000008
v 160.000000 49.000027 -159.999985
v 176.000000 49.000027 -159.999985
v 176.000000 49.000031 -191.999985
v 160.000000 49.000031 -191.999985
v -38.000000 25.999994 32.000004
v -38.000000 25.999987 80.000008
v -32.000000 25.999994 32.000004
v -32.000000 25.999987 80.000008
v 0.000000 25.999994 32.000004
v 0.000000 25.999987 80.000008
v -57.406250 47.999996 32.000008
v -57.406250 47.999989 80.000008
v -51.375004 35.578121 32.000008
v -51.375004 35.578114 80.000008
v -48.000000 34.546871 32.000004
v -48.000000 34.546864 80.000008
v 25.406250 47.999989 80.000008
v 25.406250 47.999996 32.000008
v 19.375000 35.578114 80.000008
v 19.375000 35.578121 32.000008
v 16.000000 34.546864 80.000008
v 16.000000 34.546871 32.000004
v -43.281250 27.421869 32.000004
v -43.281250 27.421862 80.000008
v -38.000000 25.999987 80.000008
v -38.000000 25.999994 32.000004
v -45.343750 32.703121 32.000004
v -45.343750 32.703114 80.000008
v -43.281250 27.421862 80.000008
v -43.281250 27.421869 32.000004
v -48.000000 34.546871 32.000004
v -48.000000 34.546864 80.000008
v -45.343750 32.703114 80.000008
v -45.343750 32.703121 32.000004
v 6.000000 25.999987 80.000008
v 6.000000 25.999994 32.000004
v 0.000000 25.999994 32.000004
v 0.000000 25.999987 80.000008
v 11.281250 27.421862 80.000008
v 11.281250 27.421869 32.000004
v 6.000000 25.999994 32.000004
v 6.000000 25.999987 80.000008
v 13.343750 32.703114 80.000008
v 13.343750 32.703121 32.000004
v 11.281250 27.421869 32.000004
v 11.281250 27.421862 80.000008
v 16.000000 34.546864 80.000008
v 16.000000 34.546871 32.000004
v 13.343750 32.703121 32.000004
v 13.343750 32.703114 80.000008
v 0.000000 47.999958 249.000015
v 64.000000 47.999958 249.000015
v 64.000000 97.343719 208.234390
v 0.000000 97.343719 208.234390
v 64.000000 47.999958 249.000015
v 96.000000 47.999958 249.000015
v 96.000000 97.343719 208.234390
v 64.000000 97.343719 208.234390
v 64.000000 47.999966 217.000015
v 96.000000 47.999966 217.000015
v 96.000000 97.343719 176.234390
v 64.000000 97.343719 176.234390
v 0.000000 47.999966 217.000015
v 64.000000 47.999966 217.000015
v 64.000000 97.343719 176.234390
v 0.000000 97.343719 176.234390
v -96.000000 47.999958 249.000015
v 0.000000 47.999958 249.000015
v 0.000000 97.343719 208.234390
v -96.000000 97.343719 208.234390
v -96.000000 47.999966 217.000015
v 0.000000 47.999966 217.000015
v 0.000000 97.343719 176.234390
v -96.000000 97.343719 176.234390
v -128.000000 47.999966 217.000015
v -96.000000 47.999966 217.000015
v -96.000000 97.343719 176.234390
v -128.000000 97.343719 176.234390
v -96.000000 47.999969 185.000015
v -64.000000 47.999969 185.000015
v -64.000000 97.343727 144.234390
v -96.000000 97.343727 144.234390
v -128.000000 47.999969 185.000015
v -96.000000 47.999969 185.000015
v -96.000000 97.343727 144.234390
v -128.000000 97.343727 144.234390
v -128.000000 47.999973 153.000015
v -96.000000 47.999973 153.000015
v -96.000000 97.343735 112.234390
v -128.000000 97.343735 112.234390
v -128.000000 47.999981 121.000008
v -96.000000 47.999981 121.000008
v -96.000000 97.343735 80.234390
v -128.000000 97.343735 80.234390
v 128.000000 47.999996 25.000008
v 160.000000 47.999996 25.000008
v 160.000000 97.343750 -15.765609
v 128.000000 97.343750 -15.765609
v 128.000000 47.999992 57.000008
v 160.000000 47.999992 57.000008
v 160.000000 97.343750 16.234390
v 128.000000 97.343750 16.234390
v 128.000000 47.999985 89.000008
v 160.000000 47.999985 89.000008
v 160.000000 97.343742 48.234390
v 128.000000 97.343742 48.234390
v -8.000000 97.343773 -142.765610
v -8.000000 48.000015 -101.999992
v 8.000000 48.000015 -101.999992
v 8.000000 97.343773 -142.765610
v -8.000000 97.343765 -110.765610
v -8.000000 48.000011 -69.999992
v 8.000000 48.000011 -69.999992
v 8.000000 97.343765 -110.765610
v -128.000000 47.999958 249.000015
v -96.000000 47.999958 249.000015
v -96.000000 97.343719 208.234390
v -128.000000 97.343719 208.234390
v -240.000000 49.000000 0.000008
v -224.000000 49.000000 0.000008
v -224.000000 49.000004 -15.999992
v -240.000000 49.000004 -15.999992
v -208.000000 49.000004 -15.999992
v -192.000000 49.000004 -15.999992
v -192.000000 49.000004 -31.999992
v -208.000000 49.000004 -31.999992
v 144.000000 49.000031 -175.999985
v 160.000000 49.000031 -175.999985
v 160.000000 49.000031 -191.999985
v 144.000000 49.000031 -191.999985
v -80.000000 49.000038 -223.999985
v -64.000000 49.000038 -223.999985
v -64.000000 49.000038 -239.999985
v -80.000000 49.000038 -239.999985
v -160.000000 49.000023 -143.999985
v -144.000000 49.000023 -143.999985
v -144.000000 49.000027 -159.999985
v -160.000000 49.000027 -159.999985
v -112.000000 49.000019 -111.999992
v -96.000000 49.000019 -111.999992
v -96.000000 49.000019 -127.999992
v -112.000000 49.000019 -127.999992
v -112.000000 49.000008 -47.999992
v -96.000000 49.000008 -47.999992
v -96.000000 49.000011 -63.999992
v -112.000000 49.000011 -63.999992
v -144.000000 49.000011 -79.999992
v -128.000000 49.000011 -79.999992
v -128.000000 49.000015 -95.999992
v -144.000000 49.000015 -95.999992
v 32.000000 49.000000 0.000008
v 48.000000 49.000000 0.000008
v 48.000000 49.000004 -15.999992
v 32.000000 49.000004 -15.999992
v 176.000000 49.000004 -31.999992
v 192.000000 49.000004 -31.999992
v 192.000000 49.000008 -47.999992
v 176.000000 49.000008 -47.999992
v 64.000000 48.999989 64.000008
v 80.000000 48.999989 64.000008
v 80.000000 48.999992 48.000008
v 64.000000 48.999992 48.000008
v -240.000000 49.000015 -95.999992
v -224.000000 49.000015 -95.999992
v -224.000000 49.000019 -111.999992
v -240.000000 49.000019 -111.999992
v -128.000000 48.999989 64.000008
v -112.000000 48.999989 64.000008
v -112.000000 48.999992 48.000008
v -128.000000 48.999992 48.000008
v -144.000000 48.999996 32.000008
v -128.000000 48.999996 32.000008
v -128.000000 48.999996 16.000008
v -144.000000 48.999996 16.000008
v 176.000000 49.000011 -63.999992
v 192.000000 49.000011 -63.999992
v 192.000000 49.000011 -79.999992
v 176.000000 49.000011 -79.999992
v 144.000000 49.000004 -15.999992
v 160.000000 49.000004 -15.999992
v 160.000000 49.000004 -31.999992
v 144.000000 49.000004 -31.999992
v 32.000000 48.999985 96.000008
v 48.000000 48.999985 96.000008
v 48.000000 48.999989 80.000008
v 32.000000 48.999989 80.000008
v 16.000000 49.000023 -143.999985
v 32.000000 49.000023 -143.999985
v 32.000000 49.000027 -159.999985
v 16.000000 49.000027 -159.999985
v 32.000000 49.000031 -175.999985
v 48.000000 49.000031 -175.999985
v 48.000000 49.000031 -191.999985
v 32.000000 49.000031 -191.999985
v 80.000000 47.999958 250.000015
v 144.000000 47.999958 250.000015
v 144.000000 97.343719 209.234390
v 80.000000 97.343719 209.234390
v 80.000000 47.999966 218.000015
v 144.000000 47.999966 218.000015
v 144.000000 97.343719 177.234390
v 80.000000 97.343719 177.234390
v -176.000000 47.999966 218.000015
v -112.000000 47.999966 218.000015
v -112.000000 97.343719 177.234390
v -176.000000 97.343719 177.234390
v -80.000000 47.999969 186.000015
v -16.000000 47.999969 186.000015
v -16.000000 97.343727 145.234390
v -80.000000 97.343727 145.234390
v -176.000000 47.999969 186.000015
v -112.000000 47.999969 186.000015
v -112.000000 97.343727 145.234390
v -176.000000 97.343727 145.234390
v -176.000000 47.999973 154.000015
v -112.000000 47.999973 154.000015
v -112.000000 97.343735 113.234390
v -176.000000 97.343735 113.234390
v -112.000000 47.999973 154.000015
v -48.000000 47.999973 154.000015
v -48.000000 97.343735 113.234390
v -112.000000 97.343735 113.234390
v -176.000000 47.999981 122.000008
v -112.000000 47.999981 122.000008
v -112.000000 97.343735 81.234390
v -176.000000 97.343735 81.234390
v -112.000000 47.999981 122.000008
v -48.000000 47.999981 122.000008
v -48.000000 97.343735 81.234390
v -112.000000 97.343735 81.234390
v 80.000000 47.999996 26.000008
v 144.000000 47.999996 26.000008
v 144.000000 97.343750 -14.765609
v 80.000000 97.343750 -14.765609
v 144.000000 47.999996 26.000008
v 208.000000 47.999996 26.000008
v 208.000000 97.343750 -14.765609
v 144.000000 97.343750 -14.765609
v 80.000000 47.999992 58.000008
v 144.000000 47.999992 58.000008
v 144.000000 97.343750 17.234392
v 80.000000 97.343750 17.234392
v 144.000000 47.999992 58.000008
v 208.000000 47.999992 58.000008
v 208.000000 97.343750 17.234392
v 144.000000 97.343750 17.234392
v 80.000000 47.999985 90.000008
v 144.000000 47.999985 90.000008
v 144.000000 97.343742 49.234390
v 80.000000 97.343742 49.234390
v 144.000000 47.999985 90.000008
v 208.000000 47.999985 90.000008
v 208.000000 97.343742 49.234390
v 144.000000 97.343742 49.234390
v 8.000000 97.343773 -142.765610
v 8.000000 48.000015 -101.999992
v 48.000000 48.000015 -101.999992
v 48.000000 97.343773 -142.765610
v -48.000000 48.000015 -101.999992
v -8.000000 48.000015 -101.999992
v -8.000000 97.343773 -142.765610
v -48.000000 97.343773 -142.765610
v 8.000000 97.343765 -110.765610
v 8.000000 48.000011 -69.999992
v 48.000000 48.000011 -69.999992
v 48.000000 97.343765 -110.765610
v -48.000000 48.000011 -69.999992
v -8.000000 48.000011 -69.999992
v -8.000000 97.343765 -110.765610
v -48.000000 97.343765 -110.765610
v -16.000000 48.000008 -37.999992
v 48.000000 48.000008 -37.999992
v 48.000000 97.343765 -78.765610
v -16.000000 97.343765 -78.765610
v -16.000000 48.000000 -5.999992
v 48.000000 48.000000 -5.999992
v 48.000000 97.343758 -46.765610
v -16.000000 97.343758 -46.765610
v -176.000000 47.999958 250.000015
v -112.000000 47.999958 250.000015
v -112.000000 97.343719 209.234390
v -176.000000 97.343719 209.234390
v 144.000000 40.000015 -81.999992
v 80.000000 40.000015 -81.999992
v 144.000000 40.000011 -76.999992
v 80.000000 40.000011 -76.999992
v 144.000000 40.000011 -71.999992
v 80.000000 40.000011 -71.999992
v 74.000000 40.000015 -87.999992
v 74.000000 40.000023 -144.000000
v 69.000000 40.000015 -87.999992
v 69.000000 40.000023 -144.000000
v 64.000000 40.000015 -87.999992
v 64.000000 40.000023 -144.000000
v 80.000000 40.000023 -150.000000
v 144.000000 40.000023 -150.000000
v 80.000000 40.000027 -155.000000
v 144.000000 40.000027 -155.000000
v 80.000000 40.000027 -160.000000
v 144.000000 40.000027 -160.000000
v 150.000000 40.000023 -144.000000
v 150.000000 40.000015 -87.999992
v 155.000000 40.000023 -144.000000
v 155.000000 40.000015 -87.999992
v 160.000000 40.000023 -144.000000
v 160.000000 40.000015 -87.999992
v 160.000000 40.000015 -87.999992
v 155.000000 40.000015 -87.999992
v 160.000000 40.000011 -71.999992
v 144.000000 40.000011 -76.999992
v 144.000000 40.000011 -71.999992
v 80.000000 40.000011 -71.999992
v 80.000000 40.000011 -76.999992
v 64.000000 40.000011 -71.999992
v 69.000000 40.000015 -87.999992
v 64.000000 40.000015 -87.999992
v 144.000000 40.000027 -160.000000
v 144.000000 40.000027 -155.000000
v 160.000000 40.000027 -160.000000
v 155.000000 40.000023 -144.000000
v 160.000000 40.000023 -144.000000
v 64.000000 40.000023 -144.000000
v 69.000000 40.000023 -144.000000
v 64.000000 40.000027 -160.000000
v 80.000000 40.000027 -155.000000
v 80.000000 40.000027 -160.000000
v 150.000000 40.000015 -87.999992
v 144.000000 40.000015 -81.999992
v 144.000000 40.000011 -76.999992
v 155.000000 40.000015 -87.999992
v 80.000000 40.000015 -81.999992
v 74.000000 40.000015 -87.999992
v 69.000000 40.000015 -87.999992
v 80.000000 40.000011 -76.999992
v 144.000000 40.000023 -150.000000
v 150.000000 40.000023 -144.000000
v 155.000000 40.000023 -144.000000
v 144.000000 40.000027 -155.000000
v 74.000000 40.000023 -144.000000
v 80.000000 40.000023 -150.000000
v 80.000000 40.000027 -155.000000
v 69.000000 40.000023 -144.000000
v -40.000000 49.999996 32.000008
v -56.000000 49.999996 32.000008
v -40.000000 49.999992 40.000008
v -56.000000 49.999992 40.000008
v -40.000000 49.999989 72.000008
v -56.000000 49.999989 72.000008
v -64.000000 49.999989 80.000008
v -56.000000 49.999989 80.000008
v -64.000000 49.999989 72.000008
v -56.000000 49.999989 72.000008
v -64.000000 49.999992 40.000008
v -56.000000 49.999992 40.000008
v 32.000000 49.999996 32.000008
v 24.000000 49.999996 32.000008
v 32.000000 49.999992 40.000008
v 24.000000 49.999992 40.000008
v 32.000000 49.999989 72.000008
v 24.000000 49.999989 72.000008
v 24.000000 49.999996 32.000008
v -40.000000 49.999996 32.000008
v 24.000000 49.999992 40.000008
v -40.000000 49.999992 40.000008
v 24.000000 49.999989 72.000008
v -40.000000 49.999989 72.000008
v -56.000000 49.999996 32.000008
v -40.000000 49.999996 32.000008
v -40.000000 41.999996 32.000008
v -56.000000 41.999996 32.000008
v -56.000000 49.999989 80.000008
v -40.000000 49.999989 80.000008
v -40.000000 49.999989 72.000008
v -56.000000 49.999989 72.000008
v -56.000000 41.999989 80.000008
v -40.000000 41.999989 80.000008
v -40.000000 49.999989 80.000008
v -56.000000 49.999989 80.000008
v -56.000000 49.999989 80.000008
v -64.000000 49.999989 80.000008
v -64.000000 41.999989 80.000008
v -56.000000 41.999989 80.000008
v -56.000000 49.999996 32.000008
v -64.000000 49.999996 32.000008
v -64.000000 49.999992 40.000008
v -56.000000 49.999992 40.000008
v -56.000000 41.999996 32.000008
v -64.000000 41.999996 32.000008
v -64.000000 49.999996 32.000008
v -56.000000 49.999996 32.000008
v -64.000000 49.999992 40.000008
v -64.000000 49.999996 32.000008
v -64.000000 41.999996 32.000008
v -64.000000 41.999992 40.000008
v -64.000000 49.999989 72.000008
v -64.000000 49.999992 40.000008
v -64.000000 41.999992 40.000008
v -64.000000 41.999989 72.000008
v -64.000000 49.999989 80.000008
v -64.000000 49.999989 72.000008
v -64.000000 41.999989 72.000008
v -64.000000 41.999989 80.000008
v 32.000000 49.999989 72.000008
v 32.000000 49.999989 80.000008
v 32.000000 41.999989 80.000008
v 32.000000 41.999989 72.000008
v 32.000000 49.999992 40.000008
v 32.000000 49.999989 72.000008
v 32.000000 41.999989 72.000008
v 32.000000 41.999992 40.000008
v 32.000000 49.999996 32.000008
v 32.000000 49.999992 40.000008
v 32.000000 41.999992 40.000008
v 32.000000 41.999996 32.000008
v 24.000000 49.999996 32.000008
v 32.000000 49.999996 32.000008
v 32.000000 41.999996 32.000008
v 24.000000 41.999996 32.000008
v 24.000000 49.999989 80.000008
v 32.000000 49.999989 80.000008
v 32.000000 49.999989 72.000008
v 24.000000 49.999989 72.000008
v 24.000000 41.999989 80.000008
v 32.000000 41.999989 80.000008
v 32.000000 49.999989 80.000008
v 24.000000 49.999989 80.000008
v -40.000000 49.999996 32.000008
v 24.000000 49.999996 32.000008
v 24.000000 41.999996 32.000008
v -40.000000 41.999996 32.000008
v -40.000000 49.999989 80.000008
v 24.000000 49.999989 80.000008
v 24.000000 49.999989 72.000008
v -40.000000 49.999989 72.000008
v -40.000000 41.999989 80.000008
v 24.000000 41.999989 80.000008
v 24.000000 49.999989 80.000008
v -40.000000 49.999989 80.000008
v 115.000000 64.000038 -211.499985
v 113.000000 64.000038 -213.999985
v 112.000000 64.000031 -207.999985
v 112.000000 64.000038 -223.999985
v -160.000000 47.999996 16.000008
v -160.000000 48.000000 0.000008
v -161.000000 48.000000 6.000008
v -165.000000 48.000000 1.000008
v -192.000000 48.000023 -143.999985
v -176.000000 48.000023 -143.999985
v -182.000000 48.000023 -144.999985
v -177.000000 48.000023 -148.999985
v 29.453123 45.999985 96.000008
v 93.453125 45.999985 96.000008
v 93.453125 46.000004 -31.999992
v 29.453123 46.000004 -31.999992
v -64.000000 47.999973 160.000015
v -32.000000 47.999973 160.000015
v -32.000000 47.999977 144.000015
v -64.000000 47.999977 144.000015
v -32.000000 47.999969 192.000015
v 0.000000 47.999969 192.000015
v 0.000000 47.999969 176.000015
v -32.000000 47.999969 176.000015
v 0.000000 47.999969 192.000015
v 128.000000 47.999969 192.000015
v 128.000000 47.999969 176.000015
v 0.000000 47.999969 176.000015
v -240.000000 48.000019 -127.999992
v -176.000000 48.000019 -127.999992
v -176.000000 48.000023 -143.999985
v -240.000000 48.000023 -143.999985
v -160.000000 47.999985 96.000008
v -96.000000 47.999985 96.000008
v -96.000000 48.000000 0.000008
v -160.000000 48.000000 0.000008
v -240.000000 48.000000 0.000008
v -176.000000 48.000000 0.000008
v -176.000000 48.000019 -127.999992
v -240.000000 48.000019 -127.999992
v -96.000000 48.000034 -207.999985
v -64.000000 48.000034 -207.999985
v -64.000000 48.000042 -255.999985
v -96.000000 48.000042 -255.999985
v -176.000000 48.000019 -127.999992
v -96.000000 48.000019 -127.999992
v -96.000000 48.000042 -255.999985
v -176.000000 48.000042 -255.999985
v -176.000000 48.000000 0.000008
v -96.000000 48.000000 0.000008
v -96.000000 48.000019 -127.999992
v -176.000000 48.000019 -127.999992
v -96.000000 47.999985 96.000008
v -64.000000 47.999985 96.000008
v -64.000000 47.999996 16.000008
v -96.000000 47.999996 16.000008
v 160.000000 48.000004 -31.999992
v 192.000000 48.000004 -31.999992
v 192.000000 48.000027 -159.999985
v 160.000000 48.000027 -159.999985
v 64.000000 48.000027 -159.999985
v 192.000000 48.000027 -159.999985
v 192.000000 48.000031 -191.999985
v 64.000000 48.000031 -191.999985
v 32.000000 64.000031 -207.999985
v 112.000000 64.000031 -207.999985
v 112.000000 64.000038 -255.999985
v 32.000000 64.000038 -255.999985
v 16.000000 48.000023 -143.999985
v 32.000000 48.000023 -143.999985
v 32.000000 48.000031 -191.999985
v 16.000000 48.000031 -191.999985
v -32.000000 48.000019 -127.999992
v 32.000000 48.000019 -127.999992
v 32.000000 48.000023 -143.999985
v -32.000000 48.000023 -143.999985
v 96.000000 48.000000 0.000008
v 192.000000 48.000000 0.000008
v 192.000000 48.000004 -31.999992
v 96.000000 48.000004 -31.999992
v 32.000000 48.000004 -31.999992
v 160.000000 48.000004 -31.999992
v 160.000000 48.000011 -71.999992
v 32.000000 48.000011 -71.999992
v 32.000000 48.000011 -71.999992
v 64.000000 48.000011 -71.999992
v 64.000000 48.000031 -191.999985
v 32.000000 48.000031 -191.999985
v 32.000000 47.999985 96.000008
v 96.000000 47.999985 96.000008
v 96.000000 48.000004 -31.999992
v 32.000000 48.000004 -31.999992
v -176.000000 48.000000 0.000008
v -165.000000 48.000000 1.000008
v -160.000000 48.000000 0.000008
v -176.000000 48.000027 -159.999985
v -177.000000 48.000023 -148.999985
v -176.000000 48.000023 -143.999985
v 32.000000 48.000031 -191.999985
v 21.000000 48.000031 -192.999985
v 16.000000 48.000031 -191.999985
v -240.000000 43.078133 -44.999992
v -240.000000 50.000008 -44.999992
v -244.000000 43.078133 -44.999992
v -244.000000 50.000008 -44.999992
v -256.000000 30.921883 -44.999996
v -256.000000 37.703133 -44.999992
v -240.000000 50.000015 -98.999992
v -240.000000 43.078140 -98.999992
v -244.000000 50.000015 -98.999992
v -244.000000 43.078140 -98.999992
v -256.000000 37.703140 -98.999992
v -256.000000 30.921890 -98.999992
v 115.000000 59.078159 -207.999985
v 115.000000 66.000031 -207.999985
v 115.000000 59.078159 -203.999985
v 115.000000 66.000031 -203.999985
v 115.000000 46.921906 -191.999985
v 115.000000 53.703156 -191.999985
v 61.000000 66.000031 -207.999985
v 61.000000 59.078159 -207.999985
v 61.000000 66.000031 -203.999985
v 61.000000 59.078159 -203.999985
v 61.000000 53.703156 -191.999985
v 61.000000 46.921906 -191.999985
v -256.000000 37.703133 -48.999992
v -256.000000 32.000008 -48.999996
v -256.000000 30.921883 -44.999996
v -256.000000 37.703133 -44.999992
v -256.000000 32.000015 -94.999992
v -256.000000 37.703140 -94.999992
v -256.000000 37.703140 -98.999992
v -256.000000 30.921890 -98.999992
v -244.000000 50.000008 -44.999992
v -244.000000 50.000008 -48.999992
v -256.000000 37.703133 -48.999992
v -256.000000 37.703133 -44.999992
v -240.000000 48.000008 -48.999992
v -256.000000 32.000008 -48.999996
v -256.000000 37.703133 -48.999992
v -244.000000 50.000008 -48.999992
v -244.000000 50.000015 -98.999992
v -244.000000 50.000015 -94.999992
v -240.000000 50.000015 -94.999992
v -240.000000 50.000015 -98.999992
v -240.000000 50.000008 -48.999992
v -244.000000 50.000008 -48.999992
v -244.000000 50.000008 -44.999992
v -240.000000 50.000008 -44.999992
v -256.000000 37.703140 -94.999992
v -244.000000 50.000015 -94.999992
v -244.000000 50.000015 -98.999992
v -256.000000 37.703140 -98.999992
v -256.000000 32.000015 -94.999992
v -240.000000 48.000015 -94.999992
v -244.000000 50.000015 -94.999992
v -256.000000 37.703140 -94.999992
v -256.000000 32.000015 -94.999992
v -256.000000 32.000015 -90.999992
v -240.000000 48.000015 -90.999992
v -240.000000 48.000015 -94.999992
v 107.000000 64.000031 -207.999985
v 107.000000 48.000031 -191.999985
v 111.000000 48.000031 -191.999985
v 111.000000 64.000031 -207.999985
v 69.000000 64.000031 -207.999985
v 69.000000 48.000031 -191.999985
v 107.000000 48.000031 -191.999985
v 107.000000 64.000031 -207.999985
v 65.000000 66.000031 -207.999985
v 65.000000 64.000031 -207.999985
v 61.000000 59.078159 -207.999985
v 61.000000 66.000031 -207.999985
v 111.000000 64.000031 -207.999985
v 111.000000 66.000031 -207.999985
v 115.000000 66.000031 -207.999985
v 115.000000 59.078159 -207.999985
v 111.000000 53.703156 -191.999985
v 111.000000 48.000031 -191.999985
v 115.000000 46.921906 -191.999985
v 115.000000 53.703156 -191.999985
v 65.000000 48.000031 -191.999985
v 65.000000 53.703156 -191.999985
v 61.000000 53.703156 -191.999985
v 61.000000 46.921906 -191.999985
v -240.000000 50.000015 -94.999992
v -240.000000 48.000015 -94.999992
v -240.000000 43.078140 -98.999992
v -240.000000 50.000015 -98.999992
v -240.000000 48.000008 -48.999992
v -240.000000 50.000008 -48.999992
v -240.000000 50.000008 -44.999992
v -240.000000 43.078133 -44.999992
v 115.000000 66.000031 -203.999985
v 111.000000 66.000031 -203.999985
v 111.000000 53.703156 -191.999985
v 115.000000 53.703156 -191.999985
v 111.000000 64.000031 -207.999985
v 111.000000 48.000031 -191.999985
v 111.000000 53.703156 -191.999985
v 111.000000 66.000031 -203.999985
v 61.000000 66.000031 -203.999985
v 65.000000 66.000031 -203.999985
v 65.000000 66.000031 -207.999985
v 61.000000 66.000031 -207.999985
v -240.000000 48.000008 -52.999992
v -256.000000 32.000008 -52.999996
v -256.000000 32.000008 -48.999996
v -240.000000 48.000008 -48.999992
v 111.000000 66.000031 -207.999985
v 111.000000 66.000031 -203.999985
v 115.000000 66.000031 -203.999985
v 115.000000 66.000031 -207.999985
v 65.000000 53.703156 -191.999985
v 65.000000 66.000031 -203.999985
v 61.000000 66.000031 -203.999985
v 61.000000 53.703156 -191.999985
v -240.000000 48.000015 -90.999992
v -256.000000 32.000015 -90.999992
v -256.000000 32.000008 -52.999996
v -240.000000 48.000008 -52.999992
v 65.000000 48.000031 -191.999985
v 65.000000 64.000031 -207.999985
v 65.000000 66.000031 -203.999985
v 65.000000 53.703156 -191.999985
v 65.000000 48.000031 -191.999985
v 69.000000 48.000031 -191.999985
v 69.000000 64.000031 -207.999985
v 65.000000 64.000031 -207.999985
v -240.000000 48.000008 -48.999992
v -244.000000 50.000008 -48.999992
v -240.000000 50.000008 -48.999992
v -244.000000 50.000015 -94.999992
v -240.000000 48.000015 -94.999992
v -240.000000 50.000015 -94.999992
v 65.000000 66.000031 -203.999985
v 65.000000 64.000031 -207.999985
v 65.000000 66.000031 -207.999985
v 111.000000 64.000031 -207.999985
v 111.000000 66.000031 -203.999985
v 111.000000 66.000031 -207.999985
v -16.000000 23.999994 32.000004
v -16.000000 23.999996 26.000004
v -32.000000 23.999994 32.000004
v -26.000000 23.999998 16.000004
v -32.000000 23.999998 16.000004
v 144.000000 23.999977 144.000000
v 144.000000 23.999975 150.000000
v 160.000000 23.999977 144.000000
v 154.000000 23.999973 160.000000
v 160.000000 23.999973 160.000000
v -16.000000 23.999981 112.000008
v -16.000000 23.999981 118.000008
v 0.000000 23.999981 112.000008
v -6.000000 23.999979 128.000000
v 0.000000 23.999979 128.000000
v 176.000000 23.999960 240.000000
v 176.000000 23.999962 234.000000
v 160.000000 23.999960 240.000000
v 166.000000 23.999964 224.000000
v 160.000000 23.999964 224.000000
v 16.000000 23.999979 128.000000
v 16.000000 23.999981 122.000008
v 0.000000 23.999979 128.000000
v 6.000000 23.999981 112.000008
v 0.000000 23.999981 112.000008
v -48.000000 24.000002 -15.999996
v -48.000000 24.000002 -9.999996
v -32.000000 24.000002 -15.999996
v -38.000000 24.000000 0.000004
v -32.000000 24.000000 0.000004
v -48.000000 24.000006 -31.999996
v -48.000000 24.000006 -37.999996
v -64.000000 24.000006 -31.999996
v -58.000000 24.000008 -47.999996
v -64.000000 24.000008 -47.999996
v -64.000000 24.000027 -160.000000
v -58.000000 24.000027 -160.000000
v -64.000000 24.000029 -176.000000
v -48.000000 24.000029 -170.000000
v -48.000000 24.000029 -176.000000
v -48.000000 24.000029 -176.000000
v -32.000000 24.000029 -176.000000
v -48.000000 24.000031 -182.000000
v -38.000000 24.000031 -192.000000
v 32.000000 23.999979 128.000000
v 160.000000 23.999979 128.000000
v 160.000000 23.999981 122.000008
v 32.000000 23.999981 122.000008
v -32.000000 24.000006 -31.999996
v -32.000000 23.999998 16.000004
v -26.000000 23.999998 16.000004
v -26.000000 24.000006 -31.999996
v -48.000000 24.000006 -31.999996
v -32.000000 24.000006 -31.999996
v -32.000000 24.000006 -37.999996
v -48.000000 24.000006 -37.999996
v -64.000000 24.000027 -160.000000
v -64.000000 24.000010 -63.999996
v -58.000000 24.000010 -63.999996
v -58.000000 24.000027 -160.000000
v -16.000000 24.000029 -176.000000
v -48.000000 24.000029 -176.000000
v -48.000000 24.000029 -170.000000
v -16.000000 24.000029 -170.000000
v -16.000000 24.000031 -192.000000
v -16.000000 24.000029 -176.000000
v -10.000000 24.000029 -176.000000
v -10.000000 24.000031 -192.000000
v -32.000000 23.999981 112.000008
v -32.000000 23.999985 96.000008
v -38.000000 23.999985 96.000008
v -38.000000 23.999981 112.000008
v 0.000000 23.999977 144.000000
v 0.000000 23.999979 128.000000
v -6.000000 23.999979 128.000000
v -6.000000 23.999977 144.000000
v 0.000000 23.999994 32.000004
v 0.000000 23.999985 96.000008
v 6.000000 23.999985 96.000008
v 6.000000 23.999994 32.000004
v 144.000000 23.999977 144.000000
v 16.000000 23.999977 144.000000
v 16.000000 23.999975 150.000000
v 144.000000 23.999975 150.000000
v -48.000000 24.000002 -15.999996
v -64.000000 24.000002 -15.999996
v -64.000000 24.000002 -9.999996
v -48.000000 24.000002 -9.999996
v 160.000000 23.999958 256.000000
v 160.000000 23.999973 160.000000
v 154.000000 23.999973 160.000000
v 154.000000 23.999958 256.000000
v -64.000000 24.000002 -15.999996
v -64.000000 24.000008 -47.999996
v -70.000000 24.000008 -47.999996
v -70.000000 24.000002 -15.999996
v -64.000000 24.000008 -47.999996
v -64.000000 24.000029 -176.000000
v -70.000000 24.000029 -176.000000
v -70.000000 24.000008 -47.999996
v -16.000000 23.999981 112.000008
v -32.000000 23.999981 112.000008
v -32.000000 23.999981 118.000008
v -16.000000 23.999981 118.000008
v -64.000000 24.000029 -176.000000
v -48.000000 24.000029 -176.000000
v -48.000000 24.000031 -182.000000
v -64.000000 24.000031 -182.000000
v 16.000000 23.999977 144.000000
v 0.000000 23.999977 144.000000
v 0.000000 23.999975 150.000000
v 16.000000 23.999975 150.000000
v -32.000000 23.999985 96.000008
v -32.000000 24.000000 0.000004
v -38.000000 24.000000 0.000004
v -38.000000 23.999985 96.000008
v -32.000000 23.999985 96.000008
v 0.000000 23.999985 96.000008
v 0.000000 23.999990 64.000008
v -32.000000 23.999990 64.000008
v -32.000000 24.000031 -192.000000
v -32.000000 24.000042 -256.000000
v -38.000000 24.000042 -256.000000
v -38.000000 24.000031 -192.000000
v -32.000000 23.999981 112.000008
v 0.000000 23.999981 112.000008
v 0.000000 23.999985 96.000008
v -32.000000 23.999985 96.000008
v 0.000000 23.999977 144.000000
v 32.000000 23.999977 144.000000
v 32.000000 23.999979 128.000000
v 0.000000 23.999979 128.000000
v -64.000000 24.000002 -15.999996
v -32.000000 24.000002 -15.999996
v -32.000000 24.000006 -31.999996
v -64.000000 24.000006 -31.999996
v 32.000000 23.999977 144.000000
v 160.000000 23.999977 144.000000
v 160.000000 23.999979 128.000000
v 32.000000 23.999979 128.000000
v 160.000000 23.999958 256.000000
v 192.000000 23.999958 256.000000
v 192.000000 23.999960 240.000000
v 160.000000 23.999960 240.000000
v 192.000000 23.999958 256.000000
v 256.000000 23.999958 256.000000
v 256.000000 23.999960 240.000000
v 192.000000 23.999960 240.000000
v -32.000000 24.000029 -176.000000
v -16.000000 24.000029 -176.000000
v -16.000000 24.000031 -192.000000
v -32.000000 24.000031 -192.000000
v -32.000000 24.000031 -192.000000
v -16.000000 24.000031 -192.000000
v -16.000000 24.000042 -256.000000
v -32.000000 24.000042 -256.000000
v -32.000000 23.999990 64.000008
v 0.000000 23.999990 64.000008
v 0.000000 23.999994 32.000004
v -32.000000 23.999994 32.000004
v 16.000000 23.999979 128.000000
v 32.000000 23.999979 128.000000
v 32.000000 23.999981 122.000008
v 16.000000 23.999981 122.000008
v 160.000000 23.999979 128.000000
v 160.000000 23.999964 224.000000
v 166.000000 23.999964 224.000000
v 166.000000 23.999979 128.000000
v 176.000000 23.999960 240.000000
v 192.000000 23.999960 240.000000
v 192.000000 23.999962 234.000000
v 176.000000 23.999962 234.000000
v 0.000000 23.999985 96.000008
v 0.000000 23.999981 112.000008
v 6.000000 23.999981 112.000008
v 6.000000 23.999985 96.000008
v -16.000000 23.999994 32.000004
v 0.000000 23.999994 32.000004
v 0.000000 23.999996 26.000004
v -16.000000 23.999996 26.000004
v -16.000000 24.000042 -256.000000
v -16.000000 24.000031 -192.000000
v -10.000000 24.000031 -192.000000
v -10.000000 24.000042 -256.000000
v -64.000000 24.000010 -63.999996
v -64.000000 24.000008 -47.999996
v -58.000000 24.000008 -47.999996
v -58.000000 24.000010 -63.999996
v 192.000000 23.999960 240.000000
v 256.000000 23.999960 240.000000
v 256.000000 23.999962 234.000000
v 192.000000 23.999962 234.000000
v -32.000000 23.999981 112.000008
v -38.000000 23.999981 112.000008
v -32.000000 23.999981 118.000008
v 160.000000 23.999979 128.000000
v 166.000000 23.999979 128.000000
v 160.000000 23.999981 122.000008
v -32.000000 24.000006 -31.999996
v -26.000000 24.000006 -31.999996
v -32.000000 24.000006 -37.999996
v -64.000000 24.000002 -15.999996
v -70.000000 24.000002 -15.999996
v -64.000000 24.000002 -9.999996
v 0.000000 23.999977 144.000000
v -6.000000 23.999977 144.000000
v 0.000000 23.999975 150.000000
v -64.000000 24.000029 -176.000000
v -64.000000 24.000031 -182.000000
v -70.000000 24.000029 -176.000000
v 0.000000 23.999994 32.000004
v 6.000000 23.999994 32.000004
v 0.000000 23.999996 26.000004
v -16.000000 24.000029 -176.000000
v -16.000000 24.000029 -170.000000
v -10.000000 24.000029 -176.000000
v -38.000000 24.000031 -192.000000
v -32.000000 24.000029 -176.000000
v -32.000000 24.000031 -192.000000
v -240.000000 127.999977 144.000015
v -256.000000 127.999977 144.000015
v -240.000000 127.999962 256.000031
v -256.000000 127.999962 256.000031
v -240.000000 127.999947 320.000031
v -256.000000 127.999947 320.000031
v 144.000000 96.000038 -255.999985
v 144.000000 96.000038 -239.999985
v 145.000000 96.000038 -245.999985
v 149.000000 96.000038 -240.999985
v -224.000000 111.999977 144.000015
v -224.000000 111.999977 128.000015
v -225.000000 111.999977 134.000015
v -229.000000 111.999977 129.000015
v -224.000000 80.000031 -175.999985
v -208.000000 80.000031 -175.999985
v -214.000000 80.000031 -176.999985
v -209.000000 80.000031 -180.999985
v -64.000000 32.000031 -192.000000
v -48.000000 32.000031 -192.000000
v -54.000000 32.000031 -193.000000
v -49.000000 32.000031 -197.000000
v -256.000000 112.000031 -207.999985
v -240.000000 112.000031 -207.999985
v -246.000000 112.000031 -208.999985
v -241.000000 112.000038 -212.999985
v 192.000000 47.999969 192.000015
v 192.000000 47.999966 208.000015
v 193.000000 47.999966 202.000015
v 197.000000 47.999966 207.000015
v -240.000000 96.000031 -191.999985
v -224.000000 96.000031 -191.999985
v -230.000000 96.000031 -192.999985
v -225.000000 96.000031 -196.999985
v 128.000000 80.000038 -239.999985
v 128.000000 80.000038 -223.999985
v 129.000000 80.000038 -229.999985
v 133.000000 80.000038 -224.999985
v 240.000000 95.999977 144.000015
v 240.000000 95.999977 160.000015
v 241.000000 95.999977 154.000015
v 245.000000 95.999977 159.000015
v -192.000000 79.999992 48.000011
v -192.000000 79.999992 32.000011
v -193.000000 79.999992 38.000011
v -197.000000 79.999992 33.000011
v -208.000000 95.999992 64.000015
v -208.000000 95.999992 48.000015
v -209.000000 95.999992 54.000015
v -213.000000 95.999992 49.000015
v 208.000000 63.999969 176.000015
v 208.000000 63.999969 192.000015
v 209.000000 63.999969 186.000015
v 213.000000 63.999969 191.000015
v 224.000000 79.999977 160.000015
v 224.000000 79.999969 176.000015
v 225.000000 79.999969 170.000015
v 229.000000 79.999969 175.000015
v 115.000000 64.000038 -211.499985
v 112.000000 64.000031 -207.999985
v 117.000000 64.000031 -208.999985
v 128.000000 64.000031 -207.999985
v -176.000000 63.999996 32.000011
v -176.000000 63.999996 16.000010
v -177.000000 63.999996 22.000010
v -181.000000 63.999996 17.000010
v -208.000000 64.000023 -159.999985
v -192.000000 64.000023 -159.999985
v -198.000000 64.000023 -160.999985
v -193.000000 64.000031 -164.999985
v 176.000000 31.999966 208.000000
v 176.000000 31.999964 224.000000
v 177.000000 31.999964 218.000000
v 181.000000 31.999964 223.000000
v 144.000000 31.999971 176.000000
v 144.000000 31.999973 160.000000
v 143.000000 31.999973 166.000000
v 139.000000 31.999973 161.000000
v -16.000000 31.999977 144.000000
v -16.000000 31.999979 128.000000
v -17.000000 31.999979 134.000000
v -21.000000 31.999979 129.000000
v 16.000000 31.999985 96.000008
v 16.000000 31.999981 112.000008
v 17.000000 31.999983 106.000008
v 21.000000 31.999983 111.000008
v -16.000000 32.000000 0.000005
v -16.000000 31.999998 16.000006
v -15.000000 31.999998 10.000005
v -11.000000 31.999998 15.000005
v -48.000000 31.999998 16.000006
v -48.000000 32.000000 0.000005
v -49.000000 31.999998 6.000005
v -53.000000 32.000000 1.000005
v -48.000000 32.000011 -63.999996
v -48.000000 32.000008 -47.999996
v -47.000000 32.000008 -53.999996
v -43.000000 32.000008 -48.999996
v -32.000000 32.000027 -160.000000
v -48.000000 32.000027 -160.000000
v -42.000000 32.000027 -159.000000
v -47.000000 32.000027 -155.000000
v 224.000000 63.999969 192.000015
v 213.000000 63.999969 191.000015
v 208.000000 63.999969 192.000015
v -240.000000 111.999977 128.000015
v -229.000000 111.999977 129.000015
v -224.000000 111.999977 128.000015
v -192.000000 63.999996 16.000010
v -181.000000 63.999996 17.000010
v -176.000000 63.999996 16.000010
v 160.000000 96.000038 -239.999985
v 149.000000 96.000038 -240.999985
v 144.000000 96.000038 -239.999985
v -192.000000 64.000031 -175.999985
v -193.000000 64.000031 -164.999985
v -192.000000 64.000023 -159.999985
v -208.000000 79.999992 32.000011
v -197.000000 79.999992 33.000011
v -192.000000 79.999992 32.000011
v 208.000000 47.999966 208.000015
v 197.000000 47.999966 207.000015
v 192.000000 47.999966 208.000015
v 256.000000 95.999977 160.000015
v 245.000000 95.999977 159.000015
v 240.000000 95.999977 160.000015
v 192.000000 31.999964 224.000000
v 181.000000 31.999964 223.000000
v 176.000000 31.999964 224.000000
v -224.000000 95.999992 48.000015
v -213.000000 95.999992 49.000015
v -208.000000 95.999992 48.000015
v 128.000000 31.999973 160.000000
v 139.000000 31.999973 161.000000
v 144.000000 31.999973 160.000000
v -48.000000 32.000034 -208.000000
v -49.000000 32.000031 -197.000000
v -48.000000 32.000031 -192.000000
v -32.000000 31.999979 128.000000
v -21.000000 31.999979 129.000000
v -16.000000 31.999979 128.000000
v -224.000000 96.000031 -207.999985
v -225.000000 96.000031 -196.999985
v -224.000000 96.000031 -191.999985
v 32.000000 31.999981 112.000008
v 21.000000 31.999983 111.000008
v 16.000000 31.999981 112.000008
v -208.000000 80.000031 -191.999985
v -209.000000 80.000031 -180.999985
v -208.000000 80.000031 -175.999985
v 0.000000 31.999998 16.000006
v -11.000000 31.999998 15.000005
v -16.000000 31.999998 16.000006
v 240.000000 79.999969 176.000015
v 229.000000 79.999969 175.000015
v 224.000000 79.999969 176.000015
v -64.000000 32.000000 0.000005
v -53.000000 32.000000 1.000005
v -48.000000 32.000000 0.000005
v 144.000000 80.000038 -223.999985
v 133.000000 80.000038 -224.999985
v 128.000000 80.000038 -223.999985
v -32.000000 32.000008 -47.999996
v -43.000000 32.000008 -48.999996
v -48.000000 32.000008 -47.999996
v -240.000000 112.000038 -223.999985
v -241.000000 112.000038 -212.999985
v -240.000000 112.000031 -207.999985
v -48.000000 32.000023 -144.000000
v -47.000000 32.000027 -155.000000
v -48.000000 32.000027 -160.000000
v 16.000000 23.999981 122.000008
v 32.000000 23.999981 122.000008
v 16.000000 23.999981 117.000008
v 32.000000 23.999981 117.000008
v 16.000000 23.999981 112.000008
v 32.000000 23.999981 112.000008
v 154.000000 23.999958 256.000000
v 154.000000 23.999973 160.000000
v 149.000000 23.999958 256.000000
v 149.000000 23.999973 160.000000
v 144.000000 23.999958 256.000000
v 144.000000 23.999973 160.000000
v 166.000000 23.999979 128.000000
v 166.000000 23.999964 224.000000
v 171.000000 23.999979 128.000000
v 171.000000 23.999964 224.000000
v 176.000000 23.999979 128.000000
v 176.000000 23.999964 224.000000
v 176.000000 23.999962 234.000000
v 192.000000 23.999962 234.000000
v 176.000000 23.999962 229.000000
v 192.000000 23.999962 229.000000
v 176.000000 23.999964 224.000000
v 192.000000 23.999964 224.000000
v 6.000000 23.999985 96.000008
v 6.000000 23.999981 112.000008
v 11.000000 23.999985 96.000008
v 11.000000 23.999981 112.000008
v 16.000000 23.999985 96.000008
v 16.000000 23.999981 112.000008
v -16.000000 23.999981 118.000008
v -32.000000 23.999981 118.000008
v -16.000000 23.999979 123.000008
v -32.000000 23.999979 123.000008
v -16.000000 23.999979 128.000000
v -32.000000 23.999979 128.000000
v -16.000000 23.999996 26.000004
v 0.000000 23.999996 26.000004
v -16.000000 23.999996 21.000004
v 0.000000 23.999996 21.000004
v -16.000000 23.999998 16.000004
v 0.000000 23.999998 16.000004
v -58.000000 24.000010 -63.999996
v -58.000000 24.000008 -47.999996
v -53.000000 24.000010 -63.999996
v -53.000000 24.000008 -47.999996
v -48.000000 24.000010 -63.999996
v -48.000000 24.000008 -47.999996
v -10.000000 24.000042 -256.000000
v -10.000000 24.000031 -192.000000
v -5.000000 24.000042 -256.000000
v -5.000000 24.000031 -192.000000
v 0.000000 24.000042 -256.000000
v 0.000000 24.000031 -192.000000
v -10.000000 24.000031 -192.000000
v -10.000000 24.000029 -176.000000
v -5.000000 24.000031 -192.000000
v -5.000000 24.000029 -176.000000
v 0.000000 24.000031 -192.000000
v 0.000000 24.000029 -176.000000
v 16.000000 23.999975 150.000000
v 0.000000 23.999975 150.000000
v 16.000000 23.999975 155.000000
v 0.000000 23.999975 155.000000
v 16.000000 23.999973 160.000000
v 0.000000 23.999973 160.000000
v -70.000000 24.000002 -15.999996
v -70.000000 24.000008 -47.999996
v -75.000000 24.000002 -15.999996
v -75.000000 24.000008 -47.999996
v -80.000000 24.000002 -15.999996
v -80.000000 24.000008 -47.999996
v 144.000000 23.999975 150.000000
v 16.000000 23.999975 150.000000
v 144.000000 23.999975 155.000000
v 16.000000 23.999975 155.000000
v 144.000000 23.999973 160.000000
v 16.000000 23.999973 160.000000
v 192.000000 23.999962 234.000000
v 256.000000 23.999962 234.000000
v 192.000000 23.999962 229.000000
v 256.000000 23.999962 229.000000
v 192.000000 23.999964 224.000000
v 256.000000 23.999964 224.000000
v 32.000000 23.999981 122.000008
v 160.000000 23.999981 122.000008
v 32.000000 23.999981 117.000008
v 160.000000 23.999981 117.000008
v 32.000000 23.999981 112.000008
v 160.000000 23.999981 112.000008
v -26.000000 24.000006 -31.999996
v -26.000000 23.999998 16.000004
v -21.000000 24.000006 -31.999996
v -21.000000 23.999998 16.000004
v -16.000000 24.000006 -31.999996
v -16.000000 23.999998 16.000004
v -38.000000 23.999985 96.000008
v -38.000000 24.000000 0.000004
v -43.000000 23.999985 96.000008
v -43.000000 24.000000 0.000004
v -48.000000 23.999985 96.000008
v -48.000000 24.000000 0.000004
v -32.000000 24.000008 -47.999996
v -48.000000 24.000008 -47.999996
v -32.000000 24.000008 -42.999996
v -48.000000 24.000008 -42.999996
v -32.000000 24.000006 -37.999996
v -48.000000 24.000006 -37.999996
v -38.000000 23.999981 112.000008
v -38.000000 23.999985 96.000008
v -43.000000 23.999981 112.000008
v -43.000000 23.999985 96.000008
v -48.000000 23.999981 112.000008
v -48.000000 23.999985 96.000008
v -58.000000 24.000027 -160.000000
v -58.000000 24.000010 -63.999996
v -53.000000 24.000027 -160.000000
v -53.000000 24.000010 -63.999996
v -48.000000 24.000027 -160.000000
v -48.000000 24.000010 -63.999996
v -70.000000 24.000008 -47.999996
v -70.000000 24.000029 -176.000000
v -75.000000 24.000008 -47.999996
v -75.000000 24.000029 -176.000000
v -80.000000 24.000008 -47.999996
v -80.000000 24.000029 -176.000000
v -16.000000 24.000029 -170.000000
v -48.000000 24.000029 -170.000000
v -16.000000 24.000027 -165.000000
v -48.000000 24.000027 -165.000000
v -16.000000 24.000027 -160.000000
v -48.000000 24.000027 -160.000000
v -48.000000 24.000002 -9.999996
v -64.000000 24.000002 -9.999996
v -48.000000 24.000000 -4.999996
v -64.000000 24.000000 -4.999996
v -48.000000 24.000000 0.000004
v -64.000000 24.000000 0.000004
v 6.000000 23.999994 32.000004
v 6.000000 23.999985 96.000008
v 11.000000 23.999994 32.000004
v 11.000000 23.999985 96.000008
v 16.000000 23.999994 32.000004
v 16.000000 23.999985 96.000008
v -6.000000 23.999977 144.000000
v -6.000000 23.999979 128.000000
v -11.000000 23.999977 144.000000
v -11.000000 23.999979 128.000000
v -16.000000 23.999977 144.000000
v -16.000000 23.999979 128.000000
v -64.000000 24.000031 -182.000000
v -48.000000 24.000031 -182.000000
v -64.000000 24.000031 -187.000000
v -48.000000 24.000031 -187.000000
v -64.000000 24.000031 -192.000000
v -48.000000 24.000031 -192.000000
v -38.000000 24.000031 -192.000000
v -38.000000 24.000042 -256.000000
v -43.000000 24.000031 -192.000000
v -43.000000 24.000042 -256.000000
v -48.000000 24.000031 -192.000000
v -48.000000 24.000042 -256.000000
v -80.000000 24.000029 -176.000000
v -75.000000 24.000029 -176.000000
v -80.000000 24.000031 -192.000000
v -64.000000 24.000031 -187.000000
v -64.000000 24.000031 -192.000000
v -32.000000 24.000008 -47.999996
v -32.000000 24.000008 -42.999996
v -16.000000 24.000008 -47.999996
v -21.000000 24.000006 -31.999996
v -16.000000 24.000006 -31.999996
v 160.000000 23.999981 112.000008
v 160.000000 23.999981 117.000008
v 176.000000 23.999981 112.000008
v 171.000000 23.999979 128.000000
v 176.000000 23.999979 128.000000
v -32.000000 23.999979 128.000000
v -32.000000 23.999979 123.000008
v -48.000000 23.999979 128.000000
v -43.000000 23.999981 112.000008
v -48.000000 23.999981 112.000008
v 0.000000 23.999998 16.000004
v 0.000000 23.999996 21.000004
v 16.000000 23.999998 16.000004
v 11.000000 23.999994 32.000004
v 16.000000 23.999994 32.000004
v -64.000000 24.000000 0.000004
v -64.000000 24.000000 -4.999996
v -80.000000 24.000000 0.000004
v -75.000000 24.000002 -15.999996
v -80.000000 24.000002 -15.999996
v 0.000000 23.999973 160.000000
v 0.000000 23.999975 155.000000
v -16.000000 23.999973 160.000000
v -11.000000 23.999977 144.000000
v -16.000000 23.999977 144.000000
v -16.000000 24.000027 -160.000000
v 0.000000 24.000027 -160.000000
v -16.000000 24.000027 -165.000000
v -5.000000 24.000029 -176.000000
v -32.000000 23.999981 118.000008
v -38.000000 23.999981 112.000008
v -43.000000 23.999981 112.000008
v -32.000000 23.999979 123.000008
v -48.000000 24.000000 -4.999996
v -43.000000 24.000000 0.000004
v -38.000000 24.000000 0.000004
v -48.000000 24.000002 -9.999996
v -64.000000 24.000002 -9.999996
v -70.000000 24.000002 -15.999996
v -75.000000 24.000002 -15.999996
v -64.000000 24.000000 -4.999996
v 144.000000 23.999975 155.000000
v 149.000000 23.999973 160.000000
v 154.000000 23.999973 160.000000
v 144.000000 23.999975 150.000000
v 176.000000 23.999962 229.000000
v 171.000000 23.999964 224.000000
v 166.000000 23.999964 224.000000
v 176.000000 23.999962 234.000000
v -70.000000 24.000029 -176.000000
v -64.000000 24.000031 -182.000000
v -64.000000 24.000031 -187.000000
v -75.000000 24.000029 -176.000000
v 160.000000 23.999981 122.000008
v 166.000000 23.999979 128.000000
v 171.000000 23.999979 128.000000
v 160.000000 23.999981 117.000008
v -43.000000 24.000031 -192.000000
v -48.000000 24.000031 -187.000000
v -48.000000 24.000031 -182.000000
v -38.000000 24.000031 -192.000000
v 0.000000 23.999975 150.000000
v -6.000000 23.999977 144.000000
v -11.000000 23.999977 144.000000
v 0.000000 23.999975 155.000000
v 0.000000 23.999996 26.000004
v 6.000000 23.999994 32.000004
v 11.000000 23.999994 32.000004
v 0.000000 23.999996 21.000004
v -32.000000 24.000006 -37.999996
v -26.000000 24.000006 -31.999996
v -21.000000 24.000006 -31.999996
v -32.000000 24.000008 -42.999996
v -16.000000 23.999996 21.000004
v -21.000000 23.999998 16.000004
v -26.000000 23.999998 16.000004
v -16.000000 23.999996 26.000004
v -64.000000 22.000002 -15.999996
v -64.000000 21.999981 112.000000
v 32.000000 21.999981 112.000000
v 32.000000 22.000002 -15.999996
v 16.000000 23.999981 117.000008
v 11.000000 23.999981 112.000008
v 6.000000 23.999981 112.000008
v 16.000000 23.999981 122.000008
v -53.000000 24.000027 -160.000000
v -48.000000 24.000027 -165.000000
v -48.000000 24.000029 -170.000000
v -58.000000 24.000027 -160.000000
v -10.000000 24.000029 -176.000000
v -16.000000 24.000029 -170.000000
v -16.000000 24.000027 -165.000000
v -5.000000 24.000029 -176.000000
v -48.000000 24.000008 -42.999996
v -53.000000 24.000008 -47.999996
v -58.000000 24.000008 -47.999996
v -48.000000 24.000006 -37.999996
v -16.000000 23.999979 123.000008
v -11.000000 23.999979 128.000000
v -6.000000 23.999979 128.000000
v -16.000000 23.999981 118.000008
v -48.000000 24.000000 0.000004
v -43.000000 24.000000 0.000004
v -48.000000 24.000000 -4.999996
v 16.000000 23.999981 112.000008
v 11.000000 23.999981 112.000008
v 16.000000 23.999981 117.000008
v -48.000000 24.000008 -47.999996
v -53.000000 24.000008 -47.999996
v -48.000000 24.000008 -42.999996
v -48.000000 24.000027 -160.000000
v -48.000000 24.000027 -165.000000
v -53.000000 24.000027 -160.000000
v 176.000000 23.999964 224.000000
v 171.000000 23.999964 224.000000
v 176.000000 23.999962 229.000000
v -5.000000 24.000029 -176.000000
v 0.000000 24.000027 -160.000000
v 0.000000 24.000029 -176.000000
v -48.000000 24.000031 -192.000000
v -48.000000 24.000031 -187.000000
v -43.000000 24.000031 -192.000000
v -16.000000 23.999998 16.000004
v -21.000000 23.999998 16.000004
v -16.000000 23.999996 21.000004
v 144.000000 23.999973 160.000000
v 149.000000 23.999973 160.000000
v 144.000000 23.999975 155.000000
v -16.000000 23.999979 128.000000
v -11.000000 23.999979 128.000000
v -16.000000 23.999979 123.000008
v -256.000000 32.000019 -127.999992
v -256.000000 32.000015 -95.999992
v -252.625015 33.578144 -127.999992
v -252.625015 33.578140 -95.999992
v -245.281235 47.953144 -127.999992
v -245.281235 47.953140 -95.999992
v -240.000000 48.000019 -127.999992
v -240.000000 48.000015 -95.999992
v -240.000000 48.000004 -15.999992
v -240.000000 48.000008 -47.999992
v -245.281235 47.953129 -15.999992
v -245.281235 47.953133 -47.999992
v -252.625015 33.578129 -15.999994
v -252.625015 33.578133 -47.999996
v -256.000000 32.000004 -15.999995
v -256.000000 32.000008 -47.999996
v 64.000000 64.000031 -207.999985
v 32.000000 64.000031 -207.999985
v 64.000000 63.953159 -202.718735
v 32.000000 63.953159 -202.718735
v 64.000000 49.578156 -195.375000
v 32.000000 49.578156 -195.375000
v 64.000000 48.000031 -191.999985
v 32.000000 48.000031 -191.999985
v 19.375000 49.578159 -207.999985
v 16.000000 48.000034 -207.999985
v 20.000000 49.578159 -200.999985
v 17.000000 48.000031 -197.999985
v 24.000000 49.578156 -195.999985
v 21.000000 48.000031 -192.999985
v 32.000000 49.578156 -195.375000
v 32.000000 48.000031 -191.999985
v -192.000000 49.578148 -147.374985
v -192.000000 48.000023 -143.999985
v -185.000000 49.578148 -147.999985
v -182.000000 48.000023 -144.999985
v -180.000000 49.578148 -151.999985
v -177.000000 48.000023 -148.999985
v -179.375015 49.578152 -159.999985
v -176.000000 48.000027 -159.999985
v -163.375015 49.578121 16.000008
v -160.000000 47.999996 16.000008
v -164.000000 49.578125 9.000008
v -161.000000 48.000000 6.000008
v -168.000000 49.578125 4.000008
v -165.000000 48.000000 1.000008
v -176.000000 49.578125 3.375008
v -176.000000 48.000000 0.000008
v 140.625000 33.578083 256.000000
v 140.625000 33.578094 192.000000
v 133.281250 47.953083 256.000000
v 133.281250 47.953094 192.000015
v 128.000000 47.999958 256.000000
v 128.000000 47.999969 192.000015
v 140.625000 33.578094 192.000000
v 140.625000 33.578094 176.000000
v 133.281250 47.953094 192.000015
v 133.281250 47.953094 176.000015
v 128.000000 47.999969 192.000015
v 128.000000 47.999969 176.000015
v 48.000000 47.999985 96.000008
v 32.000000 47.999985 96.000008
v 48.000000 47.953110 101.281258
v 32.000000 47.953110 101.281258
v 48.000000 33.578106 108.625015
v 32.000000 33.578106 108.625015
v 48.000000 33.578106 108.625015
v 176.000000 33.578106 108.625015
v 48.000000 47.953110 101.281258
v 176.000000 47.953110 101.281258
v 48.000000 47.999985 96.000008
v 176.000000 47.999985 96.000008
v 128.000000 33.578098 163.375015
v 0.000000 33.578098 163.375015
v 128.000000 47.953098 170.718765
v 0.000000 47.953098 170.718765
v 128.000000 47.999969 176.000015
v 0.000000 47.999969 176.000015
v 0.000000 33.578098 163.375015
v -16.000000 33.578098 163.375015
v 0.000000 47.953098 170.718765
v -16.000000 47.953098 170.718765
v 0.000000 47.999969 176.000015
v -16.000000 47.999969 176.000015
v -19.375000 33.578098 160.000000
v -19.375000 33.578102 144.000000
v -26.718750 47.953098 160.000015
v -26.718750 47.953102 144.000015
v -32.000000 47.999973 160.000015
v -32.000000 47.999977 144.000015
v 19.375000 33.578114 80.000008
v 19.375000 33.578110 96.000008
v 26.718750 47.953114 80.000008
v 26.718750 47.953110 96.000008
v 32.000000 47.999989 80.000008
v 32.000000 47.999985 96.000008
v -32.000000 33.578102 131.375000
v -48.000000 33.578102 131.375000
v -32.000000 47.953102 138.718765
v -48.000000 47.953102 138.718765
v -32.000000 47.999977 144.000015
v -48.000000 47.999977 144.000015
v -44.625004 33.578136 -79.999992
v -44.625004 33.578136 -63.999996
v -37.281250 47.953136 -79.999992
v -37.281250 47.953136 -63.999992
v -32.000000 48.000011 -79.999992
v -32.000000 48.000011 -63.999992
v -51.375004 33.578106 128.000000
v -51.375004 33.578106 112.000008
v -58.718750 47.953106 128.000015
v -58.718750 47.953106 112.000008
v -64.000000 47.999981 128.000015
v -64.000000 47.999981 112.000008
v 19.375000 49.578167 -255.999985
v 19.375000 49.578159 -207.999985
v 26.718750 63.953167 -255.999985
v 26.718750 63.953159 -207.999985
v 32.000000 64.000038 -255.999985
v 32.000000 64.000031 -207.999985
v -64.000000 33.578125 3.375006
v -80.000000 33.578125 3.375006
v -64.000000 47.953125 10.718758
v -80.000000 47.953125 10.718758
v -64.000000 47.999996 16.000008
v -80.000000 47.999996 16.000008
v -44.625004 33.578148 -144.000000
v -44.625004 33.578136 -79.999992
v -37.281250 47.953148 -143.999985
v -37.281250 47.953136 -79.999992
v -32.000000 48.000023 -143.999985
v -32.000000 48.000011 -79.999992
v -83.375008 33.578136 -63.999996
v -83.375008 33.578156 -192.000000
v -90.718750 47.953136 -63.999992
v -90.718750 47.953156 -191.999985
v -96.000000 48.000011 -63.999992
v -96.000000 48.000031 -191.999985
v -83.375008 33.578125 0.000005
v -83.375008 33.578136 -63.999996
v -90.718750 47.953125 0.000008
v -90.718750 47.953136 -63.999992
v -96.000000 48.000000 0.000008
v -96.000000 48.000011 -63.999992
v 0.000000 33.578152 -156.625000
v -32.000000 33.578152 -156.625000
v 0.000000 47.953148 -149.281235
v -32.000000 47.953148 -149.281235
v 0.000000 48.000023 -143.999985
v -32.000000 48.000023 -143.999985
v 3.375000 33.578156 -192.000000
v 3.375000 33.578152 -160.000000
v 10.718750 47.953156 -191.999985
v 10.718750 47.953152 -159.999985
v 16.000000 48.000031 -191.999985
v 16.000000 48.000027 -159.999985
v -12.625001 33.578133 -47.999996
v -12.625001 33.578125 0.000005
v -5.281250 47.953133 -47.999992
v -5.281250 47.953125 0.000008
v 0.000000 48.000008 -47.999992
v 0.000000 48.000000 0.000008
v 19.375000 33.578121 16.000006
v 19.375000 33.578114 80.000008
v 26.718750 47.953121 16.000008
v 26.718750 47.953114 80.000008
v 32.000000 47.999996 16.000008
v 32.000000 47.999989 80.000008
v 0.000000 33.578121 12.625007
v 16.000000 33.578121 12.625007
v 0.000000 47.953125 5.281258
v 16.000000 47.953125 5.281258
v 0.000000 48.000000 0.000008
v 16.000000 48.000000 0.000008
v -51.375004 33.578106 112.000008
v -51.375004 33.578121 16.000006
v -58.718750 47.953106 112.000008
v -58.718750 47.953121 16.000008
v -64.000000 47.999981 112.000008
v -64.000000 47.999996 16.000008
v -32.000000 33.578133 -51.375000
v -16.000000 33.578133 -51.375000
v -32.000000 47.953136 -58.718742
v -16.000000 47.953136 -58.718742
v -32.000000 48.000011 -63.999992
v -16.000000 48.000011 -63.999992
v -80.000000 33.578156 -195.375015
v -64.000000 33.578156 -195.375015
v -80.000000 47.953159 -202.718735
v -64.000000 47.953159 -202.718735
v -80.000000 48.000034 -207.999985
v -64.000000 48.000034 -207.999985
v -51.375004 33.578159 -208.000000
v -51.375004 33.578167 -256.000000
v -58.718750 47.953159 -207.999985
v -58.718750 47.953167 -255.999985
v -64.000000 48.000034 -207.999985
v -64.000000 48.000042 -255.999985
v 19.375000 33.578110 96.000008
v 20.000000 33.578110 103.000008
v 26.718750 47.953110 96.000008
v 24.000000 33.578106 108.000008
v 32.000000 47.953110 101.281258
v 32.000000 33.578106 108.625015
v 140.625000 33.578094 176.000000
v 140.000000 33.578098 169.000000
v 133.281250 47.953094 176.000015
v 136.000000 33.578098 164.000000
v 128.000000 47.953098 170.718765
v 128.000000 33.578098 163.375015
v 19.375000 49.578159 -207.999985
v 20.000000 49.578159 -200.999985
v 26.718750 63.953159 -207.999985
v 24.000000 49.578156 -195.999985
v 32.000000 63.953159 -202.718735
v 32.000000 49.578156 -195.375000
v -19.375000 33.578102 144.000000
v -20.000000 33.578102 137.000000
v -26.718750 47.953102 144.000015
v -24.000000 33.578102 132.000000
v -32.000000 47.953102 138.718765
v -32.000000 33.578102 131.375000
v -64.000000 33.578156 -195.375015
v -57.000000 33.578156 -196.000000
v -64.000000 47.953159 -202.718735
v -52.000000 33.578159 -200.000000
v -58.718750 47.953159 -207.999985
v -51.375004 33.578159 -208.000000
v -12.625001 33.578125 0.000005
v -12.000000 33.578125 7.000005
v -5.281250 47.953125 0.000008
v -8.000000 33.578121 12.000006
v 0.000000 47.953125 5.281258
v 0.000000 33.578121 12.625007
v -51.375004 33.578121 16.000006
v -52.000000 33.578125 9.000006
v -58.718750 47.953121 16.000008
v -56.000000 33.578125 4.000005
v -64.000000 47.953125 10.718758
v -64.000000 33.578125 3.375006
v -44.625004 33.578136 -63.999996
v -44.000000 33.578133 -56.999996
v -37.281250 47.953136 -63.999992
v -40.000000 33.578133 -51.999996
v -32.000000 47.953136 -58.718742
v -32.000000 33.578133 -51.375000
v -32.000000 33.578152 -156.625000
v -39.000000 33.578152 -156.000000
v -32.000000 47.953148 -149.281235
v -44.000000 33.578148 -152.000000
v -37.281250 47.953148 -143.999985
v -44.625004 33.578148 -144.000000
v 117.000000 64.000031 -208.999985
v 120.000000 65.578163 -211.999985
v 115.000000 64.000038 -211.499985
v 116.000000 65.578163 -216.999985
v 113.000000 64.000038 -213.999985
v 21.000000 48.000031 -192.999985
v 17.000000 48.000031 -197.999985
v 16.000000 48.000031 -191.999985
v 16.000000 48.000034 -207.999985
v -176.000000 48.000000 0.000008
v -240.000000 48.000000 0.000008
v -240.000000 49.578125 3.375008
v -176.000000 49.578125 3.375008
v -176.000000 48.000027 -159.999985
v -176.000000 48.000042 -255.999985
v -179.375015 49.578167 -255.999985
v -179.375015 49.578152 -159.999985
v -240.000000 48.000023 -143.999985
v -192.000000 48.000023 -143.999985
v -192.000000 49.578148 -147.374985
v -240.000000 49.578148 -147.374985
v -96.000000 48.000000 0.000008
v -96.000000 47.999996 16.000008
v -90.718750 47.953125 10.718758
v -90.718750 47.953125 0.000008
v -96.000000 47.999996 16.000008
v -80.000000 47.999996 16.000008
v -80.000000 47.953125 10.718758
v -90.718750 47.953125 10.718758
v 0.000000 48.000008 -47.999992
v 0.000000 48.000011 -63.999992
v -5.281250 47.953136 -58.718742
v -5.281250 47.953133 -47.999992
v 0.000000 48.000011 -63.999992
v -16.000000 48.000011 -63.999992
v -16.000000 47.953136 -58.718742
v -5.281250 47.953136 -58.718742
v 112.000000 48.000031 -191.999985
v 128.000000 48.000031 -191.999985
v 128.000000 49.578156 -195.375000
v 112.000000 49.578156 -195.375000
v 128.000000 48.000031 -191.999985
v 192.000000 48.000031 -191.999985
v 192.000000 49.578156 -195.375000
v 128.000000 49.578156 -195.375000
v 192.000000 48.000031 -191.999985
v 192.000000 48.000027 -159.999985
v 195.375015 49.578152 -159.999985
v 195.375015 49.578156 -191.999985
v 192.000000 48.000027 -159.999985
v 192.000000 48.000004 -31.999992
v 195.375015 49.578129 -31.999992
v 195.375015 49.578152 -159.999985
v 0.000000 48.000023 -143.999985
v 16.000000 48.000023 -143.999985
v 10.718750 47.953148 -149.281235
v 0.000000 47.953148 -149.281235
v 16.000000 48.000023 -143.999985
v 16.000000 48.000027 -159.999985
v 10.718750 47.953152 -159.999985
v 10.718750 47.953148 -149.281235
v -80.000000 48.000034 -207.999985
v -96.000000 48.000034 -207.999985
v -90.718750 47.953159 -202.718735
v -80.000000 47.953159 -202.718735
v -96.000000 48.000034 -207.999985
v -96.000000 48.000031 -191.999985
v -90.718750 47.953156 -191.999985
v -90.718750 47.953159 -202.718735
v 192.000000 47.999985 96.000008
v 176.000000 47.999985 96.000008
v 176.000000 47.953110 101.281258
v 186.718750 47.953110 101.281258
v 192.000000 48.000004 -31.999992
v 192.000000 47.999985 96.000008
v 195.375015 49.578110 96.000008
v 195.375015 49.578129 -31.999992
v -240.000000 48.000019 -127.999992
v -240.000000 48.000023 -143.999985
v -245.281235 47.953148 -138.718735
v -245.281235 47.953144 -127.999992
v -240.000000 48.000000 0.000008
v -240.000000 48.000004 -15.999992
v -245.281235 47.953129 -15.999992
v -245.281235 47.953125 -5.281242
v -32.000000 47.999973 160.000015
v -32.000000 47.999969 176.000015
v -26.718750 47.953098 170.718765
v -26.718750 47.953098 160.000015
v -32.000000 47.999969 176.000015
v -16.000000 47.999969 176.000015
v -16.000000 47.953098 170.718765
v -26.718750 47.953098 170.718765
v 128.000000 64.000031 -207.999985
v 128.000000 65.578163 -211.375000
v 120.000000 65.578163 -211.999985
v 117.000000 64.000031 -208.999985
v -64.000000 47.999981 128.000015
v -64.000000 47.999977 144.000015
v -58.718750 47.953102 138.718765
v -58.718750 47.953106 128.000015
v -64.000000 47.999977 144.000015
v -48.000000 47.999977 144.000015
v -48.000000 47.953102 138.718765
v -58.718750 47.953102 138.718765
v 112.000000 64.000038 -255.999985
v 112.000000 64.000038 -223.999985
v 115.375008 65.578163 -223.999985
v 115.375008 65.578163 -255.999985
v -160.000000 47.999958 256.000000
v -160.000000 47.999981 128.000015
v -163.375015 49.578106 128.000015
v -163.375015 49.578083 256.000000
v -160.000000 47.999996 32.000008
v -160.000000 47.999996 16.000008
v -163.375015 49.578121 16.000008
v -163.375015 49.578121 32.000008
v -160.000000 47.999981 128.000015
v -160.000000 47.999996 32.000008
v -163.375015 49.578121 32.000008
v -163.375015 49.578106 128.000015
v 32.000000 47.999996 16.000008
v 32.000000 48.000000 0.000008
v 26.718750 47.953125 5.281258
v 26.718750 47.953121 16.000008
v 32.000000 48.000000 0.000008
v 16.000000 48.000000 0.000008
v 16.000000 47.953125 5.281258
v 26.718750 47.953125 5.281258
v 113.000000 64.000038 -213.999985
v 116.000000 65.578163 -216.999985
v 115.375008 65.578163 -223.999985
v 112.000000 64.000038 -223.999985
v 0.000000 47.953125 5.281258
v 0.000000 48.000000 0.000008
v -5.281250 47.953125 0.000008
v -32.000000 47.953102 138.718765
v -32.000000 47.999977 144.000015
v -26.718750 47.953102 144.000015
v -64.000000 47.953125 10.718758
v -64.000000 47.999996 16.000008
v -58.718750 47.953121 16.000008
v 128.000000 47.953098 170.718765
v 128.000000 47.999969 176.000015
v 133.281250 47.953094 176.000015
v -32.000000 47.953136 -58.718742
v -32.000000 48.000011 -63.999992
v -37.281250 47.953136 -63.999992
v 32.000000 47.953110 101.281258
v 32.000000 47.999985 96.000008
v 26.718750 47.953110 96.000008
v -37.281250 47.953148 -143.999985
v -32.000000 48.000023 -143.999985
v -32.000000 47.953148 -149.281235
v 32.000000 63.953159 -202.718735
v 32.000000 64.000031 -207.999985
v 26.718750 63.953159 -207.999985
v -58.718750 47.953159 -207.999985
v -64.000000 48.000034 -207.999985
v -64.000000 47.953159 -202.718735
v 144.000000 50.031277 -163.578110
v 80.000000 50.031277 -163.578110
v 144.000000 49.718777 -160.249985
v 80.000000 49.718777 -160.249985
v 144.000000 47.421902 -158.234360
v 80.000000 47.421902 -158.234360
v 144.000000 41.687527 -157.406250
v 80.000000 41.687527 -157.406250
v 144.000000 40.375031 -155.312500
v 80.000000 40.375031 -155.312500
v 60.421875 50.031273 -143.999985
v 60.421875 50.031265 -87.999992
v 63.750000 49.718773 -143.999985
v 63.750000 49.718765 -87.999992
v 65.765625 47.421898 -143.999985
v 65.765625 47.421890 -87.999992
v 66.593750 41.687523 -144.000000
v 66.593750 41.687515 -87.999992
v 68.687500 40.375027 -144.000000
v 68.687500 40.375019 -87.999992
v -51.578125 34.031246 16.000006
v -51.578125 34.031231 112.000008
v -48.250000 33.718746 16.000006
v -48.250000 33.718731 112.000008
v -46.234375 31.421873 16.000006
v -46.234375 31.421856 112.000008
v -45.406250 25.687498 16.000004
v -45.406250 25.687481 112.000008
v -43.312500 24.375000 16.000004
v -43.312500 24.374983 112.000008
v 68.625000 50.031261 -68.421867
v 80.000000 50.031261 -68.421867
v 68.625000 49.718761 -71.749992
v 80.000000 49.718761 -71.749992
v 68.625000 47.421886 -73.765617
v 80.000000 47.421886 -73.765617
v 68.625000 41.687511 -74.593742
v 80.000000 41.687511 -74.593742
v 68.703125 40.375015 -76.687492
v 80.000000 40.375015 -76.687492
v 80.000000 50.031277 -163.578110
v 68.671875 50.031277 -163.578110
v 80.000000 49.718777 -160.249985
v 68.671875 49.718777 -160.249985
v 80.000000 47.421902 -158.234360
v 68.671875 47.421902 -158.234360
v 80.000000 41.687527 -157.406250
v 68.671875 41.687527 -157.406250
v 80.000000 40.375031 -155.312500
v 68.687500 40.375031 -155.296875
v 60.421875 50.031277 -155.374985
v 60.421875 50.031273 -143.999985
v 63.750000 49.718777 -155.374985
v 63.750000 49.718773 -143.999985
v 65.765625 47.421902 -155.374985
v 65.765625 47.421898 -143.999985
v 66.593750 41.687527 -155.375000
v 66.593750 41.687523 -144.000000
v 68.687500 40.375031 -155.296875
v 68.687500 40.375027 -144.000000
v 3.578125 34.031281 -176.000000
v 3.578125 34.031281 -192.000000
v 0.250000 33.718781 -176.000000
v 0.250000 33.718781 -192.000000
v -1.765625 31.421904 -176.000000
v -1.765625 31.421906 -192.000000
v -2.593750 25.687529 -176.000000
v -2.593750 25.687531 -192.000000
v -4.687500 24.375031 -176.000000
v -4.687500 24.375032 -192.000000
v 3.578125 34.031281 -192.000000
v 3.578125 34.031292 -256.000000
v 0.250000 33.718781 -192.000000
v 0.250000 33.718792 -256.000000
v -1.765625 31.421906 -192.000000
v -1.765625 31.421917 -256.000000
v -2.593750 25.687531 -192.000000
v -2.593750 25.687542 -256.000000
v -4.687500 24.375032 -192.000000
v -4.687500 24.375044 -256.000000
v -32.000000 34.031277 -156.421875
v -16.000000 34.031277 -156.421875
v -32.000000 33.718777 -159.750000
v -16.000000 33.718777 -159.750000
v -32.000000 31.421902 -161.765625
v -16.000000 31.421902 -161.765625
v -32.000000 25.687527 -162.593750
v -16.000000 25.687527 -162.593750
v -32.000000 24.375029 -164.687500
v -16.000000 24.375029 -164.687500
v -44.421875 34.031261 -79.999992
v -44.421875 34.031273 -144.000000
v -47.750000 33.718761 -79.999992
v -47.750000 33.718773 -144.000000
v -49.765625 31.421888 -79.999992
v -49.765625 31.421898 -144.000000
v -50.593750 25.687513 -79.999992
v -50.593750 25.687523 -144.000000
v -52.687500 24.375015 -79.999992
v -52.687500 24.375025 -144.000000
v -44.421875 34.031261 -63.999996
v -44.421875 34.031261 -79.999992
v -47.750000 33.718761 -63.999996
v -47.750000 33.718761 -79.999992
v -49.765625 31.421885 -63.999996
v -49.765625 31.421888 -79.999992
v -50.593750 25.687510 -63.999996
v -50.593750 25.687513 -79.999992
v -52.687500 24.375011 -63.999996
v -52.687500 24.375015 -79.999992
v 80.000000 50.031261 -68.421867
v 144.000000 50.031261 -68.421867
v 80.000000 49.718761 -71.749992
v 144.000000 49.718761 -71.749992
v 80.000000 47.421886 -73.765617
v 144.000000 47.421886 -73.765617
v 80.000000 41.687511 -74.593742
v 144.000000 41.687511 -74.593742
v 80.000000 40.375015 -76.687492
v 144.000000 40.375015 -76.687492
v 0.000000 34.031223 163.578125
v 128.000000 34.031223 163.578125
v 0.000000 33.718723 160.250000
v 128.000000 33.718723 160.250000
v 0.000000 31.421848 158.234375
v 128.000000 31.421848 158.234375
v 0.000000 25.687475 157.406250
v 128.000000 25.687475 157.406250
v 0.000000 24.374977 155.312500
v 128.000000 24.374977 155.312500
v -16.000000 34.031277 -156.421875
v -4.671875 34.031277 -156.421875
v -16.000000 33.718777 -159.750000
v -4.671875 33.718777 -159.750000
v -16.000000 31.421902 -161.765625
v -4.671875 31.421902 -161.765625
v -16.000000 25.687527 -162.593750
v -4.671875 25.687527 -162.593750
v -16.000000 24.375029 -164.687500
v -4.687500 24.375029 -164.703125
v 3.578125 34.031277 -164.625015
v 3.578125 34.031281 -176.000000
v 0.250000 33.718777 -164.625015
v 0.250000 33.718781 -176.000000
v -1.765625 31.421902 -164.625015
v -1.765625 31.421904 -176.000000
v -2.593750 25.687527 -164.625015
v -2.593750 25.687529 -176.000000
v -4.687500 24.375029 -164.703125
v -4.687500 24.375031 -176.000000
v 155.375000 50.031277 -163.578110
v 144.000000 50.031277 -163.578110
v 155.375000 49.718777 -160.249985
v 144.000000 49.718777 -160.249985
v 155.375000 47.421902 -158.234360
v 144.000000 47.421902 -158.234360
v 155.375000 41.687527 -157.406250
v 144.000000 41.687527 -157.406250
v 155.296875 40.375031 -155.312500
v 144.000000 40.375031 -155.312500
v -83.578125 34.031258 -47.999996
v -83.578125 34.031254 -15.999994
v -80.250000 33.718758 -47.999996
v -80.250000 33.718754 -15.999994
v -78.234375 31.421883 -47.999996
v -78.234375 31.421877 -15.999995
v -77.406250 25.687508 -47.999996
v -77.406250 25.687502 -15.999996
v -75.312500 24.375010 -47.999996
v -75.312500 24.375004 -15.999996
v -83.578125 34.031281 -176.000000
v -83.578125 34.031258 -47.999996
v -80.250000 33.718781 -176.000000
v -80.250000 33.718758 -47.999996
v -78.234375 31.421904 -176.000000
v -78.234375 31.421883 -47.999996
v -77.406250 25.687529 -176.000000
v -77.406250 25.687508 -47.999996
v -75.312500 24.375031 -176.000000
v -75.312500 24.375010 -47.999996
v 163.578125 50.031265 -87.999992
v 163.578125 50.031273 -143.999985
v 160.250000 49.718765 -87.999992
v 160.250000 49.718773 -143.999985
v 158.234375 47.421890 -87.999992
v 158.234375 47.421898 -143.999985
v 157.406250 41.687515 -87.999992
v 157.406250 41.687523 -144.000000
v 155.312500 40.375019 -87.999992
v 155.312500 40.375027 -144.000000
v -19.578123 34.031227 144.000000
v -19.578123 34.031223 155.328125
v -16.250000 33.718727 144.000000
v -16.250000 33.718723 155.328125
v -14.234375 31.421852 144.000000
v -14.234375 31.421850 155.328125
v -13.406250 25.687477 144.000000
v -13.406250 25.687475 155.328125
v -11.312500 24.374979 144.000000
v -11.296875 24.374977 155.312500
v -12.421875 34.031254 -31.999994
v -12.421875 34.031258 -43.328121
v -15.750000 33.718754 -31.999994
v -15.750000 33.718758 -43.328121
v -17.765623 31.421881 -31.999994
v -17.765623 31.421883 -43.328121
v -18.593750 25.687506 -31.999996
v -18.593750 25.687508 -43.328121
v -20.687500 24.375008 -31.999996
v -20.703123 24.375010 -43.312496
v -20.625002 34.031258 -51.578121
v -32.000000 34.031258 -51.578121
v -20.625002 33.718758 -48.249996
v -32.000000 33.718758 -48.249996
v -20.625002 31.421883 -46.234371
v -32.000000 31.421883 -46.234371
v -20.625002 25.687508 -45.406246
v -32.000000 25.687508 -45.406246
v -20.703123 24.375010 -43.312496
v -32.000000 24.375010 -43.312496
v -11.375001 34.031223 163.578125
v 0.000000 34.031223 163.578125
v -11.375001 33.718723 160.250000
v 0.000000 33.718723 160.250000
v -11.375001 31.421848 158.234375
v 0.000000 31.421848 158.234375
v -11.375001 25.687475 157.406250
v 0.000000 25.687475 157.406250
v -11.296875 24.374977 155.312500
v 0.000000 24.374977 155.312500
v 140.421875 34.031219 192.000000
v 140.421875 34.031208 256.000000
v 143.750000 33.718719 192.000000
v 143.750000 33.718708 256.000000
v 145.765625 31.421844 192.000000
v 145.765625 31.421833 256.000000
v 146.593750 25.687469 192.000000
v 146.593750 25.687458 256.000000
v 148.687500 24.374971 192.000000
v 148.687500 24.374960 256.000000
v 144.000000 50.031261 -68.421867
v 155.328125 50.031261 -68.421867
v 144.000000 49.718761 -71.749992
v 155.328125 49.718761 -71.749992
v 144.000000 47.421886 -73.765617
v 155.328125 47.421886 -73.765617
v 144.000000 41.687511 -74.593742
v 155.328125 41.687511 -74.593742
v 144.000000 40.375015 -76.687492
v 155.312500 40.375015 -76.703117
v -64.000000 34.031281 -195.578110
v -75.328125 34.031281 -195.578110
v -64.000000 33.718781 -192.250000
v -75.328125 33.718781 -192.250000
v -64.000000 31.421906 -190.234375
v -75.328125 31.421906 -190.234375
v -64.000000 25.687531 -189.406235
v -75.328125 25.687531 -189.406235
v -64.000000 24.375032 -187.312500
v -75.312500 24.375032 -187.296875
v 163.578125 50.031261 -76.624992
v 163.578125 50.031265 -87.999992
v 160.250000 49.718761 -76.624992
v 160.250000 49.718765 -87.999992
v 158.234375 47.421886 -76.624992
v 158.234375 47.421890 -87.999992
v 157.406250 41.687511 -76.624992
v 157.406250 41.687515 -87.999992
v 155.312500 40.375015 -76.703117
v 155.312500 40.375019 -87.999992
v 11.375001 34.031246 12.421881
v 0.000000 34.031246 12.421881
v 11.375001 33.718746 15.750006
v 0.000000 33.718746 15.750006
v 11.375001 31.421871 17.765629
v 0.000000 31.421871 17.765629
v 11.375001 25.687496 18.593754
v 0.000000 25.687496 18.593754
v 11.296875 24.374998 20.687504
v 0.000000 24.374998 20.687504
v 19.578123 34.031235 96.000008
v 19.578123 34.031246 32.000004
v 16.250000 33.718735 96.000008
v 16.250000 33.718746 32.000004
v 14.234375 31.421860 96.000008
v 14.234375 31.421869 32.000004
v 13.406250 25.687485 96.000008
v 13.406250 25.687494 32.000004
v 11.312500 24.374987 96.000008
v 11.312500 24.374996 32.000004
v 179.578110 34.031219 192.000000
v 179.578110 34.031231 128.000000
v 176.250000 33.718719 192.000000
v 176.250000 33.718731 128.000000
v 174.234375 31.421844 192.000000
v 174.234375 31.421854 128.000000
v 173.406235 25.687469 192.000000
v 173.406235 25.687479 128.000000
v 171.312500 24.374971 192.000000
v 171.312500 24.374981 128.000000
v -51.578125 34.031231 112.000008
v -51.578125 34.031231 123.328133
v -48.250000 33.718731 112.000008
v -48.250000 33.718731 123.328133
v -46.234375 31.421856 112.000008
v -46.234375 31.421854 123.328133
v -45.406250 25.687481 112.000008
v -45.406250 25.687479 123.328133
v -43.312500 24.374983 112.000008
v -43.296875 24.374981 123.312508
v -43.375004 34.031227 131.578125
v -32.000000 34.031227 131.578125
v -43.375004 33.718731 128.250000
v -32.000000 33.718731 128.250000
v -43.375004 31.421854 126.234383
v -32.000000 31.421854 126.234383
v -43.375004 25.687479 125.406258
v -32.000000 25.687479 125.406258
v -43.296875 24.374981 123.312508
v -32.000000 24.374981 123.312508
v 140.421875 34.031219 176.000000
v 140.421875 34.031219 192.000000
v 143.750000 33.718719 176.000000
v 143.750000 33.718719 192.000000
v 145.765625 31.421846 176.000000
v 145.765625 31.421844 192.000000
v 146.593750 25.687471 176.000000
v 146.593750 25.687469 192.000000
v 148.687500 24.374973 176.000000
v 148.687500 24.374971 192.000000
v -51.578125 34.031292 -256.000000
v -51.578125 34.031284 -208.000000
v -48.250000 33.718792 -256.000000
v -48.250000 33.718784 -208.000000
v -46.234375 31.421917 -256.000000
v -46.234375 31.421909 -208.000000
v -45.406250 25.687542 -256.000000
v -45.406250 25.687534 -208.000000
v -43.312500 24.375044 -256.000000
v -43.312500 24.375036 -208.000000
v -83.578125 34.031281 -187.375015
v -83.578125 34.031281 -176.000000
v -80.250000 33.718781 -187.375015
v -80.250000 33.718781 -176.000000
v -78.234375 31.421906 -187.375015
v -78.234375 31.421904 -176.000000
v -77.406250 25.687531 -187.375015
v -77.406250 25.687529 -176.000000
v -75.312500 24.375032 -187.296875
v -75.312500 24.375031 -176.000000
v 19.578123 34.031246 32.000004
v 19.578123 34.031246 20.671881
v 16.250000 33.718746 32.000004
v 16.250000 33.718746 20.671881
v 14.234375 31.421869 32.000004
v 14.234375 31.421871 20.671881
v 13.406250 25.687494 32.000004
v 13.406250 25.687496 20.671879
v 11.312500 24.374996 32.000004
v 11.296875 24.374998 20.687504
v 60.421875 50.031265 -87.999992
v 60.421875 50.031261 -76.671867
v 63.750000 49.718765 -87.999992
v 63.750000 49.718761 -76.671867
v 65.765625 47.421890 -87.999992
v 65.765625 47.421886 -76.671867
v 66.593750 41.687515 -87.999992
v 66.593750 41.687511 -76.671867
v 68.687500 40.375019 -87.999992
v 68.703125 40.375015 -76.687492
v 160.000000 34.031231 108.421883
v 32.000000 34.031231 108.421883
v 160.000000 33.718731 111.750008
v 32.000000 33.718731 111.750008
v 160.000000 31.421856 113.765633
v 32.000000 31.421856 113.765633
v 160.000000 25.687481 114.593758
v 32.000000 25.687481 114.593758
v 160.000000 24.374983 116.687508
v 32.000000 24.374983 116.687508
v -12.421875 34.031250 0.000006
v -12.421875 34.031254 -31.999994
v -15.750000 33.718750 0.000005
v -15.750000 33.718754 -31.999994
v -17.765623 31.421875 0.000005
v -17.765623 31.421881 -31.999994
v -18.593750 25.687500 0.000004
v -18.593750 25.687506 -31.999996
v -20.687500 24.375002 0.000004
v -20.687500 24.375008 -31.999996
v 179.578110 34.031216 208.000000
v 179.578110 34.031219 192.000000
v 176.250000 33.718716 208.000000
v 176.250000 33.718719 192.000000
v 174.234375 31.421841 208.000000
v 174.234375 31.421844 192.000000
v 173.406235 25.687466 208.000000
v 173.406235 25.687469 192.000000
v 171.312500 24.374968 208.000000
v 171.312500 24.374971 192.000000
v 256.000000 34.031216 220.421875
v 192.000000 34.031216 220.421875
v 256.000000 33.718712 223.750000
v 192.000000 33.718712 223.750000
v 256.000000 31.421839 225.765640
v 192.000000 31.421839 225.765640
v 256.000000 25.687464 226.593750
v 192.000000 25.687464 226.593750
v 256.000000 24.374964 228.687500
v 192.000000 24.374964 228.687500
v 163.578125 50.031273 -143.999985
v 163.578125 50.031277 -155.328110
v 160.250000 49.718773 -143.999985
v 160.250000 49.718777 -155.328110
v 158.234375 47.421898 -143.999985
v 158.234375 47.421902 -155.328110
v 157.406250 41.687523 -144.000000
v 157.406250 41.687527 -155.328125
v 155.312500 40.375027 -144.000000
v 155.296875 40.375031 -155.312500
v -83.578125 34.031254 -15.999994
v -83.578125 34.031250 -4.671869
v -80.250000 33.718754 -15.999994
v -80.250000 33.718750 -4.671869
v -78.234375 31.421877 -15.999995
v -78.234375 31.421875 -4.671870
v -77.406250 25.687502 -15.999996
v -77.406250 25.687500 -4.671871
v -75.312500 24.375004 -15.999996
v -75.296875 24.375002 -4.687496
v -75.375000 34.031250 3.578130
v -64.000000 34.031250 3.578130
v -75.375000 33.718750 0.250005
v -64.000000 33.718750 0.250005
v -75.375000 31.421875 -1.765620
v -64.000000 31.421875 -1.765620
v -75.375000 25.687500 -2.593746
v -64.000000 25.687500 -2.593746
v -75.296875 24.375002 -4.687496
v -64.000000 24.375002 -4.687496
v 179.578110 34.031231 128.000000
v 179.578110 34.031231 116.671883
v 176.250000 33.718731 128.000000
v 176.250000 33.718731 116.671883
v 174.234375 31.421854 128.000000
v 174.234375 31.421856 116.671883
v 173.406235 25.687479 128.000000
v 173.406235 25.687481 116.671883
v 171.312500 24.374981 128.000000
v 171.296875 24.374983 116.687508
v 171.375015 34.031231 108.421883
v 160.000000 34.031231 108.421883
v 171.375015 33.718731 111.750008
v 160.000000 33.718731 111.750008
v 171.375015 31.421856 113.765633
v 160.000000 31.421856 113.765633
v 171.375015 25.687481 114.593758
v 160.000000 25.687481 114.593758
v 171.296875 24.374983 116.687508
v 160.000000 24.374983 116.687508
v -43.312500 24.375002 -2.374996
v -45.578125 24.375002 -4.687496
v -45.406250 25.687500 -1.374996
v -46.578125 25.687500 -2.593746
v -46.234375 31.421875 -0.374995
v -47.578125 31.421875 -1.765620
v -48.250000 33.718750 1.625006
v -49.578125 33.718750 0.250005
v -64.000000 33.718750 0.250005
v -49.578125 33.718750 0.250005
v -64.000000 31.421875 -1.765620
v -47.578125 31.421875 -1.765620
v -64.000000 25.687500 -2.593746
v -46.578125 25.687500 -2.593746
v -64.000000 24.375002 -4.687496
v -45.578125 24.375002 -4.687496
v -48.250000 33.718750 1.625006
v -48.250000 33.718746 16.000006
v -46.234375 31.421875 -0.374995
v -46.234375 31.421873 16.000006
v -45.406250 25.687500 -1.374996
v -45.406250 25.687498 16.000004
v -43.312500 24.375002 -2.374996
v -43.312500 24.375000 16.000004
v -50.375004 24.375029 -164.687500
v -52.687500 24.375029 -162.421875
v -49.375004 25.687527 -162.593750
v -50.593750 25.687527 -161.421875
v -48.375004 31.421902 -161.765625
v -49.765625 31.421902 -160.421875
v -46.375004 33.718777 -159.750000
v -47.750000 33.718777 -158.421875
v -47.750000 33.718773 -144.000000
v -47.750000 33.718777 -158.421875
v -49.765625 31.421898 -144.000000
v -49.765625 31.421902 -160.421875
v -50.593750 25.687523 -144.000000
v -50.593750 25.687527 -161.421875
v -52.687500 24.375025 -144.000000
v -52.687500 24.375029 -162.421875
v -46.375004 33.718777 -159.750000
v -32.000000 33.718777 -159.750000
v -48.375004 31.421902 -161.765625
v -32.000000 31.421902 -161.765625
v -49.375004 25.687527 -162.593750
v -32.000000 25.687527 -162.593750
v -50.375004 24.375029 -164.687500
v -32.000000 24.375029 -164.687500
v -45.625004 24.375032 -187.312500
v -43.312500 24.375032 -189.578110
v -46.625004 25.687531 -189.406235
v -45.406250 25.687531 -190.578110
v -47.625004 31.421906 -190.234375
v -46.234375 31.421906 -191.578110
v -49.625004 33.718781 -192.250000
v -48.250000 33.718781 -193.578110
v -52.687500 24.375010 -45.625000
v -50.421875 24.375010 -43.312496
v -50.593750 25.687508 -46.625000
v -49.421875 25.687508 -45.406246
v -49.765625 31.421883 -47.625000
v -48.421875 31.421883 -46.234371
v -47.750000 33.718758 -49.625000
v -46.421875 33.718758 -48.249996
v -32.000000 33.718758 -48.249996
v -46.421875 33.718758 -48.249996
v -32.000000 31.421883 -46.234371
v -48.421875 31.421883 -46.234371
v -32.000000 25.687508 -45.406246
v -49.421875 25.687508 -45.406246
v -32.000000 24.375010 -43.312496
v -50.421875 24.375010 -43.312496
v -47.750000 33.718758 -49.625000
v -47.750000 33.718761 -63.999996
v -49.765625 31.421883 -47.625000
v -49.765625 31.421885 -63.999996
v -50.593750 25.687508 -46.625000
v -50.593750 25.687510 -63.999996
v -52.687500 24.375010 -45.625000
v -52.687500 24.375011 -63.999996
v -20.687500 24.374998 18.375004
v -18.421875 24.374998 20.687504
v -18.593750 25.687498 17.375004
v -17.421877 25.687496 18.593754
v -17.765623 31.421873 16.375006
v -16.421875 31.421871 17.765629
v -15.750000 33.718746 14.375007
v -14.421875 33.718746 15.750006
v 0.000000 33.718746 15.750006
v -14.421875 33.718746 15.750006
v 0.000000 31.421871 17.765629
v -16.421875 31.421871 17.765629
v 0.000000 25.687496 18.593754
v -17.421877 25.687496 18.593754
v 0.000000 24.374998 20.687504
v -18.421875 24.374998 20.687504
v 171.312500 24.374966 226.375015
v 173.578110 24.374964 228.687500
v 173.406235 25.687464 225.375015
v 174.578110 25.687464 226.593750
v 174.234375 31.421839 224.375015
v 175.578110 31.421839 225.765640
v 176.250000 33.718716 222.375015
v 177.578110 33.718712 223.750000
v 192.000000 33.718712 223.750000
v 177.578110 33.718712 223.750000
v 192.000000 31.421839 225.765640
v 175.578110 31.421839 225.765640
v 192.000000 25.687464 226.593750
v 174.578110 25.687464 226.593750
v 192.000000 24.374964 228.687500
v 173.578110 24.374964 228.687500
v 176.250000 33.718716 222.375015
v 176.250000 33.718716 208.000000
v 174.234375 31.421839 224.375015
v 174.234375 31.421841 208.000000
v 173.406235 25.687464 225.375015
v 173.406235 25.687466 208.000000
v 171.312500 24.374966 226.375015
v 171.312500 24.374968 208.000000
v 143.750000 33.718723 161.625015
v 143.750000 33.718719 176.000000
v 145.765625 31.421848 159.625000
v 145.765625 31.421846 176.000000
v 146.593750 25.687473 158.625000
v 146.593750 25.687471 176.000000
v 148.687500 24.374977 157.625000
v 148.687500 24.374973 176.000000
v -11.312500 24.374981 125.625015
v -13.578125 24.374981 123.312508
v -13.406250 25.687479 126.625015
v -14.578125 25.687479 125.406258
v -14.234375 31.421854 127.625015
v -15.578125 31.421854 126.234383
v -16.250000 33.718727 129.625000
v -17.578123 33.718731 128.250000
v 32.000000 33.718731 111.750008
v 17.578123 33.718731 111.750008
v 32.000000 31.421856 113.765633
v 15.578125 31.421856 113.765633
v 32.000000 25.687481 114.593758
v 14.578125 25.687481 114.593758
v 32.000000 24.374983 116.687508
v 13.578125 24.374983 116.687508
v -16.250000 33.718727 129.625000
v -16.250000 33.718727 144.000000
v -14.234375 31.421854 127.625015
v -14.234375 31.421852 144.000000
v -13.406250 25.687479 126.625015
v -13.406250 25.687477 144.000000
v -11.312500 24.374981 125.625015
v -11.312500 24.374979 144.000000
v 16.250000 33.718731 110.375015
v 16.250000 33.718735 96.000008
v 14.234375 31.421856 112.375015
v 14.234375 31.421860 96.000008
v 13.406250 25.687481 113.375015
v 13.406250 25.687485 96.000008
v 11.312500 24.374983 114.375015
v 11.312500 24.374987 96.000008
v -48.250000 33.718784 -208.000000
v -48.250000 33.718781 -193.578110
v -46.234375 31.421909 -208.000000
v -46.234375 31.421906 -191.578110
v -45.406250 25.687534 -208.000000
v -45.406250 25.687531 -190.578110
v -43.312500 24.375036 -208.000000
v -43.312500 24.375032 -189.578110
v -15.750000 33.718746 14.375007
v -15.750000 33.718750 0.000005
v -17.765623 31.421873 16.375006
v -17.765623 31.421875 0.000005
v -18.593750 25.687498 17.375004
v -18.593750 25.687500 0.000004
v -20.687500 24.374998 18.375004
v -20.687500 24.375002 0.000004
v -49.625004 33.718781 -192.250000
v -64.000000 33.718781 -192.250000
v -47.625004 31.421906 -190.234375
v -64.000000 31.421906 -190.234375
v -46.625004 25.687531 -189.406235
v -64.000000 25.687531 -189.406235
v -45.625004 24.375032 -187.312500
v -64.000000 24.375032 -187.312500
v 11.312500 24.374983 114.375015
v 13.578125 24.374983 116.687508
v 13.406250 25.687481 113.375015
v 14.578125 25.687481 114.593758
v 14.234375 31.421856 112.375015
v 15.578125 31.421856 113.765633
v 16.250000 33.718731 110.375015
v 17.578123 33.718731 111.750008
v 148.687500 24.374977 157.625000
v 146.421875 24.374977 155.312500
v 146.593750 25.687473 158.625000
v 145.421875 25.687475 157.406250
v 145.765625 31.421848 159.625000
v 144.421875 31.421848 158.234375
v 143.750000 33.718723 161.625015
v 142.421875 33.718723 160.250000
v 128.000000 33.718723 160.250000
v 142.421875 33.718723 160.250000
v 128.000000 31.421848 158.234375
v 144.421875 31.421848 158.234375
v 128.000000 25.687475 157.406250
v 145.421875 25.687475 157.406250
v 128.000000 24.374977 155.312500
v 146.421875 24.374977 155.312500
v -32.000000 33.718731 128.250000
v -17.578123 33.718731 128.250000
v -32.000000 31.421854 126.234383
v -15.578125 31.421854 126.234383
v -32.000000 25.687479 125.406258
v -14.578125 25.687479 125.406258
v -32.000000 24.374981 123.312508
v -13.578125 24.374981 123.312508
v 155.328125 49.718761 -71.749992
v 160.250000 49.718761 -76.624992
v 155.328125 47.421886 -73.765617
v 158.234375 47.421886 -76.624992
v 155.328125 41.687511 -74.593742
v 157.406250 41.687511 -76.624992
v 68.671875 49.718777 -160.249985
v 63.750000 49.718777 -155.374985
v 68.671875 47.421902 -158.234360
v 65.765625 47.421902 -155.374985
v 68.671875 41.687527 -157.406250
v 66.593750 41.687527 -155.375000
v 160.250000 49.718777 -155.328110
v 155.375000 49.718777 -160.249985
v 158.234375 47.421902 -155.328110
v 155.375000 47.421902 -158.234360
v 157.406250 41.687527 -155.328125
v 155.375000 41.687527 -157.406250
v -4.671875 33.718777 -159.750000
v 0.250000 33.718777 -164.625015
v -4.671875 31.421902 -161.765625
v -1.765625 31.421902 -164.625015
v -4.671875 25.687527 -162.593750
v -2.593750 25.687527 -164.625015
v -80.250000 33.718750 -4.671869
v -75.375000 33.718750 0.250005
v -78.234375 31.421875 -4.671870
v -75.375000 31.421875 -1.765620
v -77.406250 25.687500 -4.671871
v -75.375000 25.687500 -2.593746
v -15.750000 33.718758 -43.328121
v -20.625002 33.718758 -48.249996
v -17.765623 31.421883 -43.328121
v -20.625002 31.421883 -46.234371
v -18.593750 25.687508 -43.328121
v -20.625002 25.687508 -45.406246
v -75.328125 33.718781 -192.250000
v -80.250000 33.718781 -187.375015
v -75.328125 31.421906 -190.234375
v -78.234375 31.421906 -187.375015
v -75.328125 25.687531 -189.406235
v -77.406250 25.687531 -187.375015
v 16.250000 33.718746 20.671881
v 11.375001 33.718746 15.750006
v 14.234375 31.421871 20.671881
v 11.375001 31.421871 17.765629
v 13.406250 25.687496 20.671879
v 11.375001 25.687496 18.593754
v 63.750000 49.718761 -76.671867
v 68.625000 49.718761 -71.749992
v 65.765625 47.421886 -76.671867
v 68.625000 47.421886 -73.765617
v 66.593750 41.687511 -76.671867
v 68.625000 41.687511 -74.593742
v -48.250000 33.718731 123.328133
v -43.375004 33.718731 128.250000
v -46.234375 31.421854 123.328133
v -43.375004 31.421854 126.234383
v -45.406250 25.687479 123.328133
v -43.375004 25.687479 125.406258
v 176.250000 33.718731 116.671883
v 171.375015 33.718731 111.750008
v 174.234375 31.421856 116.671883
v 171.375015 31.421856 113.765633
v 173.406235 25.687481 116.671883
v 171.375015 25.687481 114.593758
v -16.250000 33.718723 155.328125
v -11.375001 33.718723 160.250000
v -14.234375 31.421850 155.328125
v -11.375001 31.421848 158.234375
v -13.406250 25.687475 155.328125
v -11.375001 25.687475 157.406250
v -15.750000 33.718750 0.000005
v -15.750000 33.718746 14.375007
v -12.421875 34.031250 0.000006
v -12.421875 34.031246 12.390631
v -44.390625 34.031277 -156.421875
v -32.000000 34.031277 -156.421875
v -46.375004 33.718777 -159.750000
v -32.000000 33.718777 -159.750000
v -51.609375 34.031281 -195.578110
v -64.000000 34.031281 -195.578110
v -49.625004 33.718781 -192.250000
v -64.000000 33.718781 -192.250000
v 192.000000 33.718712 223.750000
v 192.000000 34.031216 220.421875
v 177.578110 33.718712 223.750000
v 179.578110 34.031216 220.390640
v 19.578123 34.031231 108.390633
v 19.578123 34.031235 96.000008
v 16.250000 33.718731 110.375015
v 16.250000 33.718735 96.000008
v -44.421875 34.031258 -51.609371
v -46.421875 33.718758 -48.249996
v -32.000000 34.031258 -51.578121
v -32.000000 33.718758 -48.249996
v -51.609375 34.031281 -195.578110
v -48.250000 33.718781 -193.578110
v -51.578125 34.031284 -208.000000
v -48.250000 33.718784 -208.000000
v -51.578125 34.031250 3.609380
v -49.578125 33.718750 0.250005
v -64.000000 34.031250 3.578130
v -64.000000 33.718750 0.250005
v -19.578123 34.031227 131.609375
v -19.578123 34.031227 144.000000
v -16.250000 33.718727 129.625000
v -16.250000 33.718727 144.000000
v 19.578123 34.031231 108.390633
v 17.578123 33.718731 111.750008
v 32.000000 34.031231 108.421883
v 32.000000 33.718731 111.750008
v -19.578123 34.031227 131.609375
v -17.578123 33.718731 128.250000
v -32.000000 34.031227 131.578125
v -32.000000 33.718731 128.250000
v -44.390625 34.031277 -156.421875
v -47.750000 33.718777 -158.421875
v -44.421875 34.031273 -144.000000
v -47.750000 33.718773 -144.000000
v -12.421875 34.031246 12.390631
v -14.421875 33.718746 15.750006
v 0.000000 34.031246 12.421881
v 0.000000 33.718746 15.750006
v -51.578125 34.031250 3.609380
v -51.578125 34.031246 16.000006
v -48.250000 33.718750 1.625006
v -48.250000 33.718746 16.000006
v 140.421875 34.031223 163.609375
v 140.421875 34.031219 176.000000
v 143.750000 33.718723 161.625015
v 143.750000 33.718719 176.000000
v 179.578110 34.031216 220.390640
v 179.578110 34.031216 208.000000
v 176.250000 33.718716 222.375015
v 176.250000 33.718716 208.000000
v -44.421875 34.031258 -51.609371
v -44.421875 34.031261 -63.999996
v -47.750000 33.718758 -49.625000
v -47.750000 33.718761 -63.999996
v 140.421875 34.031223 163.609375
v 142.421875 33.718723 160.250000
v 128.000000 34.031223 163.578125
v 128.000000 33.718723 160.250000
v 3.546875 34.031277 -160.046875
v 0.250000 33.718777 -164.625015
v -4.671875 33.718777 -159.750000
v -0.093750 34.031277 -156.421875
v -16.046875 34.031258 -51.546871
v -20.625002 33.718758 -48.249996
v -15.750000 33.718758 -43.328121
v -12.421875 34.031258 -47.906246
v 15.953125 34.031246 12.453131
v 11.375001 33.718746 15.750006
v 16.250000 33.718746 20.671881
v 19.578123 34.031246 16.093756
v 175.953110 34.031231 108.453133
v 171.375015 33.718731 111.750008
v 176.250000 33.718731 116.671883
v 179.578110 34.031231 112.093758
v -83.546875 34.031281 -191.953110
v -80.250000 33.718781 -187.375015
v -75.328125 33.718781 -192.250000
v -79.906250 34.031281 -195.578110
v 159.953125 50.031277 -163.546860
v 155.375000 49.718777 -160.249985
v 160.250000 49.718777 -155.328110
v 163.578125 50.031277 -159.906235
v -79.953125 34.031250 3.546880
v -75.375000 33.718750 0.250005
v -80.250000 33.718750 -4.671869
v -83.578125 34.031250 -0.093744
v -47.953125 34.031227 131.546875
v -43.375004 33.718731 128.250000
v -48.250000 33.718731 123.328133
v -51.578125 34.031231 127.906258
v 163.546875 50.031261 -72.046867
v 160.250000 49.718761 -76.624992
v 155.328125 49.718761 -71.749992
v 159.906250 50.031261 -68.421867
v -15.953125 34.031223 163.546875
v -11.375001 33.718723 160.250000
v -16.250000 33.718723 155.328125
v -19.578123 34.031223 159.906250
v 60.453125 50.031277 -159.953110
v 63.750000 49.718777 -155.374985
v 68.671875 49.718777 -160.249985
v 64.093750 50.031277 -163.578110
v 64.046875 50.031261 -68.453117
v 68.625000 49.718761 -71.749992
v 63.750000 49.718761 -76.671867
v 60.421875 50.031261 -72.093742
v -0.093750 34.031277 -156.421875
v -4.671875 33.718777 -159.750000
v -4.671875 34.031277 -156.421875
v 64.046875 50.031261 -68.453117
v 68.625000 50.031261 -68.421867
v 68.625000 49.718761 -71.749992
v 60.421875 50.031261 -72.093742
v 63.750000 49.718761 -76.671867
v 60.421875 50.031261 -76.671867
v 155.296875 40.375031 -155.312500
v 157.406250 41.687527 -155.328125
v 155.375000 41.687527 -157.406250
v 68.703125 40.375015 -76.687492
v 66.593750 41.687511 -76.671867
v 68.625000 41.687511 -74.593742
v -12.421875 34.031246 12.390631
v -15.750000 33.718746 14.375007
v -14.421875 33.718746 15.750006
v -44.390625 34.031277 -156.421875
v -46.375004 33.718777 -159.750000
v -47.750000 33.718777 -158.421875
v 179.578110 34.031216 220.390640
v 176.250000 33.718716 222.375015
v 177.578110 33.718712 223.750000
v 3.546875 34.031277 -160.046875
v 3.578125 34.031277 -164.625015
v 0.250000 33.718777 -164.625015
v -16.046875 34.031258 -51.546871
v -20.625002 34.031258 -51.578121
v -20.625002 33.718758 -48.249996
v -12.421875 34.031258 -47.906246
v -15.750000 33.718758 -43.328121
v -12.421875 34.031258 -43.328121
v -4.687500 24.375029 -164.703125
v -4.671875 25.687527 -162.593750
v -2.593750 25.687527 -164.625015
v 159.953125 50.031277 -163.546860
v 155.375000 50.031277 -163.578110
v 155.375000 49.718777 -160.249985
v 163.578125 50.031277 -159.906235
v 160.250000 49.718777 -155.328110
v 163.578125 50.031277 -155.328110
v -20.703123 24.375010 -43.312496
v -18.593750 25.687508 -43.328121
v -20.625002 25.687508 -45.406246
v 19.578123 34.031231 108.390633
v 16.250000 33.718731 110.375015
v 17.578123 33.718731 111.750008
v 68.687500 40.375031 -155.296875
v 68.671875 41.687527 -157.406250
v 66.593750 41.687527 -155.375000
v 64.093750 50.031277 -163.578110
v 68.671875 49.718777 -160.249985
v 68.671875 50.031277 -163.578110
v 175.953110 34.031231 108.453133
v 171.375015 34.031231 108.421883
v 171.375015 33.718731 111.750008
v 179.578110 34.031231 112.093758
v 176.250000 33.718731 116.671883
v 179.578110 34.031231 116.671883
v 171.296875 24.374983 116.687508
v 173.406235 25.687481 116.671883
v 171.375015 25.687481 114.593758
v 140.421875 34.031223 163.609375
v 143.750000 33.718723 161.625015
v 142.421875 33.718723 160.250000
v 155.312500 40.375015 -76.703117
v 155.328125 41.687511 -74.593742
v 157.406250 41.687511 -76.624992
v 159.906250 50.031261 -68.421867
v 155.328125 49.718761 -71.749992
v 155.328125 50.031261 -68.421867
v 60.453125 50.031277 -159.953110
v 60.421875 50.031277 -155.374985
v 63.750000 49.718777 -155.374985
v -19.578123 34.031223 159.906250
v -16.250000 33.718723 155.328125
v -19.578123 34.031223 155.328125
v 163.546875 50.031261 -72.046867
v 163.578125 50.031261 -76.624992
v 160.250000 49.718761 -76.624992
v -19.578123 34.031227 131.609375
v -16.250000 33.718727 129.625000
v -17.578123 33.718731 128.250000
v 15.953125 34.031246 12.453131
v 11.375001 34.031246 12.421881
v 11.375001 33.718746 15.750006
v 11.296875 24.374998 20.687504
v 13.406250 25.687496 20.671879
v 11.375001 25.687496 18.593754
v -47.953125 34.031227 131.546875
v -43.375004 34.031227 131.578125
v -43.375004 33.718731 128.250000
v -51.578125 34.031231 127.906258
v -48.250000 33.718731 123.328133
v -51.578125 34.031231 123.328133
v -43.296875 24.374981 123.312508
v -45.406250 25.687479 123.328133
v -43.375004 25.687479 125.406258
v -51.578125 34.031250 3.609380
v -48.250000 33.718750 1.625006
v -49.578125 33.718750 0.250005
v -44.421875 34.031258 -51.609371
v -47.750000 33.718758 -49.625000
v -46.421875 33.718758 -48.249996
v -11.296875 24.374977 155.312500
v -13.406250 25.687475 155.328125
v -11.375001 25.687475 157.406250
v -79.953125 34.031250 3.546880
v -75.375000 34.031250 3.578130
v -75.375000 33.718750 0.250005
v -83.578125 34.031250 -0.093744
v -80.250000 33.718750 -4.671869
v -83.578125 34.031250 -4.671869
v -75.296875 24.375002 -4.687496
v -77.406250 25.687500 -4.671871
v -75.375000 25.687500 -2.593746
v -83.546875 34.031281 -191.953110
v -83.578125 34.031281 -187.375015
v -80.250000 33.718781 -187.375015
v -79.906250 34.031281 -195.578110
v -75.328125 33.718781 -192.250000
v -75.328125 34.031281 -195.578110
v -75.312500 24.375032 -187.296875
v -75.328125 25.687531 -189.406235
v -77.406250 25.687531 -187.375015
v -51.609375 34.031281 -195.578110
v -49.625004 33.718781 -192.250000
v -48.250000 33.718781 -193.578110
v 19.578123 34.031246 16.093756
v 16.250000 33.718746 20.671881
v 19.578123 34.031246 20.671881
v -15.953125 34.031223 163.546875
v -11.375001 34.031223 163.578125
v -11.375001 33.718723 160.250000
v 227.375015 81.578102 160.000015
v 224.000000 79.999977 160.000015
v 228.000000 81.578094 167.000015
v 225.000000 79.999969 170.000015
v 232.000000 81.578094 172.000015
v 229.000000 79.999969 175.000015
v 240.000000 81.578094 172.625031
v 240.000000 79.999969 176.000015
v 243.375015 97.578102 144.000015
v 240.000000 95.999977 144.000015
v 244.000000 97.578102 151.000015
v 241.000000 95.999977 154.000015
v 248.000000 97.578102 156.000015
v 245.000000 95.999977 159.000015
v 256.000000 97.578102 156.625015
v 256.000000 95.999977 160.000015
v -224.000000 111.999992 64.000015
v -224.000000 111.999977 128.000015
v -218.718750 111.953117 64.000015
v -218.718750 111.953102 128.000015
v -211.375015 97.578117 64.000015
v -211.375015 97.578102 128.000015
v -208.000000 95.999992 64.000015
v -208.000000 95.999977 128.000015
v 179.375015 33.578091 208.000000
v 176.000000 31.999966 208.000000
v 180.000000 33.578091 215.000000
v 177.000000 31.999964 218.000000
v 184.000000 33.578091 220.000000
v 181.000000 31.999964 223.000000
v 192.000000 33.578091 220.625015
v 192.000000 31.999964 224.000000
v -211.375015 97.578117 64.000015
v -208.000000 95.999992 64.000015
v -212.000000 97.578117 57.000015
v -209.000000 95.999992 54.000015
v -216.000000 97.578117 52.000015
v -213.000000 95.999992 49.000015
v -224.000000 97.578117 51.375019
v -224.000000 95.999992 48.000015
v 140.625000 33.578094 176.000000
v 144.000000 31.999971 176.000000
v 140.000000 33.578098 169.000000
v 143.000000 31.999973 166.000000
v 136.000000 33.578098 164.000000
v 139.000000 31.999973 161.000000
v 128.000000 33.578098 163.375015
v 128.000000 31.999973 160.000000
v -256.000000 111.999992 64.000015
v -224.000000 111.999992 64.000015
v -256.000000 111.953117 58.718769
v -224.000000 111.953117 58.718769
v -256.000000 97.578117 51.375019
v -224.000000 97.578117 51.375019
v -256.000000 95.999992 48.000015
v -224.000000 95.999992 48.000015
v 211.375015 65.578094 176.000015
v 208.000000 63.999969 176.000015
v 212.000000 65.578094 183.000015
v 209.000000 63.999969 186.000015
v 216.000000 65.578094 188.000015
v 213.000000 63.999969 191.000015
v 224.000000 65.578094 188.625031
v 224.000000 63.999969 192.000015
v -19.375000 33.578102 144.000000
v -16.000000 31.999977 144.000000
v -20.000000 33.578102 137.000000
v -17.000000 31.999979 134.000000
v -24.000000 33.578102 132.000000
v -21.000000 31.999979 129.000000
v -32.000000 33.578102 131.375000
v -32.000000 31.999979 128.000000
v -240.000000 97.578156 -195.375000
v -240.000000 96.000031 -191.999985
v -233.000000 97.578156 -195.999985
v -230.000000 96.000031 -192.999985
v -228.000000 97.578156 -199.999985
v -225.000000 96.000031 -196.999985
v -227.375015 97.578156 -207.999985
v -224.000000 96.000031 -207.999985
v -256.000000 113.578163 -211.375000
v -256.000000 112.000031 -207.999985
v -249.000000 113.578163 -211.999985
v -246.000000 112.000031 -208.999985
v -244.000000 113.578163 -215.999985
v -241.000000 112.000038 -212.999985
v -243.375015 113.578163 -223.999985
v -240.000000 112.000038 -223.999985
v 19.375000 33.578110 96.000008
v 16.000000 31.999985 96.000008
v 20.000000 33.578110 103.000008
v 17.000000 31.999983 106.000008
v 24.000000 33.578106 108.000008
v 21.000000 31.999983 111.000008
v 32.000000 33.578106 108.625015
v 32.000000 31.999981 112.000008
v -224.000000 81.578156 -179.375000
v -224.000000 80.000031 -175.999985
v -217.000000 81.578156 -179.999985
v -214.000000 80.000031 -176.999985
v -212.000000 81.578156 -183.999985
v -209.000000 80.000031 -180.999985
v -211.375015 81.578156 -191.999985
v -208.000000 80.000031 -191.999985
v -12.625001 33.578125 0.000005
v -16.000000 32.000000 0.000005
v -12.000000 33.578125 7.000005
v -15.000000 31.999998 10.000005
v -8.000000 33.578121 12.000006
v -11.000000 31.999998 15.000005
v 0.000000 33.578121 12.625007
v 0.000000 31.999998 16.000006
v -227.375015 113.578102 144.000015
v -224.000000 111.999977 144.000015
v -228.000000 113.578102 137.000015
v -225.000000 111.999977 134.000015
v -232.000000 113.578102 132.000015
v -229.000000 111.999977 129.000015
v -240.000000 113.578102 131.375015
v -240.000000 111.999977 128.000015
v 131.375000 81.578163 -239.999985
v 128.000000 80.000038 -239.999985
v 132.000000 81.578163 -232.999985
v 129.000000 80.000038 -229.999985
v 136.000000 81.578163 -227.999985
v 133.000000 80.000038 -224.999985
v 144.000000 81.578163 -227.375000
v 144.000000 80.000038 -223.999985
v -179.375015 65.578117 32.000011
v -176.000000 63.999996 32.000011
v -180.000000 65.578117 25.000011
v -177.000000 63.999996 22.000010
v -184.000000 65.578125 20.000011
v -181.000000 63.999996 17.000010
v -192.000000 65.578125 19.375011
v -192.000000 63.999996 16.000010
v -51.375004 33.578121 16.000006
v -48.000000 31.999998 16.000006
v -52.000000 33.578125 9.000006
v -49.000000 31.999998 6.000005
v -56.000000 33.578125 4.000005
v -53.000000 32.000000 1.000005
v -64.000000 33.578125 3.375006
v -64.000000 32.000000 0.000005
v -195.375015 81.578117 48.000011
v -192.000000 79.999992 48.000011
v -196.000000 81.578117 41.000011
v -193.000000 79.999992 38.000011
v -200.000000 81.578117 36.000011
v -197.000000 79.999992 33.000011
v -208.000000 81.578117 35.375011
v -208.000000 79.999992 32.000011
v -32.000000 33.578152 -156.625000
v -32.000000 32.000027 -160.000000
v -39.000000 33.578152 -156.000000
v -42.000000 32.000027 -159.000000
v -44.000000 33.578148 -152.000000
v -47.000000 32.000027 -155.000000
v -44.625004 33.578148 -144.000000
v -48.000000 32.000023 -144.000000
v -64.000000 33.578156 -195.375015
v -64.000000 32.000031 -192.000000
v -57.000000 33.578156 -196.000000
v -54.000000 32.000031 -193.000000
v -52.000000 33.578159 -200.000000
v -49.000000 32.000031 -197.000000
v -51.375004 33.578159 -208.000000
v -48.000000 32.000034 -208.000000
v -44.625004 33.578136 -63.999996
v -48.000000 32.000011 -63.999996
v -44.000000 33.578133 -56.999996
v -47.000000 32.000008 -53.999996
v -40.000000 33.578133 -51.999996
v -43.000000 32.000008 -48.999996
v -32.000000 33.578133 -51.375000
v -32.000000 32.000008 -47.999996
v 147.375000 97.578163 -255.999985
v 144.000000 96.000038 -255.999985
v 148.000000 97.578163 -248.999985
v 145.000000 96.000038 -245.999985
v 152.000000 97.578163 -243.999985
v 149.000000 96.000038 -240.999985
v 160.000000 97.578163 -243.375000
v 160.000000 96.000038 -239.999985
v -208.000000 65.578148 -163.375000
v -208.000000 64.000023 -159.999985
v -201.000000 65.578156 -163.999985
v -198.000000 64.000023 -160.999985
v -196.000000 65.578156 -167.999985
v -193.000000 64.000031 -164.999985
v -195.375015 65.578156 -175.999985
v -192.000000 64.000031 -175.999985
v 195.375015 49.578094 192.000015
v 192.000000 47.999969 192.000015
v 196.000000 49.578094 199.000015
v 193.000000 47.999966 202.000015
v 200.000000 49.578091 204.000015
v 197.000000 47.999966 207.000015
v 208.000000 49.578091 204.625031
v 208.000000 47.999966 208.000015
v 227.375015 81.578102 144.000015
v 227.375015 81.578102 160.000015
v 234.718750 95.953102 144.000015
v 234.718750 95.953102 160.000015
v 240.000000 95.999977 144.000015
v 240.000000 95.999977 160.000015
v -227.375015 113.578087 256.000031
v -227.375015 113.578102 160.000015
v -234.718750 127.953087 256.000031
v -234.718750 127.953102 160.000015
v -240.000000 127.999962 256.000031
v -240.000000 127.999977 160.000015
v 227.375015 81.578140 -79.999985
v 227.375015 81.578117 48.000011
v 234.718750 95.953140 -79.999985
v 234.718750 95.953117 48.000015
v 240.000000 96.000015 -79.999985
v 240.000000 95.999992 48.000015
v -256.000000 65.578148 -163.375000
v -208.000000 65.578148 -163.375000
v -256.000000 79.953156 -170.718735
v -208.000000 79.953156 -170.718735
v -256.000000 80.000031 -175.999985
v -208.000000 80.000031 -175.999985
v 227.375015 81.578156 -207.999985
v 227.375015 81.578140 -79.999985
v 234.718750 95.953156 -207.999985
v 234.718750 95.953140 -79.999985
v 240.000000 96.000031 -207.999985
v 240.000000 96.000015 -79.999985
v 195.375015 49.578129 -31.999992
v 195.375015 49.578110 96.000008
v 202.718750 63.953129 -31.999990
v 202.718750 63.953110 96.000008
v 208.000000 64.000008 -31.999990
v 208.000000 63.999985 96.000008
v 227.375015 81.578163 -223.999985
v 227.375015 81.578156 -207.999985
v 234.718750 95.953163 -223.999985
v 234.718750 95.953156 -207.999985
v 240.000000 96.000038 -223.999985
v 240.000000 96.000031 -207.999985
v -163.375015 49.578083 256.000000
v -163.375015 49.578106 128.000015
v -170.718750 63.953083 256.000000
v -170.718750 63.953106 128.000015
v -176.000000 63.999958 256.000000
v -176.000000 63.999981 128.000015
v -163.375015 49.578121 32.000008
v -163.375015 49.578121 16.000008
v -170.718750 63.953121 32.000011
v -170.718750 63.953121 16.000010
v -176.000000 63.999996 32.000011
v -176.000000 63.999996 16.000010
v 160.000000 81.578163 -227.375000
v 224.000000 81.578163 -227.375000
v 160.000000 95.953163 -234.718735
v 224.000000 95.953163 -234.718735
v 160.000000 96.000038 -239.999985
v 224.000000 96.000038 -239.999985
v -240.000000 49.578125 3.375008
v -256.000000 49.578125 3.375008
v -240.000000 63.953125 10.718760
v -256.000000 63.953125 10.718760
v -240.000000 63.999996 16.000010
v -256.000000 63.999996 16.000010
v 160.000000 96.000038 -239.999985
v 144.000000 96.000038 -239.999985
v 160.000000 95.953163 -234.718735
v 144.000000 95.953163 -234.718735
v 160.000000 81.578163 -227.375000
v 144.000000 81.578163 -227.375000
v 176.000000 97.578163 -243.375000
v 240.000000 97.578163 -243.375000
v 176.000000 111.953163 -250.718735
v 240.000000 111.953163 -250.718735
v 176.000000 112.000038 -255.999985
v 240.000000 112.000038 -255.999985
v 131.375000 81.578163 -255.999985
v 131.375000 81.578163 -239.999985
v 138.718750 95.953163 -255.999985
v 138.718750 95.953163 -239.999985
v 144.000000 96.000038 -255.999985
v 144.000000 96.000038 -239.999985
v 195.375015 49.578110 96.000008
v 195.375015 49.578094 192.000015
v 202.718750 63.953110 96.000008
v 202.718750 63.953094 192.000015
v 208.000000 63.999985 96.000008
v 208.000000 63.999969 192.000015
v 115.375008 65.578163 -255.999985
v 115.375008 65.578163 -223.999985
v 122.718750 79.953163 -255.999985
v 122.718750 79.953163 -223.999985
v 128.000000 80.000038 -255.999985
v 128.000000 80.000038 -223.999985
v 128.000000 65.578163 -211.375000
v 144.000000 65.578163 -211.375000
v 128.000000 79.953163 -218.718735
v 144.000000 79.953163 -218.718735
v 128.000000 80.000038 -223.999985
v 144.000000 80.000038 -223.999985
v -163.375015 49.578106 128.000015
v -163.375015 49.578121 32.000008
v -170.718750 63.953106 128.000015
v -170.718750 63.953121 32.000011
v -176.000000 63.999981 128.000015
v -176.000000 63.999996 32.000011
v 144.000000 65.578163 -211.375000
v 208.000000 65.578163 -211.375000
v 144.000000 79.953163 -218.718735
v 208.000000 79.953163 -218.718735
v 144.000000 80.000038 -223.999985
v 208.000000 80.000038 -223.999985
v -176.000000 49.578125 3.375008
v -240.000000 49.578125 3.375008
v -176.000000 63.953125 10.718760
v -240.000000 63.953125 10.718760
v -176.000000 63.999996 16.000010
v -240.000000 63.999996 16.000010
v -256.000000 49.578148 -147.374985
v -240.000000 49.578148 -147.374985
v -256.000000 63.953152 -154.718735
v -240.000000 63.953152 -154.718735
v -256.000000 64.000023 -159.999985
v -240.000000 64.000023 -159.999985
v 211.375015 65.578156 -207.999985
v 211.375015 65.578140 -79.999992
v 218.718750 79.953156 -207.999985
v 218.718750 79.953140 -79.999985
v 224.000000 80.000031 -207.999985
v 224.000000 80.000015 -79.999985
v -179.375015 49.578152 -159.999985
v -179.375015 49.578167 -255.999985
v -186.718750 63.953152 -159.999985
v -186.718750 63.953167 -255.999985
v -192.000000 64.000023 -159.999985
v -192.000000 64.000038 -255.999985
v 211.375015 65.578140 -79.999992
v 211.375015 65.578117 48.000011
v 218.718750 79.953140 -79.999985
v 218.718750 79.953117 48.000011
v 224.000000 80.000015 -79.999985
v 224.000000 79.999992 48.000011
v -243.375015 113.578163 -223.999985
v -243.375015 113.578163 -255.999985
v -250.718750 127.953163 -223.999985
v -250.718750 127.953163 -255.999985
v -256.000000 128.000031 -223.999985
v -256.000000 128.000046 -255.999985
v 211.375015 65.578117 48.000011
v 211.375015 65.578094 176.000015
v 218.718750 79.953117 48.000011
v 218.718750 79.953094 176.000015
v 224.000000 79.999992 48.000011
v 224.000000 79.999969 176.000015
v 128.000000 49.578156 -195.375000
v 192.000000 49.578156 -195.375000
v 128.000000 63.953159 -202.718735
v 192.000000 63.953159 -202.718735
v 128.000000 64.000031 -207.999985
v 192.000000 64.000031 -207.999985
v 224.000000 65.578094 188.625031
v 256.000000 65.578094 188.625031
v 224.000000 79.953094 181.281250
v 256.000000 79.953094 181.281250
v 224.000000 79.999969 176.000015
v 256.000000 79.999969 176.000015
v 195.375015 49.578156 -191.999985
v 195.375015 49.578152 -159.999985
v 202.718750 63.953156 -191.999985
v 202.718750 63.953152 -159.999985
v 208.000000 64.000031 -191.999985
v 208.000000 64.000023 -159.999985
v -179.375015 65.578087 256.000000
v -179.375015 65.578102 128.000015
v -186.718750 79.953087 256.000000
v -186.718750 79.953102 128.000015
v -192.000000 79.999962 256.000000
v -192.000000 79.999977 128.000015
v -179.375015 65.578102 128.000015
v -179.375015 65.578117 32.000011
v -186.718750 79.953102 128.000015
v -186.718750 79.953117 32.000011
v -192.000000 79.999977 128.000015
v -192.000000 79.999992 32.000011
v -240.000000 49.578148 -147.374985
v -192.000000 49.578148 -147.374985
v -240.000000 63.953152 -154.718735
v -192.000000 63.953152 -154.718735
v -240.000000 64.000023 -159.999985
v -192.000000 64.000023 -159.999985
v -240.000000 113.578102 131.375015
v -256.000000 113.578102 131.375015
v -240.000000 127.953102 138.718765
v -256.000000 127.953102 138.718765
v -240.000000 127.999977 144.000015
v -256.000000 127.999977 144.000015
v -192.000000 65.578125 19.375011
v -256.000000 65.578125 19.375011
v -192.000000 79.953117 26.718763
v -256.000000 79.953117 26.718763
v -192.000000 79.999992 32.000011
v -256.000000 79.999992 32.000011
v 195.375015 49.578152 -159.999985
v 195.375015 49.578129 -31.999992
v 202.718750 63.953152 -159.999985
v 202.718750 63.953129 -31.999990
v 208.000000 64.000023 -159.999985
v 208.000000 64.000008 -31.999990
v -195.375015 65.578156 -175.999985
v -195.375015 65.578156 -191.999985
v -202.718750 79.953156 -175.999985
v -202.718750 79.953156 -191.999985
v -208.000000 80.000031 -175.999985
v -208.000000 80.000031 -191.999985
v 179.375015 33.578106 112.000008
v 179.375015 33.578091 208.000000
v 186.718750 47.953106 112.000008
v 186.718750 47.953091 208.000015
v 192.000000 47.999981 112.000008
v 192.000000 47.999966 208.000015
v 243.375015 97.578156 -207.999985
v 243.375015 97.578140 -79.999985
v 250.718750 111.953156 -207.999985
v 250.718750 111.953140 -79.999985
v 256.000000 112.000031 -207.999985
v 256.000000 112.000015 -79.999985
v -227.375015 97.578156 -207.999985
v -227.375015 97.578163 -255.999985
v -234.718750 111.953156 -207.999985
v -234.718750 111.953163 -255.999985
v -240.000000 112.000031 -207.999985
v -240.000000 112.000038 -255.999985
v 243.375015 97.578140 -79.999985
v 243.375015 97.578117 48.000015
v 250.718750 111.953140 -79.999985
v 250.718750 111.953117 48.000019
v 256.000000 112.000015 -79.999985
v 256.000000 111.999992 48.000019
v -256.000000 97.578156 -195.375000
v -240.000000 97.578156 -195.375000
v -256.000000 111.953156 -202.718735
v -240.000000 111.953156 -202.718735
v -256.000000 112.000031 -207.999985
v -240.000000 112.000031 -207.999985
v 243.375015 97.578117 48.000015
v 243.375015 97.578102 144.000015
v 250.718750 111.953117 48.000019
v 250.718750 111.953102 144.000015
v 256.000000 111.999992 48.000019
v 256.000000 111.999977 144.000015
v -195.375015 65.578156 -191.999985
v -195.375015 65.578163 -255.999985
v -202.718750 79.953156 -191.999985
v -202.718750 79.953163 -255.999985
v -208.000000 80.000031 -191.999985
v -208.000000 80.000038 -255.999985
v -211.375015 81.578156 -191.999985
v -211.375015 81.578163 -255.999985
v -218.718750 95.953156 -191.999985
v -218.718750 95.953163 -255.999985
v -224.000000 96.000031 -191.999985
v -224.000000 96.000038 -255.999985
v -211.375015 97.578087 256.000031
v -211.375015 97.578102 128.000015
v -218.718750 111.953087 256.000031
v -218.718750 111.953102 128.000015
v -224.000000 111.999962 256.000031
v -224.000000 111.999977 128.000015
v -227.375015 113.578102 160.000015
v -227.375015 113.578102 144.000015
v -234.718750 127.953102 160.000015
v -234.718750 127.953102 144.000015
v -240.000000 127.999977 160.000015
v -240.000000 127.999977 144.000015
v 112.000000 49.578156 -195.375000
v 128.000000 49.578156 -195.375000
v 112.000000 63.953159 -202.718735
v 128.000000 63.953159 -202.718735
v 112.000000 64.000031 -207.999985
v 128.000000 64.000031 -207.999985
v -256.000000 81.578156 -179.375000
v -224.000000 81.578156 -179.375000
v -256.000000 95.953156 -186.718735
v -224.000000 95.953156 -186.718735
v -256.000000 96.000031 -191.999985
v -224.000000 96.000031 -191.999985
v 160.000000 97.578163 -243.375000
v 176.000000 97.578163 -243.375000
v 160.000000 111.953163 -250.718735
v 176.000000 111.953163 -250.718735
v 160.000000 112.000038 -255.999985
v 176.000000 112.000038 -255.999985
v -208.000000 81.578117 35.375011
v -256.000000 81.578117 35.375011
v -208.000000 95.953117 42.718765
v -256.000000 95.953117 42.718765
v -208.000000 95.999992 48.000015
v -256.000000 95.999992 48.000015
v -195.375015 81.578117 64.000015
v -195.375015 81.578117 48.000011
v -202.718750 95.953117 64.000015
v -202.718750 95.953117 48.000015
v -208.000000 95.999992 64.000015
v -208.000000 95.999992 48.000015
v 243.375015 97.578163 -239.999985
v 243.375015 97.578156 -207.999985
v 250.718750 111.953163 -239.999985
v 250.718750 111.953156 -207.999985
v 256.000000 112.000038 -239.999985
v 256.000000 112.000031 -207.999985
v 192.000000 33.578091 220.625015
v 256.000000 33.578091 220.625015
v 192.000000 47.953091 213.281250
v 256.000000 47.953091 213.281250
v 192.000000 47.999966 208.000015
v 256.000000 47.999966 208.000015
v -195.375015 81.578102 128.000015
v -195.375015 81.578117 64.000015
v -202.718750 95.953102 128.000015
v -202.718750 95.953117 64.000015
v -208.000000 95.999977 128.000015
v -208.000000 95.999992 64.000015
v -195.375015 81.578087 256.000000
v -195.375015 81.578102 128.000015
v -202.718750 95.953087 256.000031
v -202.718750 95.953102 128.000015
v -208.000000 95.999962 256.000031
v -208.000000 95.999977 128.000015
v 3.375000 33.578167 -256.000000
v 3.375000 33.578156 -192.000000
v 10.718750 47.953167 -255.999985
v 10.718750 47.953156 -191.999985
v 16.000000 48.000042 -255.999985
v 16.000000 48.000031 -191.999985
v 227.375015 81.578117 48.000011
v 227.375015 81.578102 144.000015
v 234.718750 95.953117 48.000015
v 234.718750 95.953102 144.000015
v 240.000000 95.999992 48.000015
v 240.000000 95.999977 144.000015
v 240.000000 81.578094 172.625031
v 256.000000 81.578094 172.625031
v 240.000000 95.953094 165.281265
v 256.000000 95.953094 165.281265
v 240.000000 95.999977 160.000015
v 256.000000 95.999977 160.000015
v 208.000000 49.578091 204.625031
v 256.000000 49.578091 204.625031
v 208.000000 63.953094 197.281250
v 256.000000 63.953094 197.281250
v 208.000000 63.999969 192.000015
v 256.000000 63.999969 192.000015
v -195.375015 81.578072 320.000000
v -195.375015 81.578087 256.000000
v -202.718750 95.953072 320.000031
v -202.718750 95.953087 256.000031
v -208.000000 95.999947 320.000031
v -208.000000 95.999962 256.000031
v -211.375015 97.578072 320.000031
v -211.375015 97.578087 256.000031
v -218.718750 111.953072 320.000031
v -218.718750 111.953087 256.000031
v -224.000000 111.999947 320.000031
v -224.000000 111.999962 256.000031
v -227.375015 113.578072 320.000031
v -227.375015 113.578087 256.000031
v -234.718750 127.953072 320.000031
v -234.718750 127.953087 256.000031
v -240.000000 127.999947 320.000031
v -240.000000 127.999962 256.000031
v -224.000000 81.578156 -179.375000
v -217.000000 81.578156 -179.999985
v -224.000000 95.953156 -186.718735
v -212.000000 81.578156 -183.999985
v -218.718750 95.953156 -191.999985
v -211.375015 81.578156 -191.999985
v 131.375000 81.578163 -239.999985
v 132.000000 81.578163 -232.999985
v 138.718750 95.953163 -239.999985
v 136.000000 81.578163 -227.999985
v 144.000000 95.953163 -234.718735
v 144.000000 81.578163 -227.375000
v 227.375015 81.578102 160.000015
v 228.000000 81.578094 167.000015
v 234.718750 95.953102 160.000015
v 232.000000 81.578094 172.000015
v 240.000000 95.953094 165.281265
v 240.000000 81.578094 172.625031
v 147.375000 97.578163 -255.999985
v 148.000000 97.578163 -248.999985
v 154.718750 111.953163 -255.999985
v 152.000000 97.578163 -243.999985
v 160.000000 111.953163 -250.718735
v 160.000000 97.578163 -243.375000
v -240.000000 97.578156 -195.375000
v -233.000000 97.578156 -195.999985
v -240.000000 111.953156 -202.718735
v -228.000000 97.578156 -199.999985
v -234.718750 111.953156 -207.999985
v -227.375015 97.578156 -207.999985
v -256.000000 113.578163 -211.375000
v -249.000000 113.578163 -211.999985
v -256.000000 127.953163 -218.718735
v -244.000000 113.578163 -215.999985
v -250.718750 127.953163 -223.999985
v -243.375015 113.578163 -223.999985
v 211.375015 65.578094 176.000015
v 212.000000 65.578094 183.000015
v 218.718750 79.953094 176.000015
v 216.000000 65.578094 188.000015
v 224.000000 79.953094 181.281250
v 224.000000 65.578094 188.625031
v 128.000000 65.578163 -211.375000
v 128.000000 79.953163 -218.718735
v 120.000000 65.578163 -211.999985
v 122.718750 79.953163 -223.999985
v 116.000000 65.578163 -216.999985
v 115.375008 65.578163 -223.999985
v -227.375015 113.578102 144.000015
v -228.000000 113.578102 137.000015
v -234.718750 127.953102 144.000015
v -232.000000 113.578102 132.000015
v -240.000000 127.953102 138.718765
v -240.000000 113.578102 131.375015
v -211.375015 97.578117 64.000015
v -212.000000 97.578117 57.000015
v -218.718750 111.953117 64.000015
v -216.000000 97.578117 52.000015
v -224.000000 111.953117 58.718769
v -224.000000 97.578117 51.375019
v 179.375015 33.578091 208.000000
v 180.000000 33.578091 215.000000
v 186.718750 47.953091 208.000015
v 184.000000 33.578091 220.000000
v 192.000000 47.953091 213.281250
v 192.000000 33.578091 220.625015
v 195.375015 49.578094 192.000015
v 196.000000 49.578094 199.000015
v 202.718750 63.953094 192.000015
v 200.000000 49.578091 204.000015
v 208.000000 63.953094 197.281250
v 208.000000 49.578091 204.625031
v -192.000000 49.578148 -147.374985
v -185.000000 49.578148 -147.999985
v -192.000000 63.953152 -154.718735
v -180.000000 49.578148 -151.999985
v -186.718750 63.953152 -159.999985
v -179.375015 49.578152 -159.999985
v -163.375015 49.578121 16.000008
v -164.000000 49.578125 9.000008
v -170.718750 63.953121 16.000010
v -168.000000 49.578125 4.000008
v -176.000000 63.953125 10.718760
v -176.000000 49.578125 3.375008
v -208.000000 65.578148 -163.375000
v -201.000000 65.578156 -163.999985
v -208.000000 79.953156 -170.718735
v -196.000000 65.578156 -167.999985
v -202.718750 79.953156 -175.999985
v -195.375015 65.578156 -175.999985
v -179.375015 65.578117 32.000011
v -180.000000 65.578117 25.000011
v -186.718750 79.953117 32.000011
v -184.000000 65.578125 20.000011
v -192.000000 79.953117 26.718763
v -192.000000 65.578125 19.375011
v 243.375015 97.578102 144.000015
v 244.000000 97.578102 151.000015
v 250.718750 111.953102 144.000015
v 248.000000 97.578102 156.000015
v 256.000000 111.953102 149.281265
v 256.000000 97.578102 156.625015
v -195.375015 81.578117 48.000011
v -196.000000 81.578117 41.000011
v -202.718750 95.953117 48.000015
v -200.000000 81.578117 36.000011
v -208.000000 95.953117 42.718765
v -208.000000 81.578117 35.375011
v -90.718750 47.953156 -191.999985
v -83.375008 33.578156 -192.000000
v -90.718750 47.953159 -202.718735
v -81.687500 33.578156 -193.687500
v -80.000000 33.578156 -195.375015
v 10.718750 47.953152 -159.999985
v 3.375000 33.578152 -160.000000
v 10.718750 47.953148 -149.281235
v 1.687500 33.578152 -158.312500
v 0.000000 33.578152 -156.625000
v -16.000000 47.953136 -58.718742
v -16.000000 33.578133 -51.375000
v -5.281250 47.953136 -58.718742
v -14.312500 33.578133 -49.687496
v -12.625001 33.578133 -47.999996
v -80.000000 47.953125 10.718758
v -80.000000 33.578125 3.375006
v -90.718750 47.953125 10.718758
v -81.687500 33.578125 1.687505
v -83.375008 33.578125 0.000005
v 16.000000 47.953125 5.281258
v 16.000000 33.578121 12.625007
v 26.718750 47.953125 5.281258
v 17.687500 33.578121 14.312506
v 19.375000 33.578121 16.000006
v 240.000000 111.953163 -250.718735
v 240.000000 97.578163 -243.375000
v 250.718750 111.953163 -250.718735
v 241.687500 97.578163 -241.687485
v 243.375015 97.578163 -239.999985
v -16.000000 47.953098 170.718765
v -16.000000 33.578098 163.375015
v -26.718750 47.953098 170.718765
v -17.687500 33.578098 161.687500
v -19.375000 33.578098 160.000000
v 176.000000 47.953110 101.281258
v 176.000000 33.578106 108.625015
v 186.718750 47.953110 101.281258
v 177.687500 33.578106 110.312508
v 179.375015 33.578106 112.000008
v -245.281235 47.953129 -15.999992
v -252.625015 33.578129 -15.999994
v -245.281235 47.953125 -5.281242
v -254.312500 33.578129 -14.312494
v -256.000000 33.578129 -12.624995
v 192.000000 63.953159 -202.718735
v 192.000000 49.578156 -195.375000
v 202.718750 63.953159 -202.718735
v 193.687500 49.578156 -193.687485
v 195.375015 49.578156 -191.999985
v 208.000000 79.953163 -218.718735
v 208.000000 65.578163 -211.375000
v 218.718750 79.953163 -218.718735
v 209.687500 65.578156 -209.687485
v 211.375015 65.578156 -207.999985
v -48.000000 47.953102 138.718765
v -48.000000 33.578102 131.375000
v -58.718750 47.953102 138.718765
v -49.687500 33.578102 129.687500
v -51.375004 33.578106 128.000000
v 224.000000 95.953163 -234.718735
v 224.000000 81.578163 -227.375000
v 234.718750 95.953163 -234.718735
v 225.687500 81.578163 -225.687485
v 195.375015 49.578156 -191.999985
v 193.687500 49.578156 -193.687485
v 192.000000 48.000031 -191.999985
v 192.000000 49.578156 -195.375000
v -245.281235 47.953144 -127.999992
v -245.281235 47.953148 -138.718735
v -252.625015 33.578144 -127.999992
v -254.312500 33.578148 -129.687500
v -256.000000 47.953148 -138.718735
v -256.000000 33.578148 -131.375000
v -245.281235 47.953148 -138.718735
v -254.312500 33.578148 -129.687500
v -19.375000 33.578098 160.000000
v -17.687500 33.578098 161.687500
v -16.000000 31.999973 160.000000
v -16.000000 33.578098 163.375015
v -51.375004 33.578106 128.000000
v -49.687500 33.578102 129.687500
v -48.000000 31.999979 128.000000
v -48.000000 33.578102 131.375000
v 19.375000 33.578121 16.000006
v 17.687500 33.578121 14.312506
v 16.000000 31.999998 16.000006
v 16.000000 33.578121 12.625007
v -83.375008 33.578125 0.000005
v -81.687500 33.578125 1.687505
v -80.000000 32.000000 0.000005
v -80.000000 33.578125 3.375006
v -12.625001 33.578133 -47.999996
v -14.312500 33.578133 -49.687496
v -16.000000 32.000008 -47.999996
v -16.000000 33.578133 -51.375000
v 0.000000 33.578152 -156.625000
v 1.687500 33.578152 -158.312500
v 0.000000 32.000027 -160.000000
v 3.375000 33.578152 -160.000000
v -80.000000 33.578156 -195.375015
v -81.687500 33.578156 -193.687500
v -80.000000 32.000031 -192.000000
v -83.375008 33.578156 -192.000000
v 234.718750 95.953163 -223.999985
v 234.718750 95.953163 -234.718735
v 227.375015 81.578163 -223.999985
v 225.687500 81.578163 -225.687485
v 227.375015 81.578163 -223.999985
v 225.687500 81.578163 -225.687485
v 224.000000 80.000038 -223.999985
v 224.000000 81.578163 -227.375000
v 211.375015 65.578156 -207.999985
v 209.687500 65.578156 -209.687485
v 208.000000 64.000031 -207.999985
v 208.000000 65.578163 -211.375000
v 243.375015 97.578163 -239.999985
v 241.687500 97.578163 -241.687485
v 240.000000 96.000038 -239.999985
v 240.000000 97.578163 -243.375000
v 224.000000 79.999977 144.000015
v 224.000000 79.999977 160.000015
v 227.375015 81.578102 160.000015
v 227.375015 81.578102 144.000015
v 208.000000 47.999966 208.000015
v 256.000000 47.999966 208.000015
v 256.000000 49.578091 204.625031
v 208.000000 49.578091 204.625031
v 240.000000 96.000038 -239.999985
v 240.000000 96.000031 -207.999985
v 243.375015 97.578156 -207.999985
v 243.375015 97.578163 -239.999985
v 224.000000 80.000015 -79.999985
v 224.000000 79.999992 48.000011
v 227.375015 81.578117 48.000011
v 227.375015 81.578140 -79.999985
v 240.000000 96.000031 -207.999985
v 240.000000 96.000015 -79.999985
v 243.375015 97.578140 -79.999985
v 243.375015 97.578156 -207.999985
v 224.000000 80.000031 -207.999985
v 224.000000 80.000015 -79.999985
v 227.375015 81.578140 -79.999985
v 227.375015 81.578156 -207.999985
v -240.000000 48.000023 -143.999985
v -256.000000 48.000023 -143.999985
v -256.000000 47.953148 -138.718735
v -245.281235 47.953148 -138.718735
v 240.000000 96.000015 -79.999985
v 240.000000 95.999992 48.000015
v 243.375015 97.578117 48.000015
v 243.375015 97.578140 -79.999985
v 224.000000 80.000038 -223.999985
v 224.000000 80.000031 -207.999985
v 227.375015 81.578156 -207.999985
v 227.375015 81.578163 -223.999985
v 240.000000 95.999992 48.000015
v 240.000000 95.999977 144.000015
v 243.375015 97.578102 144.000015
v 243.375015 97.578117 48.000015
v -208.000000 79.999992 32.000011
v -256.000000 79.999992 32.000011
v -256.000000 81.578117 35.375011
v -208.000000 81.578117 35.375011
v -256.000000 48.000023 -143.999985
v -240.000000 48.000023 -143.999985
v -240.000000 49.578148 -147.374985
v -256.000000 49.578148 -147.374985
v -192.000000 79.999992 64.000015
v -192.000000 79.999992 48.000011
v -195.375015 81.578117 48.000011
v -195.375015 81.578117 64.000015
v -16.000000 32.000008 -47.999996
v -16.000000 32.000000 0.000005
v -12.625001 33.578125 0.000005
v -12.625001 33.578133 -47.999996
v -32.000000 32.000008 -47.999996
v -16.000000 32.000008 -47.999996
v -16.000000 33.578133 -51.375000
v -32.000000 33.578133 -51.375000
v -240.000000 112.000038 -223.999985
v -240.000000 112.000038 -255.999985
v -243.375015 113.578163 -255.999985
v -243.375015 113.578163 -223.999985
v -48.000000 32.000011 -79.999992
v -48.000000 32.000011 -63.999996
v -44.625004 33.578136 -63.999996
v -44.625004 33.578136 -79.999992
v -48.000000 32.000023 -144.000000
v -48.000000 32.000011 -79.999992
v -44.625004 33.578136 -79.999992
v -44.625004 33.578148 -144.000000
v -176.000000 63.999958 256.000000
v -176.000000 63.999981 128.000015
v -179.375015 65.578102 128.000015
v -179.375015 65.578087 256.000000
v 0.000000 32.000027 -160.000000
v -32.000000 32.000027 -160.000000
v -32.000000 33.578152 -156.625000
v 0.000000 33.578152 -156.625000
v 16.000000 48.000042 -255.999985
v 16.000000 48.000034 -207.999985
v 19.375000 49.578159 -207.999985
v 19.375000 49.578167 -255.999985
v -192.000000 79.999977 128.000015
v -192.000000 79.999992 64.000015
v -195.375015 81.578117 64.000015
v -195.375015 81.578102 128.000015
v 160.000000 96.000038 -239.999985
v 176.000000 96.000038 -239.999985
v 176.000000 97.578163 -243.375000
v 160.000000 97.578163 -243.375000
v -192.000000 79.999962 256.000000
v -192.000000 79.999977 128.000015
v -195.375015 81.578102 128.000015
v -195.375015 81.578087 256.000000
v 0.000000 32.000031 -192.000000
v 0.000000 32.000027 -160.000000
v 3.375000 33.578152 -160.000000
v 3.375000 33.578156 -192.000000
v 208.000000 64.000031 -191.999985
v 208.000000 64.000031 -207.999985
v 202.718750 63.953159 -202.718735
v 202.718750 63.953156 -191.999985
v 0.000000 32.000042 -256.000000
v 0.000000 32.000031 -192.000000
v 3.375000 33.578156 -192.000000
v 3.375000 33.578167 -256.000000
v -80.000000 32.000011 -63.999996
v -80.000000 32.000031 -192.000000
v -83.375008 33.578156 -192.000000
v -83.375008 33.578136 -63.999996
v 208.000000 64.000031 -207.999985
v 192.000000 64.000031 -207.999985
v 192.000000 63.953159 -202.718735
v 202.718750 63.953159 -202.718735
v 224.000000 79.999992 48.000011
v 224.000000 79.999977 144.000015
v 227.375015 81.578102 144.000015
v 227.375015 81.578117 48.000011
v 192.000000 47.999985 96.000008
v 192.000000 47.999969 192.000015
v 195.375015 49.578094 192.000015
v 195.375015 49.578110 96.000008
v 240.000000 79.999969 176.000015
v 256.000000 79.999969 176.000015
v 256.000000 81.578094 172.625031
v 240.000000 81.578094 172.625031
v -80.000000 32.000031 -192.000000
v -64.000000 32.000031 -192.000000
v -64.000000 33.578156 -195.375015
v -80.000000 33.578156 -195.375015
v 176.000000 96.000038 -239.999985
v 240.000000 96.000038 -239.999985
v 240.000000 97.578163 -243.375000
v 176.000000 97.578163 -243.375000
v -48.000000 32.000034 -208.000000
v -48.000000 32.000042 -256.000000
v -51.375004 33.578167 -256.000000
v -51.375004 33.578159 -208.000000
v 256.000000 112.000038 -239.999985
v 256.000000 112.000038 -255.999985
v 250.718750 111.953163 -250.718735
v 250.718750 111.953163 -239.999985
v -192.000000 79.999947 320.000000
v -192.000000 79.999962 256.000000
v -195.375015 81.578087 256.000000
v -195.375015 81.578072 320.000000
v 256.000000 112.000038 -255.999985
v 240.000000 112.000038 -255.999985
v 240.000000 111.953163 -250.718735
v 250.718750 111.953163 -250.718735
v -208.000000 95.999947 320.000031
v -208.000000 95.999962 256.000031
v -211.375015 97.578087 256.000031
v -211.375015 97.578072 320.000031
v -192.000000 64.000031 -175.999985
v -192.000000 64.000031 -191.999985
v -195.375015 65.578156 -191.999985
v -195.375015 65.578156 -175.999985
v -224.000000 111.999947 320.000031
v -224.000000 111.999962 256.000031
v -227.375015 113.578087 256.000031
v -227.375015 113.578072 320.000031
v -192.000000 63.999996 16.000010
v -256.000000 63.999996 16.000010
v -256.000000 65.578125 19.375011
v -192.000000 65.578125 19.375011
v 224.000000 63.999969 192.000015
v 256.000000 63.999969 192.000015
v 256.000000 65.578094 188.625031
v 224.000000 65.578094 188.625031
v -256.000000 96.000031 -191.999985
v -240.000000 96.000031 -191.999985
v -240.000000 97.578156 -195.375000
v -256.000000 97.578156 -195.375000
v -256.000000 80.000031 -175.999985
v -224.000000 80.000031 -175.999985
v -224.000000 81.578156 -179.375000
v -256.000000 81.578156 -179.375000
v -208.000000 95.999962 256.000031
v -208.000000 95.999977 128.000015
v -211.375015 97.578102 128.000015
v -211.375015 97.578087 256.000031
v -208.000000 80.000031 -191.999985
v -208.000000 80.000038 -255.999985
v -211.375015 81.578163 -255.999985
v -211.375015 81.578156 -191.999985
v 208.000000 63.999992 48.000011
v 208.000000 63.999969 176.000015
v 211.375015 65.578094 176.000015
v 211.375015 65.578117 48.000011
v -240.000000 48.000000 0.000008
v -256.000000 48.000000 0.000008
v -256.000000 49.578125 3.375008
v -240.000000 49.578125 3.375008
v -192.000000 64.000031 -191.999985
v -192.000000 64.000038 -255.999985
v -195.375015 65.578163 -255.999985
v -195.375015 65.578156 -191.999985
v 240.000000 96.000038 -239.999985
v 224.000000 96.000038 -239.999985
v 224.000000 95.953163 -234.718735
v 234.718750 95.953163 -234.718735
v -48.000000 31.999979 128.000000
v -48.000000 31.999981 112.000008
v -51.375004 33.578106 112.000008
v -51.375004 33.578106 128.000000
v 208.000000 64.000015 -79.999992
v 208.000000 63.999992 48.000011
v 211.375015 65.578117 48.000011
v 211.375015 65.578140 -79.999992
v -80.000000 32.000000 0.000005
v -80.000000 32.000011 -63.999996
v -83.375008 33.578136 -63.999996
v -83.375008 33.578125 0.000005
v 240.000000 96.000038 -223.999985
v 240.000000 96.000038 -239.999985
v 234.718750 95.953163 -234.718735
v 234.718750 95.953163 -223.999985
v -32.000000 31.999979 128.000000
v -48.000000 31.999979 128.000000
v -48.000000 33.578102 131.375000
v -32.000000 33.578102 131.375000
v 16.000000 31.999987 80.000008
v 16.000000 31.999985 96.000008
v 19.375000 33.578110 96.000008
v 19.375000 33.578114 80.000008
v -224.000000 111.999962 256.000031
v -224.000000 111.999977 160.000015
v -227.375015 113.578102 160.000015
v -227.375015 113.578087 256.000031
v -256.000000 48.000000 0.000008
v -240.000000 48.000000 0.000008
v -245.281235 47.953125 -5.281242
v -256.000000 47.953125 -5.281242
v -16.000000 31.999973 160.000000
v -16.000000 31.999977 144.000000
v -19.375000 33.578102 144.000000
v -19.375000 33.578098 160.000000
v 0.000000 31.999973 160.000000
v -16.000000 31.999973 160.000000
v -16.000000 33.578098 163.375015
v 0.000000 33.578098 163.375015
v -256.000000 64.000023 -159.999985
v -208.000000 64.000023 -159.999985
v -208.000000 65.578148 -163.375000
v -256.000000 65.578148 -163.375000
v 16.000000 31.999998 16.000006
v 16.000000 31.999987 80.000008
v 19.375000 33.578114 80.000008
v 19.375000 33.578121 16.000006
v -224.000000 96.000031 -207.999985
v -224.000000 96.000038 -255.999985
v -227.375015 97.578163 -255.999985
v -227.375015 97.578156 -207.999985
v 208.000000 64.000031 -207.999985
v 208.000000 64.000015 -79.999992
v 211.375015 65.578140 -79.999992
v 211.375015 65.578156 -207.999985
v 224.000000 80.000038 -223.999985
v 208.000000 80.000038 -223.999985
v 208.000000 79.953163 -218.718735
v 218.718750 79.953163 -218.718735
v 128.000000 31.999973 160.000000
v 0.000000 31.999973 160.000000
v 0.000000 33.578098 163.375015
v 128.000000 33.578098 163.375015
v 48.000000 31.999981 112.000008
v 176.000000 31.999981 112.000008
v 176.000000 33.578106 108.625015
v 48.000000 33.578106 108.625015
v 0.000000 31.999998 16.000006
v 16.000000 31.999998 16.000006
v 16.000000 33.578121 12.625007
v 0.000000 33.578121 12.625007
v 32.000000 31.999981 112.000008
v 48.000000 31.999981 112.000008
v 48.000000 33.578106 108.625015
v 32.000000 33.578106 108.625015
v 176.000000 31.999981 112.000008
v 176.000000 31.999966 208.000000
v 179.375015 33.578091 208.000000
v 179.375015 33.578106 112.000008
v 224.000000 80.000031 -207.999985
v 224.000000 80.000038 -223.999985
v 218.718750 79.953163 -218.718735
v 218.718750 79.953156 -207.999985
v 144.000000 64.000031 -207.999985
v 208.000000 64.000031 -207.999985
v 208.000000 65.578163 -211.375000
v 144.000000 65.578163 -211.375000
v 144.000000 31.999969 192.000000
v 144.000000 31.999971 176.000000
v 140.625000 33.578094 176.000000
v 140.625000 33.578094 192.000000
v -48.000000 31.999981 112.000008
v -48.000000 31.999998 16.000006
v -51.375004 33.578121 16.000006
v -51.375004 33.578106 112.000008
v 144.000000 31.999958 256.000000
v 144.000000 31.999969 192.000000
v 140.625000 33.578094 192.000000
v 140.625000 33.578083 256.000000
v -240.000000 111.999977 128.000015
v -256.000000 111.999977 128.000015
v -256.000000 113.578102 131.375015
v -240.000000 113.578102 131.375015
v -224.000000 111.999977 160.000015
v -224.000000 111.999977 144.000015
v -227.375015 113.578102 144.000015
v -227.375015 113.578102 160.000015
v -176.000000 63.999981 128.000015
v -176.000000 63.999996 32.000011
v -179.375015 65.578117 32.000011
v -179.375015 65.578102 128.000015
v 192.000000 31.999964 224.000000
v 256.000000 31.999964 224.000000
v 256.000000 33.578091 220.625015
v 192.000000 33.578091 220.625015
v 128.000000 64.000031 -207.999985
v 144.000000 64.000031 -207.999985
v 144.000000 65.578163 -211.375000
v 128.000000 65.578163 -211.375000
v 128.000000 80.000038 -255.999985
v 128.000000 80.000038 -239.999985
v 131.375000 81.578163 -239.999985
v 131.375000 81.578163 -255.999985
v 144.000000 80.000038 -223.999985
v 160.000000 80.000038 -223.999985
v 160.000000 81.578163 -227.375000
v 144.000000 81.578163 -227.375000
v -64.000000 32.000000 0.000005
v -80.000000 32.000000 0.000005
v -80.000000 33.578125 3.375006
v -64.000000 33.578125 3.375006
v 160.000000 80.000038 -223.999985
v 224.000000 80.000038 -223.999985
v 224.000000 81.578163 -227.375000
v 160.000000 81.578163 -227.375000
v 192.000000 47.999981 112.000008
v 192.000000 47.999985 96.000008
v 186.718750 47.953110 101.281258
v 186.718750 47.953106 112.000008
v -240.000000 127.953102 138.718765
v -240.000000 127.999977 144.000015
v -234.718750 127.953102 144.000015
v -224.000000 111.953117 58.718769
v -224.000000 111.999992 64.000015
v -218.718750 111.953117 64.000015
v 128.000000 79.953163 -218.718735
v 128.000000 80.000038 -223.999985
v 122.718750 79.953163 -223.999985
v -186.718750 63.953152 -159.999985
v -192.000000 64.000023 -159.999985
v -192.000000 63.953152 -154.718735
v 224.000000 79.953094 181.281250
v 224.000000 79.999969 176.000015
v 218.718750 79.953094 176.000015
v -250.718750 127.953163 -223.999985
v -256.000000 128.000031 -223.999985
v -256.000000 127.953163 -218.718735
v 160.000000 111.953163 -250.718735
v 160.000000 112.000038 -255.999985
v 154.718750 111.953163 -255.999985
v -234.718750 111.953156 -207.999985
v -240.000000 112.000031 -207.999985
v -240.000000 111.953156 -202.718735
v -256.000000 32.000004 -15.999995
v -256.000000 33.578129 -12.624995
v -254.312500 33.578129 -14.312494
v -176.000000 63.953125 10.718760
v -176.000000 63.999996 16.000010
v -170.718750 63.953121 16.000010
v 176.000000 31.999981 112.000008
v 177.687500 33.578106 110.312508
v 176.000000 33.578106 108.625015
v 186.718750 47.953106 112.000008
v 186.718750 47.953110 101.281258
v 179.375015 33.578106 112.000008
v 176.000000 31.999981 112.000008
v 179.375015 33.578106 112.000008
v 177.687500 33.578106 110.312508
v 256.000000 111.953102 149.281265
v 256.000000 111.999977 144.000015
v 250.718750 111.953102 144.000015
v 192.000000 47.953091 213.281250
v 192.000000 47.999966 208.000015
v 186.718750 47.953091 208.000015
v 218.718750 79.953156 -207.999985
v 218.718750 79.953163 -218.718735
v 211.375015 65.578156 -207.999985
v -26.718750 47.953098 160.000015
v -26.718750 47.953098 170.718765
v -19.375000 33.578098 160.000000
v 202.718750 63.953156 -191.999985
v 202.718750 63.953159 -202.718735
v 195.375015 49.578156 -191.999985
v -218.718750 95.953156 -191.999985
v -224.000000 96.000031 -191.999985
v -224.000000 95.953156 -186.718735
v -58.718750 47.953106 128.000015
v -58.718750 47.953102 138.718765
v -51.375004 33.578106 128.000000
v 250.718750 111.953163 -239.999985
v 250.718750 111.953163 -250.718735
v 243.375015 97.578163 -239.999985
v 240.000000 95.953094 165.281265
v 240.000000 95.999977 160.000015
v 234.718750 95.953102 160.000015
v 26.718750 47.953121 16.000008
v 26.718750 47.953125 5.281258
v 19.375000 33.578121 16.000006
v 208.000000 63.953094 197.281250
v 208.000000 63.999969 192.000015
v 202.718750 63.953094 192.000015
v -192.000000 79.953117 26.718763
v -192.000000 79.999992 32.000011
v -186.718750 79.953117 32.000011
v -90.718750 47.953125 0.000008
v -90.718750 47.953125 10.718758
v -83.375008 33.578125 0.000005
v -256.000000 32.000019 -127.999992
v -252.625015 33.578144 -127.999992
v -254.312500 33.578148 -129.687500
v 144.000000 95.953163 -234.718735
v 144.000000 96.000038 -239.999985
v 138.718750 95.953163 -239.999985
v -5.281250 47.953133 -47.999992
v -5.281250 47.953136 -58.718742
v -12.625001 33.578133 -47.999996
v -202.718750 79.953156 -175.999985
v -208.000000 80.000031 -175.999985
v -208.000000 79.953156 -170.718735
v -208.000000 95.953117 42.718765
v -208.000000 95.999992 48.000015
v -202.718750 95.953117 48.000015
v 0.000000 47.953148 -149.281235
v 10.718750 47.953148 -149.281235
v 0.000000 33.578152 -156.625000
v -256.000000 32.000004 -15.999995
v -254.312500 33.578129 -14.312494
v -252.625015 33.578129 -15.999994
v -256.000000 47.953125 -5.281242
v -245.281235 47.953125 -5.281242
v -256.000000 33.578129 -12.624995
v -80.000000 47.953159 -202.718735
v -90.718750 47.953159 -202.718735
v -80.000000 33.578156 -195.375015
v -256.000000 32.000019 -127.999992
v -254.312500 33.578148 -129.687500
v -256.000000 33.578148 -131.375000
vt 0.017578 0.015625
vt 0.484375 0.015625
vt 0.484375 0.484375
vt 0.017578 0.484375
vt -8.000000 -4.000000
vt -7.000000 -4.000000
vt -7.000000 -2.000000
vt -8.000000 -2.000000
vt 0.000000 0.000000
vt 1.000000 0.000000
vt 1.000000 1.000000
vt 0.000000 1.000000
vt 0.500000 0.000000
vt 1.000000 0.000000
vt 1.000000 0.500000
vt 0.500000 0.500000
vt 0.000000 0.000000
vt 0.500000 0.000000
vt 0.500000 0.500000
vt 0.000000 0.500000
vt -4.000000 0.000000
vt -3.000000 0.000000
vt -3.000000 0.500000
vt -4.000000 0.500000
vt -4.000000 0.000000
vt 0.000000 0.000000
vt 0.000000 0.500000
vt -4.000000 0.500000
vt 0.000000 1.000000
vt 0.500000 1.000000
vt 0.500000 4.000000
vt 0.000000 4.000000
vt 0.500000 1.000000
vt 1.000000 1.000000
vt 1.000000 4.000000
vt 0.500000 4.000000
vt -4.000000 0.039062
vt -2.000000 0.039062
vt -2.000000 0.972656
vt -4.000000 0.972656
vt -4.000000 0.039062
vt 0.000000 0.039062
vt 0.000000 0.972656
vt -4.000000 0.972656
vt -4.000000 0.031250
vt -3.000000 0.031250
vt -3.000000 0.972656
vt -4.000000 0.972656
vt -91.000000 -5.000000
vt -89.000000 -5.000000
vt -89.000000 -4.000000
vt -91.000000 -4.000000
vt -92.000000 -10.000000
vt -90.000000 -10.000000
vt -90.000000 -8.000000
vt -92.000000 -8.000000
vt -38.000000 -30.000000
vt -35.000000 -30.000000
vt -35.000000 -27.000000
vt -38.000000 -27.000000
vt -91.000000 -3.000000
vt -90.000000 -3.000000
vt -90.000000 -2.000000
vt -91.000000 -2.000000
vt -91.000000 -3.000000
vt -90.000000 -3.000000
vt -90.000000 -2.000000
vt -91.000000 -2.000000
vt -91.000000 -3.000000
vt -90.000000 -3.000000
vt -90.000000 -2.000000
vt -91.000000 -2.000000
vt -4.000000 -4.000000
vt 4.000000 -4.000000
vt 4.000000 4.000000
vt -4.000000 4.000000
vt -4.000000 -4.000000
vt 4.000000 -4.000000
vt 4.000000 4.000000
vt -4.000000 4.000000
vt -4.000000 -4.000000
vt 4.000000 -4.000000
vt 4.000000 4.000000
vt -4.000000 4.000000
vt -91.000000 -3.000000
vt -90.000000 -3.000000
vt -90.000000 -2.000000
vt -91.000000 -2.000000
vt -91.000000 -3.000000
vt -90.000000 -3.000000
vt -90.000000 -2.000000
vt -91.000000 -2.000000
vt -91.000000 -3.000000
vt -90.000000 -3.000000
vt -90.000000 -2.000000
vt -91.000000 -2.000000
vt -91.000000 -3.000000
vt -90.000000 -3.000000
vt -90.000000 -2.000000
vt -91.000000 -2.000000
vt 0.484375 0.015625
vt 0.984375 0.015625
vt 0.984375 0.484375
vt 0.484375 0.484375
vt 0.984375 0.015625
vt 0.484375 0.015625
vt 0.484375 0.484375
vt 0.984375 0.484375
vt 0.984375 0.015625
vt 0.484375 0.015625
vt 0.484375 0.484375
vt 0.984375 0.484375
vt 0.500000 0.875000
vt 0.984375 0.875000
vt 0.984375 0.984375
vt 0.500000 0.984375
vt 0.500000 0.515625
vt 0.984375 0.515625
vt 0.984375 0.984375
vt 0.500000 0.984375
vt 0.484375 0.015625
vt 0.984375 0.015625
vt 0.984375 0.484375
vt 0.484375 0.484375
vt 0.000000 -1.000000
vt 1.000000 -1.000000
vt 1.000000 1.000000
vt 0.000000 1.000000
vt -2.000000 0.000000
vt 2.000000 0.000000
vt 2.000000 2.000000
vt -2.000000 2.000000
vt 0.000000 0.000000
vt 1.000000 0.000000
vt 1.000000 1.000000
vt 0.000000 1.000000
vt -2.000000 0.000000
vt 2.000000 0.000000
vt 2.000000 2.000000
vt -2.000000 2.000000
vt -2.000000 -1.000000
vt 1.000000 -1.000000
vt 1.000000 2.000000
vt -2.000000 2.000000
vt 0.000000 -1.000000
vt 1.000000 -1.000000
vt 1.000000 1.000000
vt 0.000000 1.000000
vt -1.000000 -1.000000
vt 1.000000 -1.000000
vt 1.000000 1.000000
vt -1.000000 1.000000
vt -2.000000 -1.000000
vt 1.000000 -1.000000
vt 1.000000 2.000000
vt -2.000000 2.000000
vt 4.500000 2.750000
vt 2.500000 2.750000
vt 2.500000 2.562500
vt 4.500000 2.562500
vt 2.500000 2.750000
vt 2.500000 4.500000
vt 2.312500 4.500000
vt 2.312500 2.750000
vt 2.500000 4.500000
vt 4.500000 4.500000
vt 4.500000 4.687500
vt 2.500000 4.687500
vt 4.500000 4.500000
vt 4.500000 2.750000
vt 4.687500 2.750000
vt 4.687500 4.500000
vt 2.500000 2.750000
vt 4.500000 2.750000
vt 4.500000 4.500000
vt 2.500000 4.500000
vt 4.500000 2.750000
vt 4.500000 2.562500
vt 4.687500 2.750000
vt 2.500000 2.750000
vt 2.312500 2.750000
vt 2.500000 2.562500
vt 4.500000 4.500000
vt 4.687500 4.500000
vt 4.500000 4.687500
vt 2.500000 4.500000
vt 2.500000 4.687500
vt 2.312500 4.500000
vt -91.000000 -3.000000
vt -90.000000 -3.000000
vt -90.000000 -2.000000
vt -91.000000 -2.000000
vt -91.000000 -5.000000
vt -89.000000 -5.000000
vt -89.000000 -4.000000
vt -91.000000 -4.000000
vt -91.000000 -5.000000
vt -89.000000 -5.000000
vt -89.000000 -4.000000
vt -91.000000 -4.000000
vt -87.000000 -5.000000
vt -86.000000 -5.000000
vt -86.000000 -2.000000
vt -87.000000 -2.000000
vt -92.000000 -10.000000
vt -90.000000 -10.000000
vt -90.000000 -8.000000
vt -92.000000 -8.000000
vt -91.000000 -3.000000
vt -90.000000 -3.000000
vt -90.000000 -2.000000
vt -91.000000 -2.000000
vt -92.000000 -10.000000
vt -90.000000 -10.000000
vt -90.000000 -8.000000
vt -92.000000 -8.000000
vt -92.000000 -10.000000
vt -90.000000 -10.000000
vt -90.000000 -8.000000
vt -92.000000 -8.000000
vt -89.000000 -4.000000
vt -88.000000 -4.000000
vt -88.000000 -2.000000
vt -89.000000 -2.000000
vt -89.000000 -4.000000
vt -88.000000 -4.000000
vt -88.000000 -2.000000
vt -89.000000 -2.000000
vt 0.000000 1.000000
vt 1.000000 1.000000
vt 1.000000 2.000000
vt 0.000000 2.000000
vt 0.000000 0.000000
vt 1.000000 0.000000
vt 0.500000 1.406250
vt 0.000000 1.406250
vt 0.000000 1.109375
vt 0.500000 1.109375
vt 0.000000 1.015625
vt 0.500000 1.015625
vt 0.500000 1.406250
vt 0.000000 1.406250
vt 0.000000 1.109375
vt 0.500000 1.109375
vt 0.000000 1.015625
vt 0.500000 1.015625
vt 0.000000 0.000000
vt 1.000000 0.000000
vt 1.000000 1.000000
vt 0.000000 1.000000
vt 0.000000 0.000000
vt 1.000000 0.000000
vt 1.000000 1.000000
vt 0.000000 1.000000
vt 0.000000 0.000000
vt 1.000000 0.000000
vt 1.000000 1.000000
vt 0.000000 1.000000
vt 0.000000 0.000000
vt 1.000000 0.000000
vt 1.000000 1.000000
vt 0.000000 1.000000
vt 0.000000 0.000000
vt 1.000000 0.000000
vt 1.000000 1.000000
vt 0.000000 1.000000
vt 0.000000 0.000000
vt 1.000000 0.000000
vt 1.000000 1.000000
vt 0.000000 1.000000
vt 0.000000 0.000000
vt 1.000000 0.000000
vt 1.000000 1.000000
vt 0.000000 1.000000
vt 0.000000 0.000000
vt 1.000000 0.000000
vt 1.000000 1.000000
vt 0.000000 1.000000
vt 0.000000 0.000000
vt 0.500000 0.000000
vt 0.500000 1.000000
vt 0.000000 1.000000
vt 0.000000 0.000000
vt 0.500000 0.000000
vt 0.500000 1.000000
vt 0.000000 1.000000
vt 0.000000 0.000000
vt 1.000000 0.000000
vt 1.000000 1.000000
vt 0.000000 1.000000
vt 0.000000 0.000000
vt 1.500000 0.000000
vt 1.500000 1.000000
vt 0.000000 1.000000
vt 0.000000 0.000000
vt 1.500000 0.000000
vt 1.500000 1.000000
vt 0.000000 1.000000
vt 0.000000 0.000000
vt 0.500000 0.000000
vt 0.500000 1.000000
vt 0.000000 1.000000
vt 0.000000 0.000000
vt 0.500000 0.000000
vt 0.500000 1.000000
vt 0.000000 1.000000
vt 0.000000 0.000000
vt 0.500000 0.000000
vt 0.500000 1.000000
vt 0.000000 1.000000
vt 0.000000 0.000000
vt 0.500000 0.000000
vt 0.500000 1.000000
vt 0.000000 1.000000
vt 0.000000 0.000000
vt 0.500000 0.000000
vt 0.500000 1.000000
vt 0.000000 1.000000
vt 0.000000 0.000000
vt 0.500000 0.000000
vt 0.500000 1.000000
vt 0.000000 1.000000
vt 0.000000 0.000000
vt 0.500000 0.000000
vt 0.500000 1.000000
vt 0.000000 1.000000
vt 0.000000 0.000000
vt 0.500000 0.000000
vt 0.500000 1.000000
vt 0.000000 1.000000
vt 0.375000 1.000000
vt 0.375000 0.000000
vt 0.625000 0.000000
vt 0.625000 1.000000
vt 0.375000 1.000000
vt 0.375000 0.000000
vt 0.625000 0.000000
vt 0.625000 1.000000
vt 0.000000 0.000000
vt 0.500000 0.000000
vt 0.500000 1.000000
vt 0.000000 1.000000
vt 0.000000 0.000000
vt 1.000000 0.000000
vt 1.000000 1.000000
vt 0.000000 1.000000
vt 0.000000 0.000000
vt 1.000000 0.000000
vt 1.000000 1.000000
vt 0.000000 1.000000
vt 0.000000 0.000000
vt 1.000000 0.000000
vt 1.000000 1.000000
vt 0.000000 1.000000
vt 0.000000 0.000000
vt 1.000000 0.000000
vt 1.000000 1.000000
vt 0.000000 1.000000
vt 0.000000 0.000000
vt 1.000000 0.000000
vt 1.000000 1.000000
vt 0.000000 1.000000
vt 0.000000 0.000000
vt 1.000000 0.000000
vt 1.000000 1.000000
vt 0.000000 1.000000
vt 0.000000 0.000000
vt 1.000000 0.000000
vt 1.000000 1.000000
vt 0.000000 1.000000
vt 0.000000 0.000000
vt 1.000000 0.000000
vt 1.000000 1.000000
vt 0.000000 1.000000
vt 0.000000 0.000000
vt 1.000000 0.000000
vt 1.000000 1.000000
vt 0.000000 1.000000
vt 0.000000 0.000000
vt 1.000000 0.000000
vt 1.000000 1.000000
vt 0.000000 1.000000
vt 0.000000 0.000000
vt 1.000000 0.000000
vt 1.000000 1.000000
vt 0.000000 1.000000
vt 0.000000 0.000000
vt 1.000000 0.000000
vt 1.000000 1.000000
vt 0.000000 1.000000
vt 0.000000 0.000000
vt 1.000000 0.000000
vt 1.000000 1.000000
vt 0.000000 1.000000
vt 0.000000 0.000000
vt 1.000000 0.000000
vt 1.000000 1.000000
vt 0.000000 1.000000
vt 0.000000 0.000000
vt 1.000000 0.000000
vt 1.000000 1.000000
vt 0.000000 1.000000
vt 0.000000 0.000000
vt 1.000000 0.000000
vt 1.000000 1.000000
vt 0.000000 1.000000
vt 0.000000 0.000000
vt 1.000000 0.000000
vt 1.000000 1.000000
vt 0.000000 1.000000
vt 0.000000 0.000000
vt 1.000000 0.000000
vt 1.000000 1.000000
vt 0.000000 1.000000
vt 0.000000 0.000000
vt 1.000000 0.000000
vt 1.000000 1.000000
vt 0.000000 1.000000
vt 0.000000 0.000000
vt 1.000000 0.000000
vt 1.000000 1.000000
vt 0.000000 1.000000
vt 0.000000 0.000000
vt 1.000000 0.000000
vt 1.000000 1.000000
vt 0.000000 1.000000
vt 0.000000 0.000000
vt 1.000000 0.000000
vt 1.000000 1.000000
vt 0.000000 1.000000
vt 0.000000 0.000000
vt 1.000000 0.000000
vt 1.000000 1.000000
vt 0.000000 1.000000
vt 0.000000 0.000000
vt 1.000000 0.000000
vt 1.000000 1.000000
vt 0.000000 1.000000
vt 0.000000 0.000000
vt 1.000000 0.000000
vt 1.000000 1.000000
vt 0.000000 1.000000
vt 0.000000 0.000000
vt 1.000000 0.000000
vt 1.000000 1.000000
vt 0.000000 1.000000
vt 0.000000 0.000000
vt 1.000000 0.000000
vt 1.000000 1.000000
vt 0.000000 1.000000
vt 0.000000 0.000000
vt 1.000000 0.000000
vt 1.000000 1.000000
vt 0.000000 1.000000
vt 0.000000 0.000000
vt 1.000000 0.000000
vt 1.000000 1.000000
vt 0.000000 1.000000
vt 0.000000 0.000000
vt 1.000000 0.000000
vt 1.000000 1.000000
vt 0.000000 1.000000
vt 0.000000 0.000000
vt 1.000000 0.000000
vt 1.000000 1.000000
vt 0.000000 1.000000
vt 0.000000 0.000000
vt 1.000000 0.000000
vt 1.000000 1.000000
vt 0.000000 1.000000
vt 0.000000 0.000000
vt 1.000000 0.000000
vt 1.000000 1.000000
vt 0.000000 1.000000
vt 0.000000 0.000000
vt 1.000000 0.000000
vt 1.000000 1.000000
vt 0.000000 1.000000
vt 0.375000 1.000000
vt 0.375000 0.000000
vt 1.000000 0.000000
vt 1.000000 1.000000
vt 0.000000 0.000000
vt 0.625000 0.000000
vt 0.625000 1.000000
vt 0.000000 1.000000
vt 0.375000 1.000000
vt 0.375000 0.000000
vt 1.000000 0.000000
vt 1.000000 1.000000
vt 0.000000 0.000000
vt 0.625000 0.000000
vt 0.625000 1.000000
vt 0.000000 1.000000
vt 0.000000 0.000000
vt 1.000000 0.000000
vt 1.000000 1.000000
vt 0.000000 1.000000
vt 0.000000 0.000000
vt 1.000000 0.000000
vt 1.000000 1.000000
vt 0.000000 1.000000
vt 0.000000 0.000000
vt 1.000000 0.000000
vt 1.000000 1.000000
vt 0.000000 1.000000
vt -4.000000 0.062500
vt 0.000000 0.062500
vt 0.000000 0.375000
vt -4.000000 0.375000
vt 0.000000 0.937500
vt -4.000000 0.937500
vt 0.000000 0.062500
vt 4.000000 0.062500
vt 4.000000 0.375000
vt 0.000000 0.375000
vt 4.000000 0.937500
vt 0.000000 0.937500
vt -4.000000 0.062500
vt 0.000000 0.062500
vt 0.000000 0.375000
vt -4.000000 0.375000
vt 0.000000 0.937500
vt -4.000000 0.937500
vt 0.000000 0.062500
vt 4.000000 0.062500
vt 4.000000 0.375000
vt 0.000000 0.375000
vt 4.000000 0.937500
vt 0.000000 0.937500
vt 0.000000 0.937500
vt 0.000000 0.375000
vt 0.500000 0.937500
vt 1.000000 0.375000
vt 1.000000 0.937500
vt 0.000000 0.937500
vt 0.000000 0.375000
vt 0.500000 0.937500
vt 1.000000 0.375000
vt 1.000000 0.937500
vt 0.000000 0.937500
vt 0.000000 0.375000
vt 0.500000 0.937500
vt 1.000000 0.375000
vt 1.000000 0.937500
vt 0.000000 0.937500
vt 0.000000 0.375000
vt 0.500000 0.937500
vt 1.000000 0.375000
vt 1.000000 0.937500
vt 0.000000 0.062500
vt 1.000000 0.062500
vt 1.000000 0.375000
vt 0.000000 0.375000
vt 0.000000 0.062500
vt 1.000000 0.062500
vt 1.000000 0.375000
vt 0.000000 0.375000
vt 0.000000 0.062500
vt 1.000000 0.062500
vt 1.000000 0.375000
vt 0.000000 0.375000
vt 0.000000 0.062500
vt 1.000000 0.062500
vt 1.000000 0.375000
vt 0.000000 0.375000
vt 0.500000 -3.500000
vt 0.500000 -4.000000
vt 0.250000 -4.000000
vt 0.250000 -3.500000
vt 0.031250 -4.000000
vt 0.031250 -3.500000
vt 0.500000 -3.000000
vt 0.500000 -3.281250
vt 0.250000 -3.281250
vt 0.250000 -3.000000
vt 0.031250 -3.281250
vt 0.031250 -3.000000
vt 0.500000 -3.000000
vt 0.500000 -3.281250
vt 0.250000 -3.281250
vt 0.250000 -3.000000
vt 0.031250 -3.281250
vt 0.031250 -3.000000
vt 0.500000 -2.000000
vt 0.500000 -4.000000
vt 0.250000 -4.000000
vt 0.250000 -2.000000
vt 0.031250 -4.000000
vt 0.031250 -2.000000
vt 0.500000 -3.500000
vt 0.500000 -4.000000
vt 0.730469 -4.000000
vt 0.730469 -3.500000
vt 0.500000 -4.000000
vt 0.500000 -3.500000
vt 0.250000 -3.500000
vt 0.250000 -4.000000
vt 0.730469 -3.500000
vt 0.730469 -4.000000
vt 0.500000 -4.000000
vt 0.500000 -3.500000
vt 0.500000 -3.000000
vt 0.500000 -3.281250
vt 0.734375 -3.281250
vt 0.734375 -3.000000
vt 0.500000 -3.281250
vt 0.500000 -3.000000
vt 0.250000 -3.000000
vt 0.250000 -3.281250
vt 0.734375 -3.000000
vt 0.734375 -3.281250
vt 0.500000 -3.281250
vt 0.500000 -3.000000
vt 0.765625 -3.250000
vt 0.765625 -3.015625
vt 0.968750 -3.015625
vt 0.968750 -3.250000
vt 0.765625 -2.427734
vt 0.765625 -2.316406
vt 0.968750 -2.316406
vt 0.968750 -2.427734
vt 0.765625 -3.015625
vt 0.765625 -3.250000
vt 0.968750 -3.250000
vt 0.968750 -3.015625
vt 0.765625 -3.250000
vt 0.765625 -3.015625
vt 0.968750 -3.015625
vt 0.968750 -3.250000
vt 0.765625 -2.427734
vt 0.765625 -2.316406
vt 0.968750 -2.316406
vt 0.968750 -2.427734
vt 0.765625 -3.015625
vt 0.765625 -3.250000
vt 0.968750 -3.250000
vt 0.968750 -3.015625
vt 0.500000 -3.000000
vt 0.500000 -3.281250
vt 0.734375 -3.281250
vt 0.734375 -3.000000
vt 0.500000 -3.281250
vt 0.500000 -3.000000
vt 0.250000 -3.000000
vt 0.250000 -3.281250
vt 0.734375 -3.000000
vt 0.734375 -3.281250
vt 0.500000 -3.281250
vt 0.500000 -3.000000
vt 0.500000 -2.000000
vt 0.500000 -4.000000
vt 0.730469 -4.000000
vt 0.730469 -2.000000
vt 0.500000 -4.000000
vt 0.500000 -2.000000
vt 0.250000 -2.000000
vt 0.250000 -4.000000
vt 0.730469 -2.000000
vt 0.730469 -4.000000
vt 0.500000 -4.000000
vt 0.500000 -2.000000
vt 0.919922 -3.000000
vt 2.919922 -3.000000
vt 2.919922 1.000000
vt 0.919922 1.000000
vt -2.000000 -5.000000
vt -1.000000 -5.000000
vt -1.000000 -4.500000
vt -2.000000 -4.500000
vt -1.000000 -6.000000
vt 0.000000 -6.000000
vt 0.000000 -5.500000
vt -1.000000 -5.500000
vt 0.000000 -6.000000
vt 4.000000 -6.000000
vt 4.000000 -5.500000
vt 0.000000 -5.500000
vt -7.500000 4.000000
vt -5.500000 4.000000
vt -5.500000 4.500000
vt -7.500000 4.500000
vt -5.000000 -3.000000
vt -3.000000 -3.000000
vt -3.000000 0.000000
vt -5.000000 0.000000
vt -7.500000 0.000000
vt -5.500000 0.000000
vt -5.500000 4.000000
vt -7.500000 4.000000
vt -3.000000 6.500000
vt -2.000000 6.500000
vt -2.000000 8.000000
vt -3.000000 8.000000
vt -5.500000 4.000000
vt -3.000000 4.000000
vt -3.000000 8.000000
vt -5.500000 8.000000
vt -5.500000 0.000000
vt -3.000000 0.000000
vt -3.000000 4.000000
vt -5.500000 4.000000
vt -3.000000 -3.000000
vt -2.000000 -3.000000
vt -2.000000 -0.500000
vt -3.000000 -0.500000
vt 5.000000 1.000000
vt 6.000000 1.000000
vt 6.000000 5.000000
vt 5.000000 5.000000
vt 2.000000 5.000000
vt 6.000000 5.000000
vt 6.000000 6.000000
vt 2.000000 6.000000
vt 1.000000 6.500000
vt 3.500000 6.500000
vt 3.500000 8.000000
vt 1.000000 8.000000
vt 0.500000 4.500000
vt 1.000000 4.500000
vt 1.000000 6.000000
vt 0.500000 6.000000
vt -1.000000 4.000000
vt 1.000000 4.000000
vt 1.000000 4.500000
vt -1.000000 4.500000
vt 3.000000 0.000000
vt 6.000000 0.000000
vt 6.000000 1.000000
vt 3.000000 1.000000
vt 1.000000 1.000000
vt 5.000000 1.000000
vt 5.000000 2.250000
vt 1.000000 2.250000
vt 1.000000 2.250000
vt 2.000000 2.250000
vt 2.000000 6.000000
vt 1.000000 6.000000
vt 1.000000 -3.000000
vt 3.000000 -3.000000
vt 3.000000 1.000000
vt 1.000000 1.000000
vt 3.593750 6.609375
vt 3.531250 6.687500
vt 3.500000 6.500000
vt 3.500000 7.000000
vt -5.000000 -0.500000
vt -5.000000 0.000000
vt -5.031250 -0.187500
vt -5.156250 -0.031250
vt -6.000000 4.500000
vt -5.500000 4.500000
vt -5.687500 4.531250
vt -5.531250 4.656250
vt -5.500000 0.000000
vt -5.156250 -0.031250
vt -5.000000 0.000000
vt -5.500000 5.000000
vt -5.531250 4.656250
vt -5.500000 4.500000
vt 1.000000 6.000000
vt 0.656250 6.031250
vt 0.500000 6.000000
vt 0.109375 0.060547
vt 0.109375 0.074219
vt 0.101562 0.074219
vt 0.101562 0.060547
vt 0.080078 0.048828
vt 0.080078 0.035156
vt 0.048828 0.074219
vt 0.048828 0.060547
vt 0.056641 0.060547
vt 0.056641 0.074219
vt 0.078125 0.035156
vt 0.078125 0.048828
vt 0.109375 0.060547
vt 0.109375 0.074219
vt 0.101562 0.074219
vt 0.101562 0.060547
vt 0.080078 0.048828
vt 0.080078 0.035156
vt 0.048828 0.074219
vt 0.048828 0.060547
vt 0.056641 0.060547
vt 0.056641 0.074219
vt 0.078125 0.035156
vt 0.078125 0.048828
vt 0.033203 0.056641
vt 0.033203 0.039062
vt 0.042969 0.035156
vt 0.042969 0.056641
vt 0.033203 0.039062
vt 0.033203 0.056641
vt 0.023438 0.056641
vt 0.023438 0.035156
vt 0.224609 0.199219
vt 0.146484 0.199219
vt 0.146484 0.156250
vt 0.224609 0.156250
vt 0.162109 0.072266
vt 0.193359 0.039062
vt 0.193359 0.050781
vt 0.169922 0.076172
vt 0.031250 0.167969
vt 0.109375 0.167969
vt 0.109375 0.208984
vt 0.031250 0.208984
vt 0.033203 0.208984
vt 0.033203 0.167969
vt 0.109375 0.167969
vt 0.109375 0.208984
vt 0.222656 0.160156
vt 0.222656 0.203125
vt 0.144531 0.203125
vt 0.144531 0.160156
vt 0.193359 0.039062
vt 0.224609 0.072266
vt 0.216797 0.076172
vt 0.193359 0.050781
vt 0.289062 0.250000
vt 0.289062 0.015625
vt 0.957031 0.015625
vt 0.957031 0.250000
vt 0.957031 0.015625
vt 0.289062 0.015625
vt 0.289062 0.250000
vt 0.957031 0.250000
vt 0.000000 0.957031
vt 0.000000 0.289062
vt 0.625000 0.289062
vt 0.625000 0.957031
vt 0.166016 0.076172
vt 0.166016 0.080078
vt 0.158203 0.091797
vt 0.158203 0.076172
vt 0.150391 0.076172
vt 0.150391 0.072266
vt 0.158203 0.072266
vt 0.158203 0.085938
vt 0.033203 0.056641
vt 0.033203 0.039062
vt 0.042969 0.035156
vt 0.042969 0.056641
vt 0.033203 0.039062
vt 0.033203 0.056641
vt 0.023438 0.056641
vt 0.023438 0.035156
vt 0.166016 0.076172
vt 0.166016 0.080078
vt 0.158203 0.091797
vt 0.158203 0.076172
vt 0.150391 0.076172
vt 0.150391 0.072266
vt 0.158203 0.072266
vt 0.158203 0.085938
vt 0.224609 0.199219
vt 0.146484 0.199219
vt 0.146484 0.156250
vt 0.224609 0.156250
vt 0.162109 0.072266
vt 0.193359 0.039062
vt 0.193359 0.050781
vt 0.169922 0.076172
vt 0.031250 0.167969
vt 0.109375 0.167969
vt 0.109375 0.208984
vt 0.031250 0.208984
vt 0.957031 0.015625
vt 0.289062 0.015625
vt 0.289062 0.250000
vt 0.957031 0.250000
vt 0.033203 0.208984
vt 0.033203 0.167969
vt 0.109375 0.167969
vt 0.109375 0.208984
vt 0.222656 0.160156
vt 0.222656 0.203125
vt 0.144531 0.203125
vt 0.144531 0.160156
vt 0.000000 0.957031
vt 0.000000 0.289062
vt 0.625000 0.289062
vt 0.625000 0.957031
vt 0.193359 0.039062
vt 0.224609 0.072266
vt 0.216797 0.076172
vt 0.193359 0.050781
vt 0.289062 0.250000
vt 0.289062 0.015625
vt 0.957031 0.015625
vt 0.957031 0.250000
vt 0.162109 0.072266
vt 0.169922 0.076172
vt 0.162109 0.076172
vt 0.216797 0.076172
vt 0.224609 0.072266
vt 0.224609 0.076172
vt 0.216797 0.076172
vt 0.224609 0.072266
vt 0.224609 0.076172
vt 0.162109 0.072266
vt 0.169922 0.076172
vt 0.162109 0.076172
vt -0.500000 -1.000000
vt -0.500000 -0.812500
vt -1.000000 -1.000000
vt -0.812500 -0.500000
vt -1.000000 -0.500000
vt 4.500000 -4.500000
vt 4.500000 -4.687500
vt 5.000000 -4.500000
vt 4.812500 -5.000000
vt 5.000000 -5.000000
vt -0.500000 -3.500000
vt -0.500000 -3.687500
vt 0.000000 -3.500000
vt -0.187500 -4.000000
vt 0.000000 -4.000000
vt 5.500000 -7.500000
vt 5.500000 -7.312500
vt 5.000000 -7.500000
vt 5.187500 -7.000000
vt 5.000000 -7.000000
vt 0.500000 -4.000000
vt 0.500000 -3.812500
vt 0.000000 -4.000000
vt 0.187500 -3.500000
vt 0.000000 -3.500000
vt -1.500000 0.500000
vt -1.500000 0.312500
vt -1.000000 0.500000
vt -1.187500 0.000000
vt -1.000000 0.000000
vt -1.500000 1.000000
vt -1.500000 1.187500
vt -2.000000 1.000000
vt -1.812500 1.500000
vt -2.000000 1.500000
vt -2.000000 5.000000
vt -1.812500 5.000000
vt -2.000000 5.500000
vt -1.500000 5.312500
vt -1.500000 5.500000
vt -1.500000 5.500000
vt -1.000000 5.500000
vt -1.500000 5.687500
vt -1.187500 6.000000
vt 1.000000 -4.000000
vt 5.000000 -4.000000
vt 5.000000 -3.812500
vt 1.000000 -3.812500
vt -1.000000 1.000000
vt -1.000000 -0.500000
vt -0.812500 -0.500000
vt -0.812500 1.000000
vt -1.500000 1.000000
vt -1.000000 1.000000
vt -1.000000 1.187500
vt -1.500000 1.187500
vt -2.000000 5.000000
vt -2.000000 2.000000
vt -1.812500 2.000000
vt -1.812500 5.000000
vt -0.500000 5.500000
vt -1.500000 5.500000
vt -1.500000 5.312500
vt -0.500000 5.312500
vt -0.500000 6.000000
vt -0.500000 5.500000
vt -0.312500 5.500000
vt -0.312500 6.000000
vt -1.000000 -3.500000
vt -1.000000 -3.000000
vt -1.187500 -3.000000
vt -1.187500 -3.500000
vt 0.000000 -4.500000
vt 0.000000 -4.000000
vt -0.187500 -4.000000
vt -0.187500 -4.500000
vt 0.000000 -1.000000
vt 0.000000 -3.000000
vt 0.187500 -3.000000
vt 0.187500 -1.000000
vt 4.500000 -4.500000
vt 0.500000 -4.500000
vt 0.500000 -4.687500
vt 4.500000 -4.687500
vt -1.500000 0.500000
vt -2.000000 0.500000
vt -2.000000 0.312500
vt -1.500000 0.312500
vt 5.000000 -8.000000
vt 5.000000 -5.000000
vt 4.812500 -5.000000
vt 4.812500 -8.000000
vt -2.000000 0.500000
vt -2.000000 1.500000
vt -2.187500 1.500000
vt -2.187500 0.500000
vt -2.000000 1.500000
vt -2.000000 5.500000
vt -2.187500 5.500000
vt -2.187500 1.500000
vt -0.500000 -3.500000
vt -1.000000 -3.500000
vt -1.000000 -3.687500
vt -0.500000 -3.687500
vt -2.000000 5.500000
vt -1.500000 5.500000
vt -1.500000 5.687500
vt -2.000000 5.687500
vt 0.500000 -4.500000
vt 0.000000 -4.500000
vt 0.000000 -4.687500
vt 0.500000 -4.687500
vt -1.000000 -3.000000
vt -1.000000 0.000000
vt -1.187500 0.000000
vt -1.187500 -3.000000
vt -1.000000 -3.000000
vt 0.000000 -3.000000
vt 0.000000 -2.000000
vt -1.000000 -2.000000
vt -1.000000 6.000000
vt -1.000000 8.000000
vt -1.187500 8.000000
vt -1.187500 6.000000
vt -1.000000 -3.500000
vt 0.000000 -3.500000
vt 0.000000 -3.000000
vt -1.000000 -3.000000
vt 0.000000 -4.500000
vt 1.000000 -4.500000
vt 1.000000 -4.000000
vt 0.000000 -4.000000
vt -2.000000 0.500000
vt -1.000000 0.500000
vt -1.000000 1.000000
vt -2.000000 1.000000
vt 1.000000 -4.500000
vt 5.000000 -4.500000
vt 5.000000 -4.000000
vt 1.000000 -4.000000
vt 5.000000 -8.000000
vt 6.000000 -8.000000
vt 6.000000 -7.500000
vt 5.000000 -7.500000
vt 6.000000 -8.000000
vt 8.000000 -8.000000
vt 8.000000 -7.500000
vt 6.000000 -7.500000
vt -1.000000 5.500000
vt -0.500000 5.500000
vt -0.500000 6.000000
vt -1.000000 6.000000
vt -1.000000 6.000000
vt -0.500000 6.000000
vt -0.500000 8.000000
vt -1.000000 8.000000
vt -1.000000 -2.000000
vt 0.000000 -2.000000
vt 0.000000 -1.000000
vt -1.000000 -1.000000
vt 0.500000 -4.000000
vt 1.000000 -4.000000
vt 1.000000 -3.812500
vt 0.500000 -3.812500
vt 5.000000 -4.000000
vt 5.000000 -7.000000
vt 5.187500 -7.000000
vt 5.187500 -4.000000
vt 5.500000 -7.500000
vt 6.000000 -7.500000
vt 6.000000 -7.312500
vt 5.500000 -7.312500
vt 0.000000 -3.000000
vt 0.000000 -3.500000
vt 0.187500 -3.500000
vt 0.187500 -3.000000
vt -0.500000 -1.000000
vt 0.000000 -1.000000
vt 0.000000 -0.812500
vt -0.500000 -0.812500
vt -0.500000 8.000000
vt -0.500000 6.000000
vt -0.312500 6.000000
vt -0.312500 8.000000
vt -2.000000 2.000000
vt -2.000000 1.500000
vt -1.812500 1.500000
vt -1.812500 2.000000
vt 6.000000 -7.500000
vt 8.000000 -7.500000
vt 8.000000 -7.312500
vt 6.000000 -7.312500
vt -1.000000 -3.500000
vt -1.187500 -3.500000
vt -1.000000 -3.687500
vt 5.000000 -4.000000
vt 5.187500 -4.000000
vt 5.000000 -3.812500
vt -1.000000 1.000000
vt -0.812500 1.000000
vt -1.000000 1.187500
vt -2.000000 0.500000
vt -2.187500 0.500000
vt -2.000000 0.312500
vt 0.000000 -4.500000
vt -0.187500 -4.500000
vt 0.000000 -4.687500
vt -2.000000 5.500000
vt -2.000000 5.687500
vt -2.187500 5.500000
vt 0.000000 -1.000000
vt 0.187500 -1.000000
vt 0.000000 -0.812500
vt -0.500000 5.500000
vt -0.500000 5.312500
vt -0.312500 5.500000
vt -1.187500 6.000000
vt -1.000000 5.500000
vt -1.000000 6.000000
vt -7.500000 -4.500000
vt -8.000000 -4.500000
vt -8.000000 -8.000000
vt -7.500000 -8.000000
vt -8.000000 -10.000000
vt -7.500000 -10.000000
vt 4.500000 8.000000
vt 4.500000 7.500000
vt 4.531250 7.687500
vt 4.656250 7.531250
vt -7.000000 -4.500000
vt -7.000000 -4.000000
vt -7.031250 -4.187500
vt -7.156250 -4.031250
vt -7.000000 5.500000
vt -6.500000 5.500000
vt -6.687500 5.531250
vt -6.531250 5.656250
vt -2.000000 6.000000
vt -1.500000 6.000000
vt -1.687500 6.031250
vt -1.531250 6.156250
vt -8.000000 6.500000
vt -7.500000 6.500000
vt -7.687500 6.531250
vt -7.531250 6.656250
vt 6.000000 -6.000000
vt 6.000000 -6.500000
vt 6.031250 -6.312500
vt 6.156250 -6.468750
vt -7.500000 6.000000
vt -7.000000 6.000000
vt -7.187500 6.031250
vt -7.031250 6.156250
vt 4.000000 7.500000
vt 4.000000 7.000000
vt 4.031250 7.187500
vt 4.156250 7.031250
vt 7.500000 -4.500000
vt 7.500000 -5.000000
vt 7.531250 -4.812500
vt 7.656250 -4.968750
vt -6.000000 -1.500000
vt -6.000000 -1.000000
vt -6.031250 -1.187500
vt -6.156250 -1.031250
vt -6.500000 -2.000000
vt -6.500000 -1.500000
vt -6.531250 -1.687500
vt -6.656250 -1.531250
vt 6.500000 -5.500000
vt 6.500000 -6.000000
vt 6.531250 -5.812500
vt 6.656250 -5.968750
vt 7.000000 -5.000000
vt 7.000000 -5.500000
vt 7.031250 -5.312500
vt 7.156250 -5.468750
vt 3.593750 6.609375
vt 3.500000 6.500000
vt 3.656250 6.531250
vt 4.000000 6.500000
vt -5.500000 -1.000000
vt -5.500000 -0.500000
vt -5.531250 -0.687500
vt -5.656250 -0.531250
vt -6.500000 5.000000
vt -6.000000 5.000000
vt -6.187500 5.031250
vt -6.031250 5.156250
vt 5.500000 -6.500000
vt 5.500000 -7.000000
vt 5.531250 -6.812500
vt 5.656250 -6.968750
vt 4.500000 -5.500000
vt 4.500000 -5.000000
vt 4.468750 -5.187500
vt 4.343750 -5.031250
vt -0.500000 -4.500000
vt -0.500000 -4.000000
vt -0.531250 -4.187500
vt -0.656250 -4.031250
vt 0.500000 -3.000000
vt 0.500000 -3.500000
vt 0.531250 -3.312500
vt 0.656250 -3.468750
vt -0.500000 0.000000
vt -0.500000 -0.500000
vt -0.468750 -0.312500
vt -0.343750 -0.468750
vt -1.500000 -0.500000
vt -1.500000 0.000000
vt -1.531250 -0.187500
vt -1.656250 -0.031250
vt -1.500000 2.000000
vt -1.500000 1.500000
vt -1.468750 1.687500
vt -1.343750 1.531250
vt -1.000000 5.000000
vt -1.500000 5.000000
vt -1.312500 4.968750
vt -1.468750 4.843750
vt 7.000000 -6.000000
vt 6.656250 -5.968750
vt 6.500000 -6.000000
vt -7.500000 -4.000000
vt -7.156250 -4.031250
vt -7.000000 -4.000000
vt -6.000000 -0.500000
vt -5.656250 -0.531250
vt -5.500000 -0.500000
vt 5.000000 7.500000
vt 4.656250 7.531250
vt 4.500000 7.500000
vt -6.000000 5.500000
vt -6.031250 5.156250
vt -6.000000 5.000000
vt -6.500000 -1.000000
vt -6.156250 -1.031250
vt -6.000000 -1.000000
vt 6.500000 -6.500000
vt 6.156250 -6.468750
vt 6.000000 -6.500000
vt 8.000000 -5.000000
vt 7.656250 -4.968750
vt 7.500000 -5.000000
vt 6.000000 -7.000000
vt 5.656250 -6.968750
vt 5.500000 -7.000000
vt -7.000000 -1.500000
vt -6.656250 -1.531250
vt -6.500000 -1.500000
vt 4.000000 -5.000000
vt 4.343750 -5.031250
vt 4.500000 -5.000000
vt -1.500000 6.500000
vt -1.531250 6.156250
vt -1.500000 6.000000
vt -1.000000 -4.000000
vt -0.656250 -4.031250
vt -0.500000 -4.000000
vt -7.000000 6.500000
vt -7.031250 6.156250
vt -7.000000 6.000000
vt 1.000000 -3.500000
vt 0.656250 -3.468750
vt 0.500000 -3.500000
vt -6.500000 6.000000
vt -6.531250 5.656250
vt -6.500000 5.500000
vt 0.000000 -0.500000
vt -0.343750 -0.468750
vt -0.500000 -0.500000
vt 7.500000 -5.500000
vt 7.156250 -5.468750
vt 7.000000 -5.500000
vt -2.000000 0.000000
vt -1.656250 -0.031250
vt -1.500000 0.000000
vt 4.500000 7.000000
vt 4.156250 7.031250
vt 4.000000 7.000000
vt -1.000000 1.500000
vt -1.343750 1.531250
vt -1.500000 1.500000
vt -7.500000 7.000000
vt -7.531250 6.656250
vt -7.500000 6.500000
vt -1.500000 4.500000
vt -1.468750 4.843750
vt -1.500000 5.000000
vt 0.000000 0.062500
vt 1.000000 0.062500
vt 1.000000 0.375000
vt 0.000000 0.375000
vt 1.000000 0.937500
vt 0.000000 0.937500
vt -2.000000 0.062500
vt 4.000000 0.062500
vt 4.000000 0.375000
vt -2.000000 0.375000
vt 4.000000 0.937500
vt -2.000000 0.937500
vt -2.000000 0.062500
vt 4.000000 0.062500
vt 4.000000 0.375000
vt -2.000000 0.375000
vt 4.000000 0.937500
vt -2.000000 0.937500
vt 0.000000 0.062500
vt 1.000000 0.062500
vt 1.000000 0.375000
vt 0.000000 0.375000
vt 1.000000 0.937500
vt 0.000000 0.937500
vt 1.000000 0.062500
vt 2.000000 0.062500
vt 2.000000 0.375000
vt 1.000000 0.375000
vt 2.000000 0.937500
vt 1.000000 0.937500
vt -2.000000 0.062500
vt -1.000000 0.062500
vt -1.000000 0.375000
vt -2.000000 0.375000
vt -1.000000 0.937500
vt -2.000000 0.937500
vt 0.000000 0.062500
vt 1.000000 0.062500
vt 1.000000 0.375000
vt 0.000000 0.375000
vt 1.000000 0.937500
vt 0.000000 0.937500
vt 1.000000 0.062500
vt 2.000000 0.062500
vt 2.000000 0.375000
vt 1.000000 0.375000
vt 2.000000 0.937500
vt 1.000000 0.937500
vt 0.000000 0.062500
vt 4.000000 0.062500
vt 4.000000 0.375000
vt 0.000000 0.375000
vt 4.000000 0.937500
vt 0.000000 0.937500
vt 1.000000 0.062500
vt 2.000000 0.062500
vt 2.000000 0.375000
vt 1.000000 0.375000
vt 2.000000 0.937500
vt 1.000000 0.937500
vt -2.000000 0.062500
vt -1.000000 0.062500
vt -1.000000 0.375000
vt -2.000000 0.375000
vt -1.000000 0.937500
vt -2.000000 0.937500
vt 0.000000 0.062500
vt 2.000000 0.062500
vt 2.000000 0.375000
vt 0.000000 0.375000
vt 2.000000 0.937500
vt 0.000000 0.937500
vt -4.000000 0.062500
vt 4.000000 0.062500
vt 4.000000 0.375000
vt -4.000000 0.375000
vt 4.000000 0.937500
vt -4.000000 0.937500
vt -4.000000 0.062500
vt 0.000000 0.062500
vt 0.000000 0.375000
vt -4.000000 0.375000
vt 0.000000 0.937500
vt -4.000000 0.937500
vt -4.000000 0.062500
vt 4.000000 0.062500
vt 4.000000 0.375000
vt -4.000000 0.375000
vt 4.000000 0.937500
vt -4.000000 0.937500
vt 1.000000 0.062500
vt 4.000000 0.062500
vt 4.000000 0.375000
vt 1.000000 0.375000
vt 4.000000 0.937500
vt 1.000000 0.937500
vt -2.000000 0.062500
vt 4.000000 0.062500
vt 4.000000 0.375000
vt -2.000000 0.375000
vt 4.000000 0.937500
vt -2.000000 0.937500
vt 1.000000 0.937500
vt 0.000000 0.937500
vt 0.000000 0.375000
vt 1.000000 0.375000
vt 0.000000 0.062500
vt 1.000000 0.062500
vt 0.000000 0.062500
vt 1.000000 0.062500
vt 1.000000 0.375000
vt 0.000000 0.375000
vt 1.000000 0.937500
vt 0.000000 0.937500
vt -2.000000 0.062500
vt 4.000000 0.062500
vt 4.000000 0.375000
vt -2.000000 0.375000
vt 4.000000 0.937500
vt -2.000000 0.937500
vt -4.000000 0.062500
vt 4.000000 0.062500
vt 4.000000 0.375000
vt -4.000000 0.375000
vt 4.000000 0.937500
vt -4.000000 0.937500
vt -2.000000 0.062500
vt 0.000000 0.062500
vt 0.000000 0.375000
vt -2.000000 0.375000
vt 0.000000 0.937500
vt -2.000000 0.937500
vt -2.000000 0.062500
vt -1.000000 0.062500
vt -1.000000 0.375000
vt -2.000000 0.375000
vt -1.000000 0.937500
vt -2.000000 0.937500
vt 0.000000 0.062500
vt 4.000000 0.062500
vt 4.000000 0.375000
vt 0.000000 0.375000
vt 4.000000 0.937500
vt 0.000000 0.937500
vt 0.000000 0.062500
vt 1.000000 0.062500
vt 1.000000 0.375000
vt 0.000000 0.375000
vt 1.000000 0.937500
vt 0.000000 0.937500
vt 0.000000 0.062500
vt 1.000000 0.062500
vt 1.000000 0.375000
vt 0.000000 0.375000
vt 1.000000 0.937500
vt 0.000000 0.937500
vt 0.000000 0.062500
vt 4.000000 0.062500
vt 4.000000 0.375000
vt 0.000000 0.375000
vt 4.000000 0.937500
vt 0.000000 0.937500
vt 0.000000 0.937500
vt 0.000000 0.375000
vt 0.500000 0.937500
vt 1.000000 0.375000
vt 1.000000 0.937500
vt 0.000000 0.937500
vt 0.000000 0.375000
vt 0.500000 0.937500
vt 1.000000 0.375000
vt 1.000000 0.937500
vt 0.000000 0.937500
vt 0.000000 0.375000
vt 0.500000 0.937500
vt 1.000000 0.375000
vt 1.000000 0.937500
vt 0.000000 0.937500
vt 0.000000 0.375000
vt 0.500000 0.937500
vt 1.000000 0.375000
vt 1.000000 0.937500
vt 0.000000 0.937500
vt 0.000000 0.375000
vt 0.500000 0.937500
vt 1.000000 0.375000
vt 1.000000 0.937500
vt 0.000000 0.937500
vt 0.000000 0.375000
vt 0.500000 0.937500
vt 1.000000 0.375000
vt 1.000000 0.937500
vt 0.000000 0.937500
vt 0.000000 0.375000
vt 0.500000 0.937500
vt 1.000000 0.375000
vt 1.000000 0.937500
vt 1.000000 0.937500
vt 0.500000 0.937500
vt 1.000000 0.375000
vt 0.000000 0.375000
vt 0.000000 0.062500
vt 1.000000 0.062500
vt 1.000000 0.375000
vt 0.000000 0.375000
vt 1.000000 0.375000
vt 0.000000 0.375000
vt 0.000000 0.062500
vt 1.000000 0.062500
vt 0.000000 0.062500
vt 1.000000 0.062500
vt 1.000000 0.375000
vt 0.000000 0.375000
vt 1.000000 0.375000
vt 0.000000 0.375000
vt 0.000000 0.062500
vt 1.000000 0.062500
vt 1.000000 0.375000
vt 0.000000 0.375000
vt 0.000000 0.062500
vt 1.000000 0.062500
vt 0.000000 0.062500
vt 1.000000 0.062500
vt 1.000000 0.375000
vt 0.000000 0.375000
vt 0.000000 0.062500
vt 1.000000 0.062500
vt 1.000000 0.375000
vt 0.000000 0.375000
vt 1.000000 0.375000
vt 0.000000 0.375000
vt 0.000000 0.062500
vt 1.000000 0.062500
vt 0.000000 0.062500
vt 1.000000 0.062500
vt 1.000000 0.375000
vt 0.000000 0.375000
vt 0.000000 0.062500
vt 1.000000 0.062500
vt 1.000000 0.375000
vt 0.000000 0.375000
vt 0.000000 0.062500
vt 1.000000 0.062500
vt 1.000000 0.375000
vt 0.000000 0.375000
vt 1.000000 0.375000
vt 0.000000 0.375000
vt 0.000000 0.062500
vt 1.000000 0.062500
vt 0.500000 0.050781
vt 0.500000 0.050781
vt 0.500000 0.050781
vt 0.500000 0.050781
vt 1.000000 0.375000
vt 0.000000 0.375000
vt 0.000000 0.062500
vt 1.000000 0.062500
vt 1.000000 0.375000
vt 0.000000 0.375000
vt 0.000000 0.062500
vt 1.000000 0.062500
vt 0.000000 0.062500
vt 1.000000 0.062500
vt 1.000000 0.375000
vt 0.000000 0.375000
vt 1.000000 0.375000
vt 0.000000 0.375000
vt 0.000000 0.062500
vt 1.000000 0.062500
vt 1.000000 0.375000
vt 0.000000 0.375000
vt 0.000000 0.062500
vt 1.000000 0.062500
vt 0.500000 0.792969
vt 1.000000 0.855469
vt 0.000000 0.855469
vt 0.500000 0.792969
vt 1.000000 0.855469
vt 0.000000 0.855469
vt 0.500000 0.792969
vt 1.000000 0.855469
vt 0.000000 0.855469
vt 0.500000 0.792969
vt 1.000000 0.855469
vt 0.000000 0.855469
vt 0.500000 0.792969
vt 1.000000 0.855469
vt 0.000000 0.855469
vt 0.000000 0.375000
vt 0.500000 0.937500
vt 0.000000 0.937500
vt 0.500000 0.792969
vt 1.000000 0.855469
vt 0.000000 0.855469
vt 0.500000 0.792969
vt 1.000000 0.855469
vt 0.000000 0.855469
vt 0.500000 0.792969
vt 1.000000 0.855469
vt 0.000000 0.855469
vt 0.500000 0.792969
vt 1.000000 0.855469
vt 0.000000 0.855469
vt -1.000000 0.511719
vt 0.000000 0.511719
vt 0.000000 0.605469
vt -1.000000 0.605469
vt 0.000000 0.902344
vt -1.000000 0.902344
vt 0.000000 0.984375
vt -1.000000 0.984375
vt 0.000000 0.984375
vt -1.000000 0.984375
vt -1.000000 0.902344
vt 0.000000 0.902344
vt -1.000000 0.605469
vt 0.000000 0.605469
vt -1.000000 0.511719
vt 0.000000 0.511719
vt 0.000000 0.984375
vt -1.000000 0.984375
vt -1.000000 0.902344
vt 0.000000 0.902344
vt -1.000000 0.605469
vt 0.000000 0.605469
vt -1.000000 0.511719
vt 0.000000 0.511719
vt -0.470703 0.107422
vt -0.501953 0.013672
vt -0.345703 0.013672
vt -0.345703 0.107422
vt -0.158203 0.013672
vt -0.158203 0.107422
vt -0.001953 0.013672
vt -0.033203 0.107422
vt -0.470703 0.107422
vt -0.501953 0.013672
vt -0.345703 0.013672
vt -0.345703 0.107422
vt -0.158203 0.013672
vt -0.158203 0.107422
vt -0.001953 0.013672
vt -0.033203 0.107422
vt -0.470703 0.107422
vt -0.501953 0.013672
vt -0.345703 0.013672
vt -0.345703 0.107422
vt -0.158203 0.013672
vt -0.158203 0.107422
vt -0.001953 0.013672
vt -0.033203 0.107422
vt -2.000000 1.607422
vt 0.000000 1.607422
vt 0.000000 1.904297
vt -2.000000 1.904297
vt 0.000000 1.984375
vt -2.000000 1.984375
vt 0.000000 1.607422
vt 0.500000 1.607422
vt 0.500000 1.904297
vt 0.000000 1.904297
vt 0.500000 1.986328
vt 0.000000 1.986328
vt 0.500000 1.986328
vt 0.000000 1.986328
vt 0.000000 1.904297
vt 0.500000 1.904297
vt 0.000000 1.607422
vt 0.500000 1.607422
vt -2.000000 1.607422
vt 2.000000 1.607422
vt 2.000000 1.904297
vt -2.000000 1.904297
vt 2.000000 1.984375
vt -2.000000 1.984375
vt -2.000000 1.607422
vt 2.000000 1.607422
vt 2.000000 1.904297
vt -2.000000 1.904297
vt 2.000000 1.984375
vt -2.000000 1.984375
vt 0.000000 1.607422
vt 0.500000 1.607422
vt 0.500000 1.904297
vt 0.000000 1.904297
vt 0.500000 1.986328
vt 0.000000 1.986328
vt 0.000000 1.607422
vt 0.500000 1.607422
vt 0.500000 1.904297
vt 0.000000 1.904297
vt 0.500000 1.986328
vt 0.000000 1.986328
vt 0.000000 1.607422
vt 0.500000 1.607422
vt 0.500000 1.904297
vt 0.000000 1.904297
vt 0.500000 1.986328
vt 0.000000 1.986328
vt 0.000000 1.607422
vt 0.500000 1.607422
vt 0.500000 1.904297
vt 0.000000 1.904297
vt 0.500000 1.986328
vt 0.000000 1.986328
vt 0.000000 1.607422
vt 0.500000 1.607422
vt 0.500000 1.904297
vt 0.000000 1.904297
vt 0.500000 1.986328
vt 0.000000 1.986328
vt 0.000000 1.607422
vt 0.500000 1.607422
vt 0.500000 1.904297
vt 0.000000 1.904297
vt 0.500000 1.986328
vt 0.000000 1.986328
vt -2.000000 1.605469
vt -0.500000 1.605469
vt -0.500000 1.902344
vt -2.000000 1.902344
vt -0.500000 1.984375
vt -2.000000 1.984375
vt 0.000000 1.607422
vt 0.500000 1.607422
vt 0.500000 1.904297
vt 0.000000 1.904297
vt 0.500000 1.986328
vt 0.000000 1.986328
vt -2.000000 1.607422
vt 0.000000 1.607422
vt 0.000000 1.904297
vt -2.000000 1.904297
vt 0.000000 1.984375
vt -2.000000 1.984375
vt -2.000000 1.607422
vt 2.000000 1.607422
vt 2.000000 1.904297
vt -2.000000 1.904297
vt 2.000000 1.984375
vt -2.000000 1.984375
vt -2.000000 1.607422
vt 0.000000 1.607422
vt 0.000000 1.904297
vt -2.000000 1.904297
vt 0.000000 1.984375
vt -2.000000 1.984375
vt -2.000000 1.603516
vt -1.000000 1.603516
vt -1.000000 1.900391
vt -2.000000 1.900391
vt -1.000000 1.982422
vt -2.000000 1.982422
vt -1.355469 1.603516
vt -0.355469 1.603516
vt -0.355469 1.900391
vt -1.355469 1.900391
vt -0.355469 1.982422
vt -1.355469 1.982422
vt -2.000000 1.605469
vt -0.500000 1.605469
vt -0.500000 1.902344
vt -2.000000 1.902344
vt -0.500000 1.984375
vt -2.000000 1.984375
vt -2.000000 1.607422
vt 0.000000 1.607422
vt 0.000000 1.904297
vt -2.000000 1.904297
vt 0.000000 1.984375
vt -2.000000 1.984375
vt 0.000000 1.607422
vt 0.500000 1.607422
vt 0.500000 1.904297
vt 0.000000 1.904297
vt 0.500000 1.986328
vt 0.000000 1.986328
vt -2.000000 1.607422
vt 1.000000 1.607422
vt 1.000000 1.904297
vt -2.000000 1.904297
vt 1.000000 1.984375
vt -2.000000 1.984375
vt 0.000000 1.607422
vt 0.500000 1.607422
vt 0.500000 1.904297
vt 0.000000 1.904297
vt 0.500000 1.986328
vt 0.000000 1.986328
vt 0.000000 1.607422
vt 0.500000 1.607422
vt 0.500000 1.904297
vt 0.000000 1.904297
vt 0.500000 1.986328
vt 0.000000 1.986328
vt -2.000000 1.605469
vt -0.500000 1.605469
vt -0.500000 1.902344
vt -2.000000 1.902344
vt -0.500000 1.984375
vt -2.000000 1.984375
vt -0.470703 0.107422
vt -0.345703 0.107422
vt -0.345703 0.394531
vt -0.158203 0.107422
vt -0.158203 0.394531
vt -0.033203 0.107422
vt -0.470703 0.107422
vt -0.345703 0.107422
vt -0.345703 0.394531
vt -0.158203 0.107422
vt -0.158203 0.394531
vt -0.033203 0.107422
vt -0.470703 0.107422
vt -0.345703 0.107422
vt -0.345703 0.394531
vt -0.158203 0.107422
vt -0.158203 0.394531
vt -0.033203 0.107422
vt -0.470703 0.107422
vt -0.345703 0.107422
vt -0.345703 0.394531
vt -0.158203 0.107422
vt -0.158203 0.394531
vt -0.033203 0.107422
vt -0.470703 0.107422
vt -0.345703 0.107422
vt -0.345703 0.394531
vt -0.158203 0.107422
vt -0.158203 0.394531
vt -0.033203 0.107422
vt -0.470703 0.107422
vt -0.345703 0.107422
vt -0.345703 0.394531
vt -0.158203 0.107422
vt -0.158203 0.394531
vt -0.033203 0.107422
vt -0.470703 0.107422
vt -0.345703 0.107422
vt -0.345703 0.394531
vt -0.158203 0.107422
vt -0.158203 0.394531
vt -0.033203 0.107422
vt -0.470703 0.107422
vt -0.345703 0.107422
vt -0.345703 0.394531
vt -0.158203 0.107422
vt -0.158203 0.394531
vt -0.033203 0.107422
vt -0.470703 0.107422
vt -0.345703 0.107422
vt -0.345703 0.394531
vt -0.158203 0.107422
vt -0.158203 0.394531
vt -0.033203 0.107422
vt -0.158203 0.013672
vt -0.158203 0.107422
vt -0.251953 0.013672
vt -0.345703 0.107422
vt -0.345703 0.013672
vt 1.375000 0.978516
vt 1.218750 0.898438
vt 1.406250 0.876953
vt 0.906250 0.876953
vt -1.000000 0.511719
vt 1.000000 0.511719
vt 1.000000 0.605469
vt -1.000000 0.605469
vt -1.000000 0.511719
vt 2.000000 0.511719
vt 2.000000 0.605469
vt -1.000000 0.605469
vt -1.000000 0.511719
vt 0.500000 0.511719
vt 0.500000 0.605469
vt -1.000000 0.605469
vt 1.000000 0.986328
vt 0.824219 0.986328
vt 0.908203 0.900391
vt 1.000000 0.900391
vt 1.500000 0.986328
vt 1.000000 0.986328
vt 1.000000 0.900391
vt 1.279297 0.900391
vt 1.000000 0.986328
vt 0.824219 0.986328
vt 0.908203 0.900391
vt 1.000000 0.900391
vt 1.500000 0.986328
vt 1.000000 0.986328
vt 1.000000 0.900391
vt 1.279297 0.900391
vt 0.000000 0.511719
vt 0.500000 0.511719
vt 0.500000 0.605469
vt 0.000000 0.605469
vt -1.000000 0.511719
vt 1.000000 0.511719
vt 1.000000 0.605469
vt -1.000000 0.605469
vt -1.000000 0.511719
vt 0.000000 0.511719
vt 0.000000 0.605469
vt -1.000000 0.605469
vt -2.000000 0.511719
vt 2.000000 0.511719
vt 2.000000 0.605469
vt -2.000000 0.605469
vt 1.000000 0.986328
vt 0.824219 0.986328
vt 0.908203 0.900391
vt 1.000000 0.900391
vt 1.500000 0.986328
vt 1.000000 0.986328
vt 1.000000 0.900391
vt 1.279297 0.900391
vt 1.000000 0.986328
vt 0.824219 0.986328
vt 0.908203 0.900391
vt 1.000000 0.900391
vt 1.500000 0.986328
vt 1.000000 0.986328
vt 1.000000 0.900391
vt 1.279297 0.900391
vt 1.500000 0.986328
vt 1.000000 0.986328
vt 1.000000 0.900391
vt 1.279297 0.900391
vt -2.000000 0.511719
vt 2.000000 0.511719
vt 2.000000 0.605469
vt -2.000000 0.605469
vt 1.000000 0.986328
vt 0.824219 0.986328
vt 0.908203 0.900391
vt 1.000000 0.900391
vt 1.500000 0.986328
vt 1.000000 0.986328
vt 1.000000 0.900391
vt 1.279297 0.900391
vt 1.000000 0.986328
vt 0.824219 0.986328
vt 0.908203 0.900391
vt 1.000000 0.900391
vt 1.500000 0.986328
vt 1.000000 0.986328
vt 1.000000 0.900391
vt 1.279297 0.900391
vt -0.001953 0.013672
vt -0.033203 0.107422
vt -0.158203 0.107422
vt -0.158203 0.013672
vt 1.000000 0.986328
vt 0.824219 0.986328
vt 0.908203 0.900391
vt 1.000000 0.900391
vt 1.500000 0.986328
vt 1.000000 0.986328
vt 1.000000 0.900391
vt 1.279297 0.900391
vt -1.000000 0.511719
vt 0.000000 0.511719
vt 0.000000 0.605469
vt -1.000000 0.605469
vt -2.000000 0.511719
vt 2.000000 0.511719
vt 2.000000 0.605469
vt -2.000000 0.605469
vt 0.000000 0.511719
vt 0.500000 0.511719
vt 0.500000 0.605469
vt 0.000000 0.605469
vt -1.000000 0.511719
vt 2.000000 0.511719
vt 2.000000 0.605469
vt -1.000000 0.605469
vt 1.000000 0.986328
vt 0.824219 0.986328
vt 0.908203 0.900391
vt 1.000000 0.900391
vt 1.500000 0.986328
vt 1.000000 0.986328
vt 1.000000 0.900391
vt 1.279297 0.900391
vt -0.345703 0.013672
vt -0.345703 0.107422
vt -0.470703 0.107422
vt -0.501953 0.013672
vt -0.158203 0.890625
vt -0.251953 0.984375
vt -0.345703 0.890625
vt -0.158203 0.890625
vt -0.251953 0.984375
vt -0.345703 0.890625
vt -0.158203 0.890625
vt -0.251953 0.984375
vt -0.345703 0.890625
vt -0.158203 0.890625
vt -0.251953 0.984375
vt -0.345703 0.890625
vt -0.158203 0.890625
vt -0.251953 0.984375
vt -0.345703 0.890625
vt -0.158203 0.890625
vt -0.251953 0.984375
vt -0.345703 0.890625
vt -0.158203 0.890625
vt -0.251953 0.984375
vt -0.345703 0.890625
vt -0.158203 0.890625
vt -0.251953 0.984375
vt -0.345703 0.890625
vt -0.158203 0.890625
vt -0.251953 0.984375
vt -0.345703 0.890625
vt 0.000000 0.980469
vt -4.000000 0.980469
vt -4.000000 0.792969
vt 0.000000 0.792969
vt -4.000000 0.652344
vt 0.000000 0.652344
vt -4.000000 0.242188
vt 0.000000 0.242188
vt -4.000000 0.023438
vt 0.000000 0.023438
vt 0.000000 0.980469
vt -4.000000 0.980469
vt -4.000000 0.792969
vt 0.000000 0.792969
vt -4.000000 0.652344
vt 0.000000 0.652344
vt -4.000000 0.242188
vt 0.000000 0.242188
vt -4.000000 0.023438
vt 0.000000 0.023438
vt 2.000000 0.980469
vt -4.000000 0.980469
vt -4.000000 0.792969
vt 2.000000 0.792969
vt -4.000000 0.652344
vt 2.000000 0.652344
vt -4.000000 0.242188
vt 2.000000 0.242188
vt -4.000000 0.023438
vt 2.000000 0.023438
vt -0.375000 0.980469
vt -1.000000 0.980469
vt -1.000000 0.792969
vt -0.375000 0.792969
vt -1.000000 0.652344
vt -0.125000 0.652344
vt -1.000000 0.242188
vt -0.125000 0.242188
vt -1.000000 0.023438
vt -0.125000 0.023438
vt 1.000000 0.980469
vt 0.375000 0.980469
vt 0.375000 0.792969
vt 1.000000 0.792969
vt 0.125000 0.652344
vt 1.000000 0.652344
vt 0.125000 0.242188
vt 1.000000 0.242188
vt 0.125000 0.023438
vt 1.000000 0.023438
vt -0.375000 0.980469
vt -1.000000 0.980469
vt -1.000000 0.792969
vt -0.375000 0.792969
vt -1.000000 0.652344
vt -0.125000 0.652344
vt -1.000000 0.242188
vt -0.125000 0.242188
vt -1.000000 0.023438
vt -0.125000 0.023438
vt 1.000000 0.980469
vt 0.000000 0.980469
vt 0.003906 0.792969
vt 1.000000 0.792969
vt 0.000000 0.652344
vt 1.000000 0.652344
vt 0.000000 0.242188
vt 1.000000 0.242188
vt 0.000000 0.023438
vt 1.000000 0.023438
vt 0.000000 0.980469
vt -4.000000 0.980469
vt -4.000000 0.792969
vt 0.000000 0.792969
vt -4.000000 0.652344
vt 0.000000 0.652344
vt -4.000000 0.242188
vt 0.000000 0.242188
vt -4.000000 0.023438
vt 0.000000 0.023438
vt 1.000000 0.980469
vt 0.000000 0.980469
vt 0.003906 0.792969
vt 1.000000 0.792969
vt 0.000000 0.652344
vt 1.000000 0.652344
vt 0.000000 0.242188
vt 1.000000 0.242188
vt 0.000000 0.023438
vt 1.000000 0.023438
vt 0.000000 0.980469
vt -4.000000 0.980469
vt -4.000000 0.792969
vt 0.000000 0.792969
vt -4.000000 0.652344
vt 0.000000 0.652344
vt -4.000000 0.242188
vt 0.000000 0.242188
vt -4.000000 0.023438
vt 0.000000 0.023438
vt 1.000000 0.980469
vt 0.000000 0.980469
vt 0.003906 0.792969
vt 1.000000 0.792969
vt 0.000000 0.652344
vt 1.000000 0.652344
vt 0.000000 0.242188
vt 1.000000 0.242188
vt 0.000000 0.023438
vt 1.000000 0.023438
vt 0.000000 0.980469
vt -4.000000 0.980469
vt -4.000000 0.792969
vt 0.000000 0.792969
vt -4.000000 0.652344
vt 0.000000 0.652344
vt -4.000000 0.242188
vt 0.000000 0.242188
vt -4.000000 0.023438
vt 0.000000 0.023438
vt 4.000000 0.980469
vt -4.000000 0.980469
vt -4.000000 0.792969
vt 4.000000 0.792969
vt -4.000000 0.652344
vt 4.000000 0.652344
vt -4.000000 0.242188
vt 4.000000 0.242188
vt -4.000000 0.023438
vt 4.000000 0.023438
vt 1.000000 0.980469
vt 0.375000 0.980469
vt 0.375000 0.792969
vt 1.000000 0.792969
vt 0.125000 0.652344
vt 1.000000 0.652344
vt 0.125000 0.242188
vt 1.000000 0.242188
vt 0.125000 0.023438
vt 1.000000 0.023438
vt -0.375000 0.980469
vt -1.000000 0.980469
vt -1.000000 0.792969
vt -0.375000 0.792969
vt -1.000000 0.652344
vt -0.125000 0.652344
vt -1.000000 0.242188
vt -0.125000 0.242188
vt -1.000000 0.023438
vt -0.125000 0.023438
vt -0.375000 0.980469
vt -1.000000 0.980469
vt -1.000000 0.792969
vt -0.375000 0.792969
vt -1.000000 0.652344
vt -0.125000 0.652344
vt -1.000000 0.242188
vt -0.125000 0.242188
vt -1.000000 0.023438
vt -0.125000 0.023438
vt -2.000000 0.980469
vt -4.000000 0.980469
vt -4.000000 0.792969
vt -2.000000 0.792969
vt -4.000000 0.652344
vt -2.000000 0.652344
vt -4.000000 0.242188
vt -2.000000 0.242188
vt -4.000000 0.023438
vt -2.000000 0.023438
vt 4.000000 0.980469
vt -4.000000 0.980469
vt -4.000000 0.792969
vt 4.000000 0.792969
vt -4.000000 0.652344
vt 4.000000 0.652344
vt -4.000000 0.242188
vt 4.000000 0.242188
vt -4.000000 0.023438
vt 4.000000 0.023438
vt 0.000000 0.980469
vt -4.000000 0.980469
vt -4.000000 0.792969
vt 0.000000 0.792969
vt -4.000000 0.652344
vt 0.000000 0.652344
vt -4.000000 0.242188
vt 0.000000 0.242188
vt -4.000000 0.023438
vt 0.000000 0.023438
vt 1.000000 0.980469
vt 0.375000 0.980469
vt 0.375000 0.792969
vt 1.000000 0.792969
vt 0.125000 0.652344
vt 1.000000 0.652344
vt 0.125000 0.242188
vt 1.000000 0.242188
vt 0.125000 0.023438
vt 1.000000 0.023438
vt 1.000000 0.980469
vt 0.375000 0.980469
vt 0.375000 0.792969
vt 1.000000 0.792969
vt 0.125000 0.652344
vt 1.000000 0.652344
vt 0.125000 0.242188
vt 1.000000 0.242188
vt 0.125000 0.023438
vt 1.000000 0.023438
vt -0.375000 0.980469
vt -1.000000 0.980469
vt -1.000000 0.792969
vt -0.375000 0.792969
vt -1.000000 0.652344
vt -0.125000 0.652344
vt -1.000000 0.242188
vt -0.125000 0.242188
vt -1.000000 0.023438
vt -0.125000 0.023438
vt -0.375000 0.980469
vt -1.000000 0.980469
vt -1.000000 0.792969
vt -0.375000 0.792969
vt -1.000000 0.652344
vt -0.125000 0.652344
vt -1.000000 0.242188
vt -0.125000 0.242188
vt -1.000000 0.023438
vt -0.125000 0.023438
vt 0.000000 0.980469
vt -4.000000 0.980469
vt -4.000000 0.792969
vt 0.000000 0.792969
vt -4.000000 0.652344
vt 0.000000 0.652344
vt -4.000000 0.242188
vt 0.000000 0.242188
vt -4.000000 0.023438
vt 0.000000 0.023438
vt 1.000000 0.980469
vt 0.375000 0.980469
vt 0.375000 0.792969
vt 1.000000 0.792969
vt 0.125000 0.652344
vt 1.000000 0.652344
vt 0.125000 0.242188
vt 1.000000 0.242188
vt 0.125000 0.023438
vt 1.000000 0.023438
vt 1.000000 0.980469
vt 0.375000 0.980469
vt 0.375000 0.792969
vt 1.000000 0.792969
vt 0.125000 0.652344
vt 1.000000 0.652344
vt 0.125000 0.242188
vt 1.000000 0.242188
vt 0.125000 0.023438
vt 1.000000 0.023438
vt -0.375000 0.980469
vt -1.000000 0.980469
vt -1.000000 0.792969
vt -0.375000 0.792969
vt -1.000000 0.652344
vt -0.125000 0.652344
vt -1.000000 0.242188
vt -0.125000 0.242188
vt -1.000000 0.023438
vt -0.125000 0.023438
vt -0.375000 0.980469
vt -1.000000 0.980469
vt -1.000000 0.792969
vt -0.375000 0.792969
vt -1.000000 0.652344
vt -0.125000 0.652344
vt -1.000000 0.242188
vt -0.125000 0.242188
vt -1.000000 0.023438
vt -0.125000 0.023438
vt 0.000000 0.980469
vt -4.000000 0.980469
vt -4.000000 0.792969
vt 0.000000 0.792969
vt -4.000000 0.652344
vt 0.000000 0.652344
vt -4.000000 0.242188
vt 0.000000 0.242188
vt -4.000000 0.023438
vt 0.000000 0.023438
vt 0.000000 0.980469
vt -4.000000 0.980469
vt -4.000000 0.792969
vt 0.000000 0.792969
vt -4.000000 0.652344
vt 0.000000 0.652344
vt -4.000000 0.242188
vt 0.000000 0.242188
vt -4.000000 0.023438
vt 0.000000 0.023438
vt 1.000000 0.980469
vt 0.375000 0.980469
vt 0.375000 0.792969
vt 1.000000 0.792969
vt 0.125000 0.652344
vt 1.000000 0.652344
vt 0.125000 0.242188
vt 1.000000 0.242188
vt 0.125000 0.023438
vt 1.000000 0.023438
vt -0.375000 0.980469
vt -1.000000 0.980469
vt -1.000000 0.792969
vt -0.375000 0.792969
vt -1.000000 0.652344
vt -0.125000 0.652344
vt -1.000000 0.242188
vt -0.125000 0.242188
vt -1.000000 0.023438
vt -0.125000 0.023438
vt 1.000000 0.980469
vt 0.000000 0.980469
vt 0.003906 0.792969
vt 1.000000 0.792969
vt 0.000000 0.652344
vt 1.000000 0.652344
vt 0.000000 0.242188
vt 1.000000 0.242188
vt 0.000000 0.023438
vt 1.000000 0.023438
vt -1.000000 0.980469
vt -4.000000 0.980469
vt -4.000000 0.792969
vt -1.000000 0.792969
vt -4.000000 0.652344
vt -1.000000 0.652344
vt -4.000000 0.242188
vt -1.000000 0.242188
vt -4.000000 0.023438
vt -1.000000 0.023438
vt -0.375000 0.980469
vt -1.000000 0.980469
vt -1.000000 0.792969
vt -0.375000 0.792969
vt -1.000000 0.652344
vt -0.125000 0.652344
vt -1.000000 0.242188
vt -0.125000 0.242188
vt -1.000000 0.023438
vt -0.125000 0.023438
vt 1.000000 0.980469
vt 0.375000 0.980469
vt 0.375000 0.792969
vt 1.000000 0.792969
vt 0.125000 0.652344
vt 1.000000 0.652344
vt 0.125000 0.242188
vt 1.000000 0.242188
vt 0.125000 0.023438
vt 1.000000 0.023438
vt 1.000000 0.980469
vt 0.375000 0.980469
vt 0.375000 0.792969
vt 1.000000 0.792969
vt 0.125000 0.652344
vt 1.000000 0.652344
vt 0.125000 0.242188
vt 1.000000 0.242188
vt 0.125000 0.023438
vt 1.000000 0.023438
vt 4.000000 0.980469
vt -4.000000 0.980469
vt -4.000000 0.792969
vt 4.000000 0.792969
vt -4.000000 0.652344
vt 4.000000 0.652344
vt -4.000000 0.242188
vt 4.000000 0.242188
vt -4.000000 0.023438
vt 4.000000 0.023438
vt -2.000000 0.980469
vt -4.000000 0.980469
vt -4.000000 0.792969
vt -2.000000 0.792969
vt -4.000000 0.652344
vt -2.000000 0.652344
vt -4.000000 0.242188
vt -2.000000 0.242188
vt -4.000000 0.023438
vt -2.000000 0.023438
vt 1.000000 0.980469
vt 0.000000 0.980469
vt 0.003906 0.792969
vt 1.000000 0.792969
vt 0.000000 0.652344
vt 1.000000 0.652344
vt 0.000000 0.242188
vt 1.000000 0.242188
vt 0.000000 0.023438
vt 1.000000 0.023438
vt 0.000000 0.980469
vt -4.000000 0.980469
vt -4.000000 0.792969
vt 0.000000 0.792969
vt -4.000000 0.652344
vt 0.000000 0.652344
vt -4.000000 0.242188
vt 0.000000 0.242188
vt -4.000000 0.023438
vt 0.000000 0.023438
vt 1.000000 0.980469
vt 0.375000 0.980469
vt 0.375000 0.792969
vt 1.000000 0.792969
vt 0.125000 0.652344
vt 1.000000 0.652344
vt 0.125000 0.242188
vt 1.000000 0.242188
vt 0.125000 0.023438
vt 1.000000 0.023438
vt 1.000000 0.980469
vt 0.375000 0.980469
vt 0.375000 0.792969
vt 1.000000 0.792969
vt 0.125000 0.652344
vt 1.000000 0.652344
vt 0.125000 0.242188
vt 1.000000 0.242188
vt 0.125000 0.023438
vt 1.000000 0.023438
vt -0.375000 0.980469
vt -1.000000 0.980469
vt -1.000000 0.792969
vt -0.375000 0.792969
vt -1.000000 0.652344
vt -0.125000 0.652344
vt -1.000000 0.242188
vt -0.125000 0.242188
vt -1.000000 0.023438
vt -0.125000 0.023438
vt 1.000000 0.980469
vt 0.375000 0.980469
vt 0.375000 0.792969
vt 1.000000 0.792969
vt 0.125000 0.652344
vt 1.000000 0.652344
vt 0.125000 0.242188
vt 1.000000 0.242188
vt 0.125000 0.023438
vt 1.000000 0.023438
vt -0.375000 0.980469
vt -1.000000 0.980469
vt -1.000000 0.792969
vt -0.375000 0.792969
vt -1.000000 0.652344
vt -0.125000 0.652344
vt -1.000000 0.242188
vt -0.125000 0.242188
vt -1.000000 0.023438
vt -0.125000 0.023438
vt -1.062500 0.023438
vt -0.937500 0.023438
vt -0.937500 0.242188
vt -1.062500 0.242188
vt -0.937500 0.648438
vt -1.062500 0.648438
vt -0.937500 0.792969
vt -1.062500 0.792969
vt 2.000000 0.792969
vt 1.125000 0.792969
vt 1.125000 0.652344
vt 2.000000 0.652344
vt 1.125000 0.242188
vt 2.000000 0.242188
vt 1.125000 0.023438
vt 2.000000 0.023438
vt 0.875000 0.792969
vt 0.000000 0.792969
vt 0.000000 0.652344
vt 0.875000 0.652344
vt 0.000000 0.242188
vt 0.875000 0.242188
vt 0.000000 0.023438
vt 0.875000 0.023438
vt -1.062500 0.023438
vt -0.937500 0.023438
vt -0.937500 0.242188
vt -1.062500 0.242188
vt -0.937500 0.648438
vt -1.062500 0.648438
vt -0.937500 0.792969
vt -1.062500 0.792969
vt 2.000000 0.792969
vt 1.125000 0.792969
vt 1.125000 0.652344
vt 2.000000 0.652344
vt 1.125000 0.242188
vt 2.000000 0.242188
vt 1.125000 0.023438
vt 2.000000 0.023438
vt 0.875000 0.792969
vt 0.000000 0.792969
vt 0.000000 0.652344
vt 0.875000 0.652344
vt 0.000000 0.242188
vt 0.875000 0.242188
vt 0.000000 0.023438
vt 0.875000 0.023438
vt -1.062500 0.023438
vt -0.937500 0.023438
vt -0.937500 0.242188
vt -1.062500 0.242188
vt -0.937500 0.648438
vt -1.062500 0.648438
vt -0.937500 0.792969
vt -1.062500 0.792969
vt -1.062500 0.023438
vt -0.937500 0.023438
vt -0.937500 0.242188
vt -1.062500 0.242188
vt -0.937500 0.648438
vt -1.062500 0.648438
vt -0.937500 0.792969
vt -1.062500 0.792969
vt 2.000000 0.792969
vt 1.125000 0.792969
vt 1.125000 0.652344
vt 2.000000 0.652344
vt 1.125000 0.242188
vt 2.000000 0.242188
vt 1.125000 0.023438
vt 2.000000 0.023438
vt 0.875000 0.792969
vt 0.000000 0.792969
vt 0.000000 0.652344
vt 0.875000 0.652344
vt 0.000000 0.242188
vt 0.875000 0.242188
vt 0.000000 0.023438
vt 0.875000 0.023438
vt -1.062500 0.023438
vt -0.937500 0.023438
vt -0.937500 0.242188
vt -1.062500 0.242188
vt -0.937500 0.648438
vt -1.062500 0.648438
vt -0.937500 0.792969
vt -1.062500 0.792969
vt 2.000000 0.792969
vt 1.125000 0.792969
vt 1.125000 0.652344
vt 2.000000 0.652344
vt 1.125000 0.242188
vt 2.000000 0.242188
vt 1.125000 0.023438
vt 2.000000 0.023438
vt -1.062500 0.023438
vt -0.937500 0.023438
vt -0.937500 0.242188
vt -1.062500 0.242188
vt -0.937500 0.648438
vt -1.062500 0.648438
vt -0.937500 0.792969
vt -1.062500 0.792969
vt 2.000000 0.792969
vt 1.125000 0.792969
vt 1.125000 0.652344
vt 2.000000 0.652344
vt 1.125000 0.242188
vt 2.000000 0.242188
vt 1.125000 0.023438
vt 2.000000 0.023438
vt 0.875000 0.792969
vt 0.000000 0.792969
vt 0.000000 0.652344
vt 0.875000 0.652344
vt 0.000000 0.242188
vt 0.875000 0.242188
vt 0.000000 0.023438
vt 0.875000 0.023438
vt 0.875000 0.792969
vt 0.000000 0.792969
vt 0.000000 0.652344
vt 0.875000 0.652344
vt 0.000000 0.242188
vt 0.875000 0.242188
vt 0.000000 0.023438
vt 0.875000 0.023438
vt -1.062500 0.023438
vt -0.937500 0.023438
vt -0.937500 0.242188
vt -1.062500 0.242188
vt -0.937500 0.648438
vt -1.062500 0.648438
vt -0.937500 0.792969
vt -1.062500 0.792969
vt 2.000000 0.792969
vt 1.125000 0.792969
vt 1.125000 0.652344
vt 2.000000 0.652344
vt 1.125000 0.242188
vt 2.000000 0.242188
vt 1.125000 0.023438
vt 2.000000 0.023438
vt 0.875000 0.792969
vt 0.000000 0.792969
vt 0.000000 0.652344
vt 0.875000 0.652344
vt 0.000000 0.242188
vt 0.875000 0.242188
vt 0.000000 0.023438
vt 0.875000 0.023438
vt 0.875000 0.792969
vt 0.000000 0.792969
vt 0.000000 0.652344
vt 0.875000 0.652344
vt 0.000000 0.242188
vt 0.875000 0.242188
vt 0.000000 0.023438
vt 0.875000 0.023438
vt 2.000000 0.792969
vt 1.125000 0.792969
vt 1.125000 0.652344
vt 2.000000 0.652344
vt 1.125000 0.242188
vt 2.000000 0.242188
vt 1.125000 0.023438
vt 2.000000 0.023438
vt 0.875000 0.792969
vt 0.000000 0.792969
vt 0.000000 0.652344
vt 0.875000 0.652344
vt 0.000000 0.242188
vt 0.875000 0.242188
vt 0.000000 0.023438
vt 0.875000 0.023438
vt 0.875000 0.792969
vt 0.000000 0.792969
vt 0.000000 0.652344
vt 0.875000 0.652344
vt 0.000000 0.242188
vt 0.875000 0.242188
vt 0.000000 0.023438
vt 0.875000 0.023438
vt -1.062500 0.023438
vt -0.937500 0.023438
vt -0.937500 0.242188
vt -1.062500 0.242188
vt -0.937500 0.648438
vt -1.062500 0.648438
vt -0.937500 0.792969
vt -1.062500 0.792969
vt -1.062500 0.023438
vt -0.937500 0.023438
vt -0.937500 0.242188
vt -1.062500 0.242188
vt -0.937500 0.648438
vt -1.062500 0.648438
vt -0.937500 0.792969
vt -1.062500 0.792969
vt 2.000000 0.792969
vt 1.125000 0.792969
vt 1.125000 0.652344
vt 2.000000 0.652344
vt 1.125000 0.242188
vt 2.000000 0.242188
vt 1.125000 0.023438
vt 2.000000 0.023438
vt 2.000000 0.792969
vt 1.125000 0.792969
vt 1.125000 0.652344
vt 2.000000 0.652344
vt 1.125000 0.242188
vt 2.000000 0.242188
vt 1.125000 0.023438
vt 2.000000 0.023438
vt 1.375000 1.750000
vt 0.625000 1.750000
vt 0.625000 1.562500
vt 1.375000 1.562500
vt 0.625000 1.250000
vt 1.375000 1.250000
vt 1.375000 1.750000
vt 0.625000 1.750000
vt 0.625000 1.562500
vt 1.375000 1.562500
vt 0.625000 1.250000
vt 1.375000 1.250000
vt 1.375000 1.750000
vt 0.625000 1.750000
vt 0.625000 1.562500
vt 1.375000 1.562500
vt 0.625000 1.250000
vt 1.375000 1.250000
vt 1.375000 1.750000
vt 0.625000 1.750000
vt 0.625000 1.562500
vt 1.375000 1.562500
vt 0.625000 1.250000
vt 1.375000 1.250000
vt 1.375000 1.750000
vt 0.625000 1.750000
vt 0.625000 1.562500
vt 1.375000 1.562500
vt 0.625000 1.250000
vt 1.375000 1.250000
vt 1.375000 1.750000
vt 0.625000 1.750000
vt 0.625000 1.562500
vt 1.375000 1.562500
vt 0.625000 1.250000
vt 1.375000 1.250000
vt 1.375000 1.750000
vt 0.625000 1.750000
vt 0.625000 1.562500
vt 1.375000 1.562500
vt 0.625000 1.250000
vt 1.375000 1.250000
vt 1.375000 1.750000
vt 0.625000 1.750000
vt 0.625000 1.562500
vt 1.375000 1.562500
vt 0.625000 1.250000
vt 1.375000 1.250000
vt 1.375000 1.750000
vt 0.625000 1.750000
vt 0.625000 1.562500
vt 1.375000 1.562500
vt 0.625000 1.250000
vt 1.375000 1.250000
vt 1.375000 1.750000
vt 0.625000 1.750000
vt 0.625000 1.562500
vt 1.375000 1.562500
vt 0.625000 1.250000
vt 1.375000 1.250000
vt 1.375000 1.750000
vt 0.625000 1.750000
vt 0.625000 1.562500
vt 1.375000 1.562500
vt 0.625000 1.250000
vt 1.375000 1.250000
vt 1.375000 1.750000
vt 0.625000 1.750000
vt 0.625000 1.562500
vt 1.375000 1.562500
vt 0.625000 1.250000
vt 1.375000 1.250000
vt 0.000000 0.792969
vt 0.875000 0.792969
vt 0.000000 0.980469
vt 0.875000 0.980469
vt 0.875000 0.980469
vt 0.000000 0.980469
vt 0.875000 0.792969
vt 0.000000 0.792969
vt 0.875000 0.980469
vt 0.000000 0.980469
vt 0.875000 0.792969
vt 0.000000 0.792969
vt 2.000000 0.792969
vt 2.000000 0.980469
vt 1.125000 0.792969
vt 1.125000 0.980469
vt 0.875000 0.980469
vt 0.000000 0.980469
vt 0.875000 0.792969
vt 0.000000 0.792969
vt 1.125000 0.980469
vt 1.125000 0.792969
vt 2.000000 0.980469
vt 2.000000 0.792969
vt 1.125000 0.980469
vt 1.125000 0.792969
vt 2.000000 0.980469
vt 2.000000 0.792969
vt 1.125000 0.980469
vt 1.125000 0.792969
vt 2.000000 0.980469
vt 2.000000 0.792969
vt 0.875000 0.980469
vt 0.000000 0.980469
vt 0.875000 0.792969
vt 0.000000 0.792969
vt 1.125000 0.980469
vt 1.125000 0.792969
vt 2.000000 0.980469
vt 2.000000 0.792969
vt 1.125000 0.980469
vt 1.125000 0.792969
vt 2.000000 0.980469
vt 2.000000 0.792969
vt 1.125000 0.980469
vt 1.125000 0.792969
vt 2.000000 0.980469
vt 2.000000 0.792969
vt 1.125000 0.980469
vt 1.125000 0.792969
vt 2.000000 0.980469
vt 2.000000 0.792969
vt 0.875000 0.980469
vt 0.000000 0.980469
vt 0.875000 0.792969
vt 0.000000 0.792969
vt 0.875000 0.980469
vt 0.000000 0.980469
vt 0.875000 0.792969
vt 0.000000 0.792969
vt 0.875000 0.980469
vt 0.000000 0.980469
vt 0.875000 0.792969
vt 0.000000 0.792969
vt 0.875000 0.980469
vt 0.000000 0.980469
vt 0.875000 0.792969
vt 0.000000 0.792969
vt 1.125000 0.980469
vt 1.125000 0.792969
vt 2.000000 0.980469
vt 2.000000 0.792969
vt 0.878906 1.984375
vt 0.625000 1.753906
vt 1.375000 1.750000
vt 1.125000 1.980469
vt 0.878906 1.984375
vt 0.625000 1.753906
vt 1.375000 1.750000
vt 1.125000 1.980469
vt 0.878906 1.984375
vt 0.625000 1.753906
vt 1.375000 1.750000
vt 1.125000 1.980469
vt 0.878906 1.984375
vt 0.625000 1.753906
vt 1.375000 1.750000
vt 1.125000 1.980469
vt 0.878906 1.984375
vt 0.625000 1.753906
vt 1.375000 1.750000
vt 1.125000 1.980469
vt 0.878906 1.984375
vt 0.625000 1.753906
vt 1.375000 1.750000
vt 1.125000 1.980469
vt 0.878906 1.984375
vt 0.625000 1.753906
vt 1.375000 1.750000
vt 1.125000 1.980469
vt 0.878906 1.984375
vt 0.625000 1.753906
vt 1.375000 1.750000
vt 1.125000 1.980469
vt 0.878906 1.984375
vt 0.625000 1.753906
vt 1.375000 1.750000
vt 1.125000 1.980469
vt 0.878906 1.984375
vt 0.625000 1.753906
vt 1.375000 1.750000
vt 1.125000 1.980469
vt 0.878906 1.984375
vt 0.625000 1.753906
vt 1.375000 1.750000
vt 1.125000 1.980469
vt 0.878906 1.984375
vt 0.625000 1.753906
vt 1.375000 1.750000
vt 1.125000 1.980469
vt 1.125000 1.980469
vt 1.375000 1.750000
vt 1.375000 1.980469
vt 0.878906 1.984375
vt 0.625000 1.980469
vt 0.625000 1.753906
vt 1.125000 1.980469
vt 1.375000 1.750000
vt 1.375000 1.980469
vt 1.000000 1.062500
vt 1.375000 1.250000
vt 0.625000 1.250000
vt 1.000000 1.062500
vt 1.375000 1.250000
vt 0.625000 1.250000
vt -1.007812 0.980469
vt -1.062500 0.792969
vt -0.937500 0.792969
vt -1.007812 0.980469
vt -1.062500 0.792969
vt -0.937500 0.792969
vt -1.007812 0.980469
vt -1.062500 0.792969
vt -0.937500 0.792969
vt 0.878906 1.984375
vt 0.625000 1.980469
vt 0.625000 1.753906
vt 0.878906 1.984375
vt 0.625000 1.980469
vt 0.625000 1.753906
vt 1.125000 1.980469
vt 1.375000 1.750000
vt 1.375000 1.980469
vt 1.000000 1.062500
vt 1.375000 1.250000
vt 0.625000 1.250000
vt 0.878906 1.984375
vt 0.625000 1.980469
vt 0.625000 1.753906
vt 1.125000 1.980469
vt 1.375000 1.750000
vt 1.375000 1.980469
vt 1.000000 1.062500
vt 1.375000 1.250000
vt 0.625000 1.250000
vt -1.007812 0.980469
vt -1.062500 0.792969
vt -0.937500 0.792969
vt 1.000000 1.062500
vt 1.375000 1.250000
vt 0.625000 1.250000
vt 1.125000 1.980469
vt 1.375000 1.750000
vt 1.375000 1.980469
vt 0.878906 1.984375
vt 0.625000 1.980469
vt 0.625000 1.753906
vt 1.125000 1.980469
vt 1.375000 1.750000
vt 1.375000 1.980469
vt 1.000000 1.062500
vt 1.375000 1.250000
vt 0.625000 1.250000
vt -1.007812 0.980469
vt -1.062500 0.792969
vt -0.937500 0.792969
vt 1.000000 1.062500
vt 1.375000 1.250000
vt 0.625000 1.250000
vt 1.125000 1.980469
vt 1.375000 1.750000
vt 1.375000 1.980469
vt 0.878906 1.984375
vt 0.625000 1.980469
vt 0.625000 1.753906
vt 1.125000 1.980469
vt 1.375000 1.750000
vt 1.375000 1.980469
vt 0.878906 1.984375
vt 0.625000 1.980469
vt 0.625000 1.753906
vt -1.007812 0.980469
vt -1.062500 0.792969
vt -0.937500 0.792969
vt 0.878906 1.984375
vt 0.625000 1.980469
vt 0.625000 1.753906
vt 1.000000 1.062500
vt 1.375000 1.250000
vt 0.625000 1.250000
vt 0.878906 1.984375
vt 0.625000 1.980469
vt 0.625000 1.753906
vt 1.125000 1.980469
vt 1.375000 1.750000
vt 1.375000 1.980469
vt 1.000000 1.062500
vt 1.375000 1.250000
vt 0.625000 1.250000
vt -1.007812 0.980469
vt -1.062500 0.792969
vt -0.937500 0.792969
vt -1.007812 0.980469
vt -1.062500 0.792969
vt -0.937500 0.792969
vt 1.000000 1.062500
vt 1.375000 1.250000
vt 0.625000 1.250000
vt 0.878906 1.984375
vt 0.625000 1.980469
vt 0.625000 1.753906
vt 1.125000 1.980469
vt 1.375000 1.750000
vt 1.375000 1.980469
vt 1.000000 1.062500
vt 1.375000 1.250000
vt 0.625000 1.250000
vt 0.878906 1.984375
vt 0.625000 1.980469
vt 0.625000 1.753906
vt 1.125000 1.980469
vt 1.375000 1.750000
vt 1.375000 1.980469
vt 1.000000 1.062500
vt 1.375000 1.250000
vt 0.625000 1.250000
vt -1.007812 0.980469
vt -1.062500 0.792969
vt -0.937500 0.792969
vt 1.125000 1.980469
vt 1.375000 1.750000
vt 1.375000 1.980469
vt 0.878906 1.984375
vt 0.625000 1.980469
vt 0.625000 1.753906
vt -0.470703 0.107422
vt -0.501953 0.013672
vt -0.345703 0.013672
vt -0.345703 0.107422
vt -0.158203 0.013672
vt -0.158203 0.107422
vt -0.001953 0.013672
vt -0.033203 0.107422
vt -0.470703 0.107422
vt -0.501953 0.013672
vt -0.345703 0.013672
vt -0.345703 0.107422
vt -0.158203 0.013672
vt -0.158203 0.107422
vt -0.001953 0.013672
vt -0.033203 0.107422
vt 0.000000 1.486328
vt -2.000000 1.486328
vt -2.000000 1.404297
vt 0.000000 1.404297
vt -2.000000 1.107422
vt 0.000000 1.107422
vt -2.000000 1.013672
vt 0.000000 1.013672
vt -0.470703 0.107422
vt -0.501953 0.013672
vt -0.345703 0.013672
vt -0.345703 0.107422
vt -0.158203 0.013672
vt -0.158203 0.107422
vt -0.001953 0.013672
vt -0.033203 0.107422
vt -0.470703 0.107422
vt -0.501953 0.013672
vt -0.345703 0.013672
vt -0.345703 0.107422
vt -0.158203 0.013672
vt -0.158203 0.107422
vt -0.001953 0.013672
vt -0.033203 0.107422
vt -0.470703 0.107422
vt -0.501953 0.013672
vt -0.345703 0.013672
vt -0.345703 0.107422
vt -0.158203 0.013672
vt -0.158203 0.107422
vt -0.001953 0.013672
vt -0.033203 0.107422
vt -1.000000 1.486328
vt -2.000000 1.486328
vt -2.000000 1.404297
vt -1.000000 1.404297
vt -2.000000 1.107422
vt -1.000000 1.107422
vt -2.000000 1.013672
vt -1.000000 1.013672
vt -0.470703 0.107422
vt -0.501953 0.013672
vt -0.345703 0.013672
vt -0.345703 0.107422
vt -0.158203 0.013672
vt -0.158203 0.107422
vt -0.001953 0.013672
vt -0.033203 0.107422
vt -0.470703 0.107422
vt -0.501953 0.013672
vt -0.345703 0.013672
vt -0.345703 0.107422
vt -0.158203 0.013672
vt -0.158203 0.107422
vt -0.001953 0.013672
vt -0.033203 0.107422
vt -0.470703 0.107422
vt -0.501953 0.013672
vt -0.345703 0.013672
vt -0.345703 0.107422
vt -0.158203 0.013672
vt -0.158203 0.107422
vt -0.001953 0.013672
vt -0.033203 0.107422
vt -0.470703 0.107422
vt -0.501953 0.013672
vt -0.345703 0.013672
vt -0.345703 0.107422
vt -0.158203 0.013672
vt -0.158203 0.107422
vt -0.001953 0.013672
vt -0.033203 0.107422
vt -0.470703 0.107422
vt -0.501953 0.013672
vt -0.345703 0.013672
vt -0.345703 0.107422
vt -0.158203 0.013672
vt -0.158203 0.107422
vt -0.001953 0.013672
vt -0.033203 0.107422
vt -0.470703 0.107422
vt -0.501953 0.013672
vt -0.345703 0.013672
vt -0.345703 0.107422
vt -0.158203 0.013672
vt -0.158203 0.107422
vt -0.001953 0.013672
vt -0.033203 0.107422
vt -0.470703 0.107422
vt -0.501953 0.013672
vt -0.345703 0.013672
vt -0.345703 0.107422
vt -0.158203 0.013672
vt -0.158203 0.107422
vt -0.001953 0.013672
vt -0.033203 0.107422
vt -0.470703 0.107422
vt -0.501953 0.013672
vt -0.345703 0.013672
vt -0.345703 0.107422
vt -0.158203 0.013672
vt -0.158203 0.107422
vt -0.001953 0.013672
vt -0.033203 0.107422
vt -0.470703 0.107422
vt -0.501953 0.013672
vt -0.345703 0.013672
vt -0.345703 0.107422
vt -0.158203 0.013672
vt -0.158203 0.107422
vt -0.001953 0.013672
vt -0.033203 0.107422
vt -0.470703 0.107422
vt -0.501953 0.013672
vt -0.345703 0.013672
vt -0.345703 0.107422
vt -0.158203 0.013672
vt -0.158203 0.107422
vt -0.001953 0.013672
vt -0.033203 0.107422
vt -0.470703 0.107422
vt -0.501953 0.013672
vt -0.345703 0.013672
vt -0.345703 0.107422
vt -0.158203 0.013672
vt -0.158203 0.107422
vt -0.001953 0.013672
vt -0.033203 0.107422
vt -0.470703 0.107422
vt -0.501953 0.013672
vt -0.345703 0.013672
vt -0.345703 0.107422
vt -0.158203 0.013672
vt -0.158203 0.107422
vt -0.001953 0.013672
vt -0.033203 0.107422
vt -0.470703 0.107422
vt -0.501953 0.013672
vt -0.345703 0.013672
vt -0.345703 0.107422
vt -0.158203 0.013672
vt -0.158203 0.107422
vt -0.001953 0.013672
vt -0.033203 0.107422
vt -0.470703 0.107422
vt -0.501953 0.013672
vt -0.345703 0.013672
vt -0.345703 0.107422
vt -0.158203 0.013672
vt -0.158203 0.107422
vt -0.001953 0.013672
vt -0.033203 0.107422
vt -0.470703 0.107422
vt -0.501953 0.013672
vt -0.345703 0.013672
vt -0.345703 0.107422
vt -0.158203 0.013672
vt -0.158203 0.107422
vt -0.001953 0.013672
vt -0.033203 0.107422
vt -0.470703 0.107422
vt -0.501953 0.013672
vt -0.345703 0.013672
vt -0.345703 0.107422
vt -0.158203 0.013672
vt -0.158203 0.107422
vt -0.001953 0.013672
vt -0.033203 0.107422
vt -0.470703 0.107422
vt -0.501953 0.013672
vt -0.345703 0.013672
vt -0.345703 0.107422
vt -0.158203 0.013672
vt -0.158203 0.107422
vt -0.001953 0.013672
vt -0.033203 0.107422
vt -0.470703 0.107422
vt -0.501953 0.013672
vt -0.345703 0.013672
vt -0.345703 0.107422
vt -0.158203 0.013672
vt -0.158203 0.107422
vt -0.001953 0.013672
vt -0.033203 0.107422
vt 0.000000 0.605469
vt 0.500000 0.605469
vt 0.500000 0.902344
vt 0.000000 0.902344
vt 0.500000 0.984375
vt 0.000000 0.984375
vt -1.000000 0.605469
vt 2.000000 0.605469
vt 2.000000 0.902344
vt -1.000000 0.902344
vt 2.000000 0.984375
vt -1.000000 0.984375
vt -2.000000 0.605469
vt 2.000000 0.605469
vt 2.000000 0.902344
vt -2.000000 0.902344
vt 2.000000 0.984375
vt -2.001953 0.982422
vt -1.000000 0.605469
vt 0.500000 0.605469
vt 0.500000 0.902344
vt -1.000000 0.902344
vt 0.500000 0.984375
vt -1.000000 0.984375
vt -2.000000 0.605469
vt 2.000000 0.605469
vt 2.000000 0.902344
vt -2.000000 0.902344
vt 2.000000 0.984375
vt -2.001953 0.982422
vt -2.000000 0.605469
vt 2.000000 0.605469
vt 2.000000 0.902344
vt -2.000000 0.902344
vt 2.000000 0.984375
vt -2.001953 0.982422
vt 0.000000 0.605469
vt 0.500000 0.605469
vt 0.500000 0.902344
vt 0.000000 0.902344
vt 0.500000 0.984375
vt 0.000000 0.984375
vt -2.000000 0.605469
vt 2.000000 0.605469
vt 2.000000 0.902344
vt -2.000000 0.902344
vt 2.000000 0.984375
vt -2.001953 0.982422
vt 0.000000 0.605469
vt 0.500000 0.605469
vt 0.500000 0.902344
vt 0.000000 0.902344
vt 0.500000 0.984375
vt 0.000000 0.984375
vt -1.000000 0.605469
vt 1.000000 0.605469
vt 1.000000 0.902344
vt -1.000000 0.902344
vt 1.000000 0.984375
vt -1.000000 0.984375
vt 0.000000 0.605469
vt 0.500000 0.605469
vt 0.500000 0.902344
vt 0.000000 0.902344
vt 0.500000 0.984375
vt 0.000000 0.984375
vt 0.500000 0.984375
vt 0.000000 0.984375
vt 0.000000 0.902344
vt 0.500000 0.902344
vt 0.000000 0.605469
vt 0.500000 0.605469
vt -1.000000 0.605469
vt 1.000000 0.605469
vt 1.000000 0.902344
vt -1.000000 0.902344
vt 1.000000 0.984375
vt -1.000000 0.984375
vt 0.000000 0.605469
vt 0.500000 0.605469
vt 0.500000 0.902344
vt 0.000000 0.902344
vt 0.500000 0.984375
vt 0.000000 0.984375
vt -1.000000 0.605469
vt 2.000000 0.605469
vt 2.000000 0.902344
vt -1.000000 0.902344
vt 2.000000 0.984375
vt -1.000000 0.984375
vt -1.000000 0.605469
vt 0.000000 0.605469
vt 0.000000 0.902344
vt -1.000000 0.902344
vt 0.000000 0.984375
vt -1.000000 0.984375
vt 0.000000 0.605469
vt 0.500000 0.605469
vt 0.500000 0.902344
vt 0.000000 0.902344
vt 0.500000 0.984375
vt 0.000000 0.984375
vt -1.000000 0.605469
vt 2.000000 0.605469
vt 2.000000 0.902344
vt -1.000000 0.902344
vt 2.000000 0.984375
vt -1.000000 0.984375
vt -1.000000 0.605469
vt 1.000000 0.605469
vt 1.000000 0.902344
vt -1.000000 0.902344
vt 1.000000 0.984375
vt -1.000000 0.984375
vt -1.000000 0.605469
vt 1.000000 0.605469
vt 1.000000 0.902344
vt -1.000000 0.902344
vt 1.000000 0.984375
vt -1.000000 0.984375
vt 0.000000 0.605469
vt 0.500000 0.605469
vt 0.500000 0.902344
vt 0.000000 0.902344
vt 0.500000 0.984375
vt 0.000000 0.984375
vt -2.000000 0.605469
vt 2.000000 0.605469
vt 2.000000 0.902344
vt -2.000000 0.902344
vt 2.000000 0.984375
vt -2.001953 0.982422
vt -1.000000 0.605469
vt 2.000000 0.605469
vt 2.000000 0.902344
vt -1.000000 0.902344
vt 2.000000 0.984375
vt -1.000000 0.984375
vt -2.000000 0.605469
vt 2.000000 0.605469
vt 2.000000 0.902344
vt -2.000000 0.902344
vt 2.000000 0.984375
vt -2.001953 0.982422
vt -1.000000 0.605469
vt 0.000000 0.605469
vt 0.000000 0.902344
vt -1.000000 0.902344
vt 0.000000 0.984375
vt -1.000000 0.984375
vt -2.000000 0.605469
vt 2.000000 0.605469
vt 2.000000 0.902344
vt -2.000000 0.902344
vt 2.000000 0.984375
vt -2.001953 0.982422
vt -1.000000 0.605469
vt 1.000000 0.605469
vt 1.000000 0.902344
vt -1.000000 0.902344
vt 1.000000 0.984375
vt -1.000000 0.984375
vt -1.000000 0.605469
vt 0.000000 0.605469
vt 0.000000 0.902344
vt -1.000000 0.902344
vt 0.000000 0.984375
vt -1.000000 0.984375
vt -1.000000 0.605469
vt 0.000000 0.605469
vt 0.000000 0.902344
vt -1.000000 0.902344
vt 0.000000 0.984375
vt -1.000000 0.984375
vt -2.000000 0.605469
vt 2.000000 0.605469
vt 2.000000 0.902344
vt -2.000000 0.902344
vt 2.000000 0.984375
vt -2.001953 0.982422
vt -1.000000 0.605469
vt 2.000000 0.605469
vt 2.000000 0.902344
vt -1.000000 0.902344
vt 2.000000 0.984375
vt -1.000000 0.984375
vt -1.000000 0.605469
vt 0.500000 0.605469
vt 0.500000 0.902344
vt -1.000000 0.902344
vt 0.500000 0.984375
vt -1.000000 0.984375
vt 0.000000 0.605469
vt 0.500000 0.605469
vt 0.500000 0.902344
vt 0.000000 0.902344
vt 0.500000 0.984375
vt 0.000000 0.984375
vt -1.000000 0.605469
vt 1.000000 0.605469
vt 1.000000 0.902344
vt -1.000000 0.902344
vt 1.000000 0.984375
vt -1.000000 0.984375
vt -2.000000 0.605469
vt 2.000000 0.605469
vt 2.000000 0.902344
vt -2.000000 0.902344
vt 2.000000 0.984375
vt -2.001953 0.982422
vt 0.000000 0.605469
vt 0.500000 0.605469
vt 0.500000 0.902344
vt 0.000000 0.902344
vt 0.500000 0.984375
vt 0.000000 0.984375
vt -1.000000 0.605469
vt 2.000000 0.605469
vt 2.000000 0.902344
vt -1.000000 0.902344
vt 2.000000 0.984375
vt -1.000000 0.984375
vt -2.000000 0.605469
vt 2.000000 0.605469
vt 2.000000 0.902344
vt -2.000000 0.902344
vt 2.000000 0.984375
vt -2.001953 0.982422
vt -1.000000 0.605469
vt 0.500000 0.605469
vt 0.500000 0.902344
vt -1.000000 0.902344
vt 0.500000 0.984375
vt -1.000000 0.984375
vt -2.000000 0.605469
vt 2.000000 0.605469
vt 2.000000 0.902344
vt -2.000000 0.902344
vt 2.000000 0.984375
vt -2.001953 0.982422
vt 0.000000 0.605469
vt 0.500000 0.605469
vt 0.500000 0.902344
vt 0.000000 0.902344
vt 0.500000 0.984375
vt 0.000000 0.984375
vt -1.000000 0.605469
vt 2.000000 0.605469
vt 2.000000 0.902344
vt -1.000000 0.902344
vt 2.000000 0.984375
vt -1.000000 0.984375
vt -1.000000 0.605469
vt 1.000000 0.605469
vt 1.000000 0.902344
vt -1.000000 0.902344
vt 1.000000 0.984375
vt -1.000000 0.984375
vt -1.000000 0.605469
vt 1.000000 0.605469
vt 1.000000 0.902344
vt -1.000000 0.902344
vt 1.000000 0.984375
vt -1.000000 0.984375
vt -2.000000 0.605469
vt 2.000000 0.605469
vt 2.000000 0.902344
vt -2.000000 0.902344
vt 2.000000 0.984375
vt -2.001953 0.982422
vt 0.000000 0.605469
vt 0.500000 0.605469
vt 0.500000 0.902344
vt 0.000000 0.902344
vt 0.500000 0.984375
vt 0.000000 0.984375
vt 0.000000 0.605469
vt 0.500000 0.605469
vt 0.500000 0.902344
vt 0.000000 0.902344
vt 0.500000 0.984375
vt 0.000000 0.984375
vt -1.000000 0.605469
vt 0.000000 0.605469
vt 0.000000 0.902344
vt -1.000000 0.902344
vt 0.000000 0.984375
vt -1.000000 0.984375
vt 0.000000 0.605469
vt 0.500000 0.605469
vt 0.500000 0.902344
vt 0.000000 0.902344
vt 0.500000 0.984375
vt 0.000000 0.984375
vt -1.000000 0.605469
vt 0.500000 0.605469
vt 0.500000 0.902344
vt -1.000000 0.902344
vt 0.500000 0.984375
vt -1.000000 0.984375
vt 0.000000 0.605469
vt 0.500000 0.605469
vt 0.500000 0.902344
vt 0.000000 0.902344
vt 0.500000 0.984375
vt 0.000000 0.984375
vt -1.000000 0.605469
vt 0.000000 0.605469
vt 0.000000 0.902344
vt -1.000000 0.902344
vt 0.000000 0.984375
vt -1.000000 0.984375
vt -1.000000 0.605469
vt 1.000000 0.605469
vt 1.000000 0.902344
vt -1.000000 0.902344
vt 1.000000 0.984375
vt -1.000000 0.984375
vt -1.000000 0.605469
vt 1.000000 0.605469
vt 1.000000 0.902344
vt -1.000000 0.902344
vt 1.000000 0.984375
vt -1.000000 0.984375
vt -2.000000 0.605469
vt 2.000000 0.605469
vt 2.000000 0.902344
vt -2.000000 0.902344
vt 2.000000 0.984375
vt -2.001953 0.982422
vt -1.000000 0.605469
vt 1.000000 0.605469
vt 1.000000 0.902344
vt -1.000000 0.902344
vt 1.000000 0.984375
vt -1.000000 0.984375
vt -1.000000 0.605469
vt 2.000000 0.605469
vt 2.000000 0.902344
vt -1.000000 0.902344
vt 2.000000 0.984375
vt -1.000000 0.984375
vt 0.000000 0.605469
vt 0.500000 0.605469
vt 0.500000 0.902344
vt 0.000000 0.902344
vt 0.500000 0.984375
vt 0.000000 0.984375
vt -1.000000 0.605469
vt 0.500000 0.605469
vt 0.500000 0.902344
vt -1.000000 0.902344
vt 0.500000 0.984375
vt -1.000000 0.984375
vt -1.000000 0.605469
vt 1.000000 0.605469
vt 1.000000 0.902344
vt -1.000000 0.902344
vt 1.000000 0.984375
vt -1.000000 0.984375
vt -1.000000 0.605469
vt 1.000000 0.605469
vt 1.000000 0.902344
vt -1.000000 0.902344
vt 1.000000 0.984375
vt -1.000000 0.984375
vt -1.000000 0.605469
vt 1.000000 0.605469
vt 1.000000 0.902344
vt -1.000000 0.902344
vt 1.000000 0.984375
vt -1.000000 0.984375
vt -0.470703 0.107422
vt -0.345703 0.107422
vt -0.345703 0.394531
vt -0.158203 0.107422
vt -0.158203 0.394531
vt -0.033203 0.107422
vt -0.470703 0.107422
vt -0.345703 0.107422
vt -0.345703 0.394531
vt -0.158203 0.107422
vt -0.158203 0.394531
vt -0.033203 0.107422
vt -0.470703 0.107422
vt -0.345703 0.107422
vt -0.345703 0.394531
vt -0.158203 0.107422
vt -0.158203 0.394531
vt -0.033203 0.107422
vt -0.470703 0.107422
vt -0.345703 0.107422
vt -0.345703 0.394531
vt -0.158203 0.107422
vt -0.158203 0.394531
vt -0.033203 0.107422
vt -0.470703 0.107422
vt -0.345703 0.107422
vt -0.345703 0.394531
vt -0.158203 0.107422
vt -0.158203 0.394531
vt -0.033203 0.107422
vt -0.470703 0.107422
vt -0.345703 0.107422
vt -0.345703 0.394531
vt -0.158203 0.107422
vt -0.158203 0.394531
vt -0.033203 0.107422
vt -0.470703 0.107422
vt -0.345703 0.107422
vt -0.345703 0.394531
vt -0.158203 0.107422
vt -0.158203 0.394531
vt -0.033203 0.107422
vt -0.033203 0.107422
vt -0.158203 0.394531
vt -0.158203 0.107422
vt -0.345703 0.394531
vt -0.345703 0.107422
vt -0.470703 0.107422
vt -0.470703 0.107422
vt -0.345703 0.107422
vt -0.345703 0.394531
vt -0.158203 0.107422
vt -0.158203 0.394531
vt -0.033203 0.107422
vt -0.470703 0.107422
vt -0.345703 0.107422
vt -0.345703 0.394531
vt -0.158203 0.107422
vt -0.158203 0.394531
vt -0.033203 0.107422
vt -0.470703 0.107422
vt -0.345703 0.107422
vt -0.345703 0.394531
vt -0.158203 0.107422
vt -0.158203 0.394531
vt -0.033203 0.107422
vt -0.470703 0.107422
vt -0.345703 0.107422
vt -0.345703 0.394531
vt -0.158203 0.107422
vt -0.158203 0.394531
vt -0.033203 0.107422
vt -0.470703 0.107422
vt -0.345703 0.107422
vt -0.345703 0.394531
vt -0.158203 0.107422
vt -0.158203 0.394531
vt -0.033203 0.107422
vt -0.470703 0.107422
vt -0.345703 0.107422
vt -0.345703 0.394531
vt -0.158203 0.107422
vt -0.158203 0.394531
vt -0.033203 0.107422
vt -0.470703 0.107422
vt -0.345703 0.107422
vt -0.345703 0.394531
vt -0.158203 0.107422
vt -0.158203 0.394531
vt -0.033203 0.107422
vt -0.470703 0.107422
vt -0.345703 0.107422
vt -0.345703 0.394531
vt -0.158203 0.107422
vt -0.158203 0.394531
vt -0.033203 0.107422
vt -0.470703 0.107422
vt -0.345703 0.107422
vt -0.345703 0.394531
vt -0.158203 0.107422
vt -0.158203 0.394531
vt -0.033203 0.107422
vt -0.470703 0.107422
vt -0.345703 0.107422
vt -0.345703 0.394531
vt -0.158203 0.107422
vt -0.158203 0.394531
vt -0.033203 0.107422
vt 0.437500 0.906250
vt 0.437500 0.609375
vt 0.285156 0.906250
vt 0.285156 0.609375
vt 0.437500 0.609375
vt 0.437500 0.906250
vt 0.437500 0.609375
vt 0.285156 0.906250
vt 0.285156 0.609375
vt 0.437500 0.609375
vt 0.437500 0.906250
vt 0.437500 0.609375
vt 0.285156 0.906250
vt 0.285156 0.609375
vt 0.437500 0.609375
vt 0.437500 0.906250
vt 0.437500 0.609375
vt 0.285156 0.906250
vt 0.285156 0.609375
vt 0.437500 0.609375
vt 0.437500 0.906250
vt 0.437500 0.609375
vt 0.285156 0.906250
vt 0.285156 0.609375
vt 0.437500 0.609375
vt 0.437500 0.906250
vt 0.437500 0.609375
vt 0.285156 0.906250
vt 0.285156 0.609375
vt 0.437500 0.609375
vt 0.437500 0.906250
vt 0.437500 0.609375
vt 0.285156 0.906250
vt 0.285156 0.609375
vt 0.437500 0.609375
vt 0.437500 0.906250
vt 0.437500 0.609375
vt 0.285156 0.906250
vt 0.285156 0.609375
vt 0.437500 0.609375
vt 0.437500 0.906250
vt 0.437500 0.609375
vt 0.285156 0.906250
vt 0.285156 0.609375
vt 0.437500 0.609375
vt 0.437500 0.906250
vt 0.437500 0.609375
vt 0.285156 0.906250
vt 0.285156 0.609375
vt 0.437500 0.609375
vt 0.437500 0.906250
vt 0.437500 0.609375
vt 0.285156 0.906250
vt 0.285156 0.609375
vt 0.437500 0.609375
vt 0.437500 0.906250
vt 0.437500 0.609375
vt 0.285156 0.906250
vt 0.285156 0.609375
vt 0.437500 0.609375
vt 0.437500 0.906250
vt 0.437500 0.609375
vt 0.285156 0.906250
vt 0.285156 0.609375
vt 0.437500 1.105469
vt 0.285156 1.105469
vt 0.285156 1.013672
vt 0.437500 1.105469
vt 0.437500 0.906250
vt 0.285156 0.906250
vt 0.437500 0.609375
vt 0.285156 0.609375
vt 0.437500 0.906250
vt 0.437500 0.609375
vt 0.285156 0.906250
vt 0.285156 0.609375
vt 0.437500 1.107422
vt 0.285156 1.107422
vt 0.285156 1.017578
vt 0.437500 1.107422
vt 0.437500 1.107422
vt 0.285156 1.107422
vt 0.285156 1.017578
vt 0.437500 1.107422
vt 0.437500 1.107422
vt 0.285156 1.107422
vt 0.285156 1.017578
vt 0.437500 1.107422
vt 0.437500 1.107422
vt 0.285156 1.107422
vt 0.285156 1.017578
vt 0.437500 1.107422
vt 0.437500 1.107422
vt 0.285156 1.107422
vt 0.285156 1.017578
vt 0.437500 1.107422
vt 0.437500 1.107422
vt 0.285156 1.107422
vt 0.285156 1.017578
vt 0.437500 1.107422
vt 0.437500 1.107422
vt 0.285156 1.107422
vt 0.285156 1.017578
vt 0.437500 1.107422
vt 0.437500 0.906250
vt 0.285156 0.906250
vt 0.437500 0.609375
vt 0.285156 0.609375
vt 0.437500 1.105469
vt 0.285156 1.105469
vt 0.285156 1.013672
vt 0.437500 1.105469
vt 0.437500 1.105469
vt 0.285156 1.105469
vt 0.285156 1.013672
vt 0.437500 1.105469
vt 0.437500 1.105469
vt 0.285156 1.105469
vt 0.285156 1.013672
vt 0.437500 1.105469
vt 0.000000 1.015625
vt 0.500000 1.015625
vt 0.500000 1.109375
vt 0.000000 1.109375
vt -1.000000 1.015625
vt 0.500000 1.015625
vt 0.500000 1.109375
vt -1.000000 1.109375
vt -1.000000 1.015625
vt 0.000000 1.015625
vt 0.000000 1.109375
vt -1.000000 1.109375
vt -2.000000 1.015625
vt 2.000000 1.015625
vt 2.000000 1.109375
vt -2.000000 1.109375
vt -2.000000 1.015625
vt 2.000000 1.015625
vt 2.000000 1.109375
vt -2.000000 1.109375
vt -2.000000 1.015625
vt 2.000000 1.015625
vt 2.000000 1.109375
vt -2.000000 1.109375
vt 1.500000 0.986328
vt 1.000000 0.986328
vt 1.000000 0.900391
vt 1.279297 0.900391
vt -2.000000 1.015625
vt 2.000000 1.015625
vt 2.000000 1.109375
vt -2.000000 1.109375
vt 0.000000 1.015625
vt 0.500000 1.015625
vt 0.500000 1.109375
vt 0.000000 1.109375
vt -1.000000 1.015625
vt 2.000000 1.015625
vt 2.000000 1.109375
vt -1.000000 1.109375
vt -1.000000 1.015625
vt 0.500000 1.015625
vt 0.500000 1.109375
vt -1.000000 1.109375
vt 0.000000 1.015625
vt 0.500000 1.015625
vt 0.500000 1.109375
vt 0.000000 1.109375
vt 0.000000 1.015625
vt 0.500000 1.015625
vt 0.500000 1.109375
vt 0.000000 1.109375
vt -2.000000 1.013672
vt -0.500000 1.013672
vt -0.500000 1.107422
vt -2.000000 1.107422
vt 0.000000 1.013672
vt 0.500000 1.013672
vt 0.500000 1.107422
vt 0.000000 1.107422
vt -1.000000 1.015625
vt 0.000000 1.015625
vt 0.000000 1.109375
vt -1.000000 1.109375
vt 0.000000 1.013672
vt 0.500000 1.013672
vt 0.500000 1.107422
vt 0.000000 1.107422
vt -2.000000 1.013672
vt 0.000000 1.013672
vt 0.000000 1.107422
vt -2.000000 1.107422
vt -2.000000 1.015625
vt 2.000000 1.015625
vt 2.000000 1.109375
vt -2.000000 1.109375
vt -2.000000 1.013672
vt -1.000000 1.013672
vt -1.000000 1.107422
vt -2.000000 1.107422
vt -2.000000 1.013672
vt -0.500000 1.013672
vt -0.500000 1.107422
vt -2.000000 1.107422
vt -1.000000 1.015625
vt 1.000000 1.015625
vt 1.000000 1.109375
vt -1.000000 1.109375
vt 0.000000 1.015625
vt 0.500000 1.015625
vt 0.500000 1.109375
vt 0.000000 1.109375
vt -2.000000 1.015625
vt 2.000000 1.015625
vt 2.000000 1.109375
vt -2.000000 1.109375
vt -1.355469 1.013672
vt -0.355469 1.013672
vt -0.355469 1.107422
vt -1.355469 1.107422
vt 1.000000 0.986328
vt 0.500000 0.986328
vt 0.753906 0.900391
vt 1.000000 0.900391
vt -1.000000 1.015625
vt 1.000000 1.015625
vt 1.000000 1.109375
vt -1.000000 1.109375
vt -2.000000 1.013672
vt 2.000000 1.013672
vt 2.000000 1.107422
vt -2.000000 1.107422
vt 1.500000 0.986328
vt 1.000000 0.986328
vt 1.000000 0.900391
vt 1.279297 0.900391
vt -1.000000 1.015625
vt 2.000000 1.015625
vt 2.000000 1.109375
vt -1.000000 1.109375
vt -1.000000 1.015625
vt 2.000000 1.015625
vt 2.000000 1.109375
vt -1.000000 1.109375
vt 0.000000 1.015625
vt 0.500000 1.015625
vt 0.500000 1.109375
vt 0.000000 1.109375
vt 0.000000 1.013672
vt 0.500000 1.013672
vt 0.500000 1.107422
vt 0.000000 1.107422
vt -1.000000 1.015625
vt 1.000000 1.015625
vt 1.000000 1.109375
vt -1.000000 1.109375
vt -2.000000 1.013672
vt -0.500000 1.013672
vt -0.500000 1.107422
vt -2.000000 1.107422
vt 1.000000 0.986328
vt 0.500000 0.986328
vt 0.753906 0.900391
vt 1.000000 0.900391
vt -1.000000 1.015625
vt 1.000000 1.015625
vt 1.000000 1.109375
vt -1.000000 1.109375
vt 1.500000 0.986328
vt 1.000000 0.986328
vt 1.000000 0.900391
vt 1.279297 0.900391
vt -1.000000 1.015625
vt 1.000000 1.015625
vt 1.000000 1.109375
vt -1.000000 1.109375
vt 0.000000 1.015625
vt 0.500000 1.015625
vt 0.500000 1.109375
vt 0.000000 1.109375
vt -1.000000 1.015625
vt 1.000000 1.015625
vt 1.000000 1.109375
vt -1.000000 1.109375
vt -1.000000 1.015625
vt 1.000000 1.015625
vt 1.000000 1.109375
vt -1.000000 1.109375
vt -1.000000 1.015625
vt 0.000000 1.015625
vt 0.000000 1.109375
vt -1.000000 1.109375
vt 0.000000 1.015625
vt 0.500000 1.015625
vt 0.500000 1.109375
vt 0.000000 1.109375
vt -1.000000 1.015625
vt 0.000000 1.015625
vt 0.000000 1.109375
vt -1.000000 1.109375
vt -2.000000 1.015625
vt 2.000000 1.015625
vt 2.000000 1.109375
vt -2.000000 1.109375
vt -1.000000 1.015625
vt 1.000000 1.015625
vt 1.000000 1.109375
vt -1.000000 1.109375
vt -2.000000 1.015625
vt 2.000000 1.015625
vt 2.000000 1.109375
vt -2.000000 1.109375
vt 0.000000 1.015625
vt 0.500000 1.015625
vt 0.500000 1.109375
vt 0.000000 1.109375
vt -1.000000 1.015625
vt 1.000000 1.015625
vt 1.000000 1.109375
vt -1.000000 1.109375
vt 1.500000 0.986328
vt 1.000000 0.986328
vt 1.000000 0.900391
vt 1.279297 0.900391
vt 0.000000 1.013672
vt 0.500000 1.013672
vt 0.500000 1.107422
vt 0.000000 1.107422
vt -2.000000 1.015625
vt 2.000000 1.015625
vt 2.000000 1.109375
vt -2.000000 1.109375
vt -2.000000 1.013672
vt 0.000000 1.013672
vt 0.000000 1.107422
vt -2.000000 1.107422
vt 1.000000 0.986328
vt 0.500000 0.986328
vt 0.753906 0.900391
vt 1.000000 0.900391
vt 0.000000 1.013672
vt 0.500000 1.013672
vt 0.500000 1.107422
vt 0.000000 1.107422
vt 0.000000 1.013672
vt 0.500000 1.013672
vt 0.500000 1.107422
vt 0.000000 1.107422
vt -1.000000 1.015625
vt 2.000000 1.015625
vt 2.000000 1.109375
vt -1.000000 1.109375
vt 1.000000 0.986328
vt 0.500000 0.986328
vt 0.753906 0.900391
vt 1.000000 0.900391
vt 0.000000 1.013672
vt 0.500000 1.013672
vt 0.500000 1.107422
vt 0.000000 1.107422
vt 0.000000 1.013672
vt 0.500000 1.013672
vt 0.500000 1.107422
vt 0.000000 1.107422
vt -1.000000 1.015625
vt 0.500000 1.015625
vt 0.500000 1.109375
vt -1.000000 1.109375
vt -2.000000 1.013672
vt 0.000000 1.013672
vt 0.000000 1.107422
vt -2.000000 1.107422
vt -1.000000 1.015625
vt 0.500000 1.015625
vt 0.500000 1.109375
vt -1.000000 1.109375
vt -2.000000 1.015625
vt 2.000000 1.015625
vt 2.000000 1.109375
vt -2.000000 1.109375
vt 1.500000 0.986328
vt 1.000000 0.986328
vt 1.000000 0.900391
vt 1.279297 0.900391
vt -2.000000 1.013672
vt 2.000000 1.013672
vt 2.000000 1.107422
vt -2.000000 1.107422
vt -2.000000 1.013672
vt 2.000000 1.013672
vt 2.000000 1.107422
vt -2.000000 1.107422
vt 0.000000 1.013672
vt 0.500000 1.013672
vt 0.500000 1.107422
vt 0.000000 1.107422
vt 0.000000 1.013672
vt 0.500000 1.013672
vt 0.500000 1.107422
vt 0.000000 1.107422
vt -1.000000 1.015625
vt 2.000000 1.015625
vt 2.000000 1.109375
vt -1.000000 1.109375
vt 1.000000 0.986328
vt 0.500000 0.986328
vt 0.753906 0.900391
vt 1.000000 0.900391
vt -1.000000 1.015625
vt 1.000000 1.015625
vt 1.000000 1.109375
vt -1.000000 1.109375
vt 0.000000 1.013672
vt 0.500000 1.013672
vt 0.500000 1.107422
vt 0.000000 1.107422
vt -2.000000 1.013672
vt 1.000000 1.013672
vt 1.000000 1.107422
vt -2.000000 1.107422
vt -2.000000 1.013672
vt 0.000000 1.013672
vt 0.000000 1.107422
vt -2.000000 1.107422
vt 0.000000 1.015625
vt 0.500000 1.015625
vt 0.500000 1.109375
vt 0.000000 1.109375
vt 0.000000 1.015625
vt 0.500000 1.015625
vt 0.500000 1.109375
vt 0.000000 1.109375
vt -1.000000 1.015625
vt 2.000000 1.015625
vt 2.000000 1.109375
vt -1.000000 1.109375
vt -1.000000 1.015625
vt 1.000000 1.015625
vt 1.000000 1.109375
vt -1.000000 1.109375
vt 0.000000 1.015625
vt 0.500000 1.015625
vt 0.500000 1.109375
vt 0.000000 1.109375
vt 0.000000 1.015625
vt 0.500000 1.015625
vt 0.500000 1.109375
vt 0.000000 1.109375
vt 0.000000 1.015625
vt 0.500000 1.015625
vt 0.500000 1.109375
vt 0.000000 1.109375
vt 0.000000 1.013672
vt 0.500000 1.013672
vt 0.500000 1.107422
vt 0.000000 1.107422
vt -1.000000 1.015625
vt 1.000000 1.015625
vt 1.000000 1.109375
vt -1.000000 1.109375
vt 1.000000 0.986328
vt 0.500000 0.986328
vt 0.753906 0.900391
vt 1.000000 0.900391
vt -0.158203 0.890625
vt -0.251953 0.984375
vt -0.345703 0.890625
vt -0.158203 0.396484
vt -0.251953 0.488281
vt -0.345703 0.396484
vt -0.158203 0.890625
vt -0.251953 0.984375
vt -0.345703 0.890625
vt -0.158203 0.890625
vt -0.251953 0.984375
vt -0.345703 0.890625
vt -0.158203 0.890625
vt -0.251953 0.984375
vt -0.345703 0.890625
vt -0.158203 0.890625
vt -0.251953 0.984375
vt -0.345703 0.890625
vt -0.158203 0.890625
vt -0.251953 0.984375
vt -0.345703 0.890625
vt -0.158203 0.890625
vt -0.251953 0.984375
vt -0.345703 0.890625
vt 0.285156 1.013672
vt 0.437500 1.105469
vt 0.285156 1.105469
vt -0.158203 0.890625
vt -0.251953 0.984375
vt -0.345703 0.890625
vt 0.285156 1.017578
vt 0.285156 1.107422
vt 0.437500 1.107422
vt 0.437500 0.906250
vt 0.285156 0.906250
vt 0.437500 0.609375
vt 0.285156 1.013672
vt 0.437500 1.105469
vt 0.285156 1.105469
vt -0.158203 0.890625
vt -0.251953 0.984375
vt -0.345703 0.890625
vt -0.158203 0.890625
vt -0.251953 0.984375
vt -0.345703 0.890625
vt 0.437500 0.906250
vt 0.285156 0.906250
vt 0.437500 0.609375
vt 0.437500 0.906250
vt 0.285156 0.906250
vt 0.437500 0.609375
vt 0.437500 0.906250
vt 0.285156 0.906250
vt 0.437500 0.609375
vt -0.158203 0.890625
vt -0.251953 0.984375
vt -0.345703 0.890625
vt 0.437500 0.906250
vt 0.285156 0.906250
vt 0.437500 0.609375
vt 0.437500 0.906250
vt 0.285156 0.906250
vt 0.437500 0.609375
vt -0.158203 0.890625
vt -0.251953 0.984375
vt -0.345703 0.890625
vt 0.437500 0.906250
vt 0.285156 0.906250
vt 0.437500 0.609375
vt -0.158203 0.890625
vt -0.251953 0.984375
vt -0.345703 0.890625
vt -0.158203 0.890625
vt -0.251953 0.984375
vt -0.345703 0.890625
vt 0.437500 0.906250
vt 0.285156 0.906250
vt 0.437500 0.609375
vt 0.285156 1.017578
vt 0.437500 1.107422
vt 0.285156 1.107422
vt -0.158203 0.890625
vt -0.251953 0.984375
vt -0.345703 0.890625
vt 0.437500 0.906250
vt 0.285156 0.906250
vt 0.437500 0.609375
vt -0.158203 0.890625
vt -0.251953 0.984375
vt -0.345703 0.890625
vt -0.158203 0.890625
vt -0.251953 0.984375
vt -0.345703 0.890625
vt 0.437500 0.906250
vt 0.285156 0.906250
vt 0.437500 0.609375
vt 0.285156 1.017578
vt 0.285156 1.107422
vt 0.437500 1.107422
vt 0.437500 0.906250
vt 0.285156 0.906250
vt 0.437500 0.609375
vt 0.437500 0.906250
vt 0.285156 0.906250
vt 0.437500 0.609375
vt 0.285156 1.013672
vt 0.285156 1.105469
vt 0.437500 1.105469
vn 0.0000 0.5451 0.8384
vn 0.0000 1.0000 0.0000
vn 0.8996 0.4368 0.0000
vn 0.6500 0.7599 0.0000
vn 0.2922 0.9563 0.0000
vn -0.8996 0.4368 0.0000
vn -0.6500 0.7599 0.0000
vn -0.2922 0.9563 0.0000
vn 0.2600 0.9656 0.0000
vn 0.9315 0.3638 0.0000
vn 0.5702 0.8215 0.0000
vn -0.2600 0.9656 0.0000
vn -0.9315 0.3638 0.0000
vn -0.5702 0.8215 0.0000
vn 0.0000 0.6369 0.7709
vn 0.0000 0.0000 -1.0000
vn 0.0000 0.0000 1.0000
vn -1.0000 0.0000 0.0000
vn 1.0000 0.0000 0.0000
vn -0.7157 0.6984 0.0000
vn -0.7071 0.7071 0.0000
vn 0.0000 0.7071 0.7071
vn 0.0000 0.6984 0.7157
vn -0.4236 0.9059 0.0000
vn -0.6946 0.7193 0.0000
vn -0.5258 0.8506 0.0000
vn -0.0089 0.9999 0.0000
vn 0.0000 0.9999 0.0089
vn 0.0000 0.8506 0.5258
vn 0.0000 0.7193 0.6946
vn 0.0000 0.9059 0.4236
vn -0.4278 0.9029 0.0409
vn -0.3311 0.9306 0.1561
vn -0.3689 0.9226 0.1126
vn -0.1841 0.9346 0.3041
vn -0.1402 0.9286 0.3434
vn -0.0367 0.9023 0.4295
vn 0.0409 0.9029 0.4278
vn 0.1561 0.9306 0.3311
vn 0.1126 0.9226 0.3689
vn 0.3041 0.9346 0.1841
vn 0.3434 0.9286 0.1402
vn 0.4295 0.9023 0.0367
vn 0.4278 0.9029 -0.0409
vn 0.3311 0.9306 -0.1561
vn 0.3689 0.9226 -0.1126
vn 0.1841 0.9346 -0.3041
vn 0.1402 0.9286 -0.3434
vn 0.0367 0.9023 -0.4295
vn 0.8905 0.4549 0.0000
vn 0.5258 0.8506 0.0000
vn 0.0089 0.9999 0.0000
vn 0.0000 0.4549 0.8905
vn 0.0000 0.4549 -0.8905
vn 0.0000 0.8506 -0.5258
vn 0.0000 0.9999 -0.0089
vn -0.8905 0.4549 0.0000
vn -0.8877 0.4535 0.0793
vn -0.7745 0.5301 0.3452
vn -0.6719 0.5697 0.4732
vn -0.4168 0.5489 0.7245
vn -0.4701 0.5747 0.6698
vn -0.0694 0.4538 0.8884
vn 0.8877 0.4535 -0.0793
vn 0.7745 0.5301 -0.3452
vn 0.6719 0.5697 -0.4732
vn 0.4168 0.5489 -0.7245
vn 0.4701 0.5747 -0.6698
vn 0.0694 0.4538 -0.8884
vn 0.0793 0.4535 0.8877
vn 0.3452 0.5301 0.7745
vn 0.4732 0.5697 0.6719
vn 0.7245 0.5489 0.4168
vn 0.6698 0.5747 0.4701
vn 0.8884 0.4538 0.0694
vn -0.0793 0.4535 -0.8877
vn -0.3452 0.5301 -0.7745
vn -0.4732 0.5697 -0.6719
vn -0.7245 0.5489 -0.4168
vn -0.6698 0.5747 -0.4701
vn -0.8884 0.4538 -0.0694
vn -0.2737 0.9366 0.2189
vn 0.0000 0.9059 -0.4236
vn 0.4236 0.9059 0.0000
vn -0.0089 0.9999 0.0089
vn 0.0089 0.9999 -0.0089
vn -0.0089 0.9999 -0.0089
vn 0.0089 0.9999 0.0089
vn 0.0000 0.9956 0.0935
vn 0.0000 0.6596 0.7516
vn 0.0000 0.1429 0.9897
vn 0.0000 0.8473 0.5311
vn 0.0935 0.9956 0.0000
vn 0.7516 0.6596 0.0000
vn 0.9897 0.1429 0.0000
vn 0.5311 0.8473 0.0000
vn 0.0000 0.9956 -0.0935
vn 0.0000 0.6596 -0.7516
vn 0.0000 0.1429 -0.9897
vn 0.0000 0.8473 -0.5311
vn 0.0004 0.8482 0.5297
vn -0.0935 0.9956 0.0000
vn -0.7516 0.6596 0.0000
vn -0.9897 0.1429 0.0000
vn -0.5311 0.8473 0.0000
vn -0.0004 0.8482 -0.5297
vn 0.5297 0.8482 -0.0004
vn -0.5297 0.8482 0.0004
vn 0.3687 0.8575 -0.3589
vn 0.7023 0.2199 -0.6771
vn 0.4523 0.7774 -0.4370
vn -0.3589 0.8575 -0.3687
vn -0.6771 0.2199 -0.7023
vn -0.4370 0.7774 -0.4523
vn 0.3589 0.8575 0.3687
vn 0.6771 0.2199 0.7023
vn 0.4370 0.7774 0.4523
vn -0.3687 0.8575 0.3589
vn -0.7023 0.2199 0.6771
vn -0.4523 0.7774 0.4370
vn -0.5972 0.5273 -0.6044
vn -0.6967 0.1016 -0.7101
vn 0.5972 0.5273 0.6044
vn 0.6967 0.1016 0.7101
vn -0.6044 0.5273 0.5972
vn -0.7101 0.1016 0.6967
vn 0.6044 0.5273 -0.5972
vn 0.7101 0.1016 -0.6967
vn -0.0002 0.9957 0.0925
vn 0.0925 0.9957 0.0002
vn 0.0002 0.9957 -0.0925
vn -0.0925 0.9957 -0.0002
vn -0.0394 0.9984 -0.0397
vn -0.0397 0.9984 0.0394
vn 0.0394 0.9984 0.0397
vn 0.0397 0.9984 -0.0394
vn 0.0006 0.9956 -0.0935
vn -0.4675 0.7568 0.4569
vn 0.4675 0.7568 -0.4569
vn -0.0594 0.9966 0.0574
vn -0.0574 0.9966 -0.0594
vn -0.0935 0.9956 -0.0006
vn -0.0006 0.9956 0.0935
vn -0.4569 0.7568 -0.4675
vn -0.4675 0.7567 0.4569
vn 0.4569 0.7568 0.4675
vn 0.0594 0.9966 -0.0574
vn 0.0935 0.9956 0.0006
vn 0.4675 0.7567 -0.4569
vn 0.4569 0.7567 0.4675
vn 0.0574 0.9966 0.0594
vn 0.6946 0.7193 0.0000
vn 0.0000 0.7193 -0.6946
vn -0.0409 0.9029 -0.4278
vn -0.1561 0.9306 -0.3311
vn -0.1126 0.9226 -0.3689
vn -0.3041 0.9346 -0.1841
vn -0.3434 0.9286 -0.1402
vn -0.4295 0.9023 -0.0367
vn 0.0792 0.4535 0.8877
vn 0.6646 0.6341 0.3951
vn 0.8495 0.5160 0.1100
vn 0.5286 0.6642 0.5286
vn -0.6646 0.6341 -0.3951
vn -0.8495 0.5160 -0.1100
vn -0.5286 0.6642 -0.5286
vn -0.3951 0.6341 0.6646
vn -0.1100 0.5160 0.8495
vn -0.5286 0.6642 0.5286
vn 0.3951 0.6341 -0.6646
vn 0.1100 0.5160 -0.8495
vn 0.5286 0.6642 -0.5286
vn -0.0602 0.4894 0.8700
vn -0.3900 0.8341 0.3900
vn -0.8700 0.4894 0.0602
vn -0.6646 0.6341 0.3951
vn 0.3900 0.8341 -0.3900
vn -0.3900 0.8341 -0.3900
vn 0.3900 0.8341 0.3900
usemtl etcs_a
s off
f 1/1/1 2/2/1 3/3/1 4/4/1
usemtl road05
f 5/5/2 6/6/2 7/7/2 8/8/2
usemtl road05_sub
f 9/9/2 10/10/2 11/11/2 12/12/2
usemtl egrass_ro
f 13/13/2 14/14/2 15/15/2 16/16/2
f 17/17/2 18/18/2 19/19/2 20/20/2
usemtl egrass_u
f 21/21/2 22/22/2 23/23/2 24/24/2
f 25/25/2 26/26/2 27/27/2 28/28/2
usemtl egrass_v
f 29/29/2 30/30/2 31/31/2 32/32/2
f 33/33/2 34/34/2 35/35/2 36/36/2
usemtl allpeak_p
f 37/37/2 38/38/2 39/39/2 40/40/2
f 41/41/2 42/42/2 43/43/2 44/44/2
f 45/45/2 46/46/2 47/47/2 48/48/2
usemtl egrass
f 49/49/2 50/50/2 51/51/2 52/52/2
f 53/53/2 54/54/2 55/55/2 56/56/2
f 57/57/2 58/58/2 59/59/2 60/60/2
usemtl flower02
f 61/61/2 62/62/2 63/63/2 64/64/2
f 65/65/2 66/66/2 67/67/2 68/68/2
f 69/69/2 70/70/2 71/71/2 72/72/2
usemtl pond_un
f 73/73/2 74/74/2 75/75/2 76/76/2
f 77/77/2 78/78/2 79/79/2 80/80/2
f 81/81/2 82/82/2 83/83/2 84/84/2
usemtl flower01
f 85/85/2 86/86/2 87/87/2 88/88/2
f 89/89/2 90/90/2 91/91/2 92/92/2
f 93/93/2 94/94/2 95/95/2 96/96/2
f 97/97/2 98/98/2 99/99/2 100/100/2
usemtl allpeak
f 101/101/2 102/102/2 103/103/2 104/104/2
f 105/105/2 106/106/2 107/107/2 108/108/2
f 109/109/2 110/110/2 111/111/2 112/112/2
f 113/113/2 114/114/2 115/115/2 116/116/2
f 117/117/2 118/118/2 119/119/2 120/120/2
f 121/121/2 122/122/2 123/123/2 124/124/2
usemtl tree01_un
f 125/125/2 126/126/2 127/127/2 128/128/2
f 129/129/2 130/130/2 131/131/2 132/132/2
f 133/133/2 134/134/2 135/135/2 136/136/2
f 137/137/2 138/138/2 139/139/2 140/140/2
f 141/141/2 142/142/2 143/143/2 144/144/2
f 145/145/2 146/146/2 147/147/2 148/148/2
f 149/149/2 150/150/2 151/151/2 152/152/2
f 153/153/2 154/154/2 155/155/2 156/156/2
usemtl pond_on
f 157/157/2 158/158/2 159/159/2 160/160/2
f 161/161/2 162/162/2 163/163/2 164/164/2
f 165/165/2 166/166/2 167/167/2 168/168/2
f 169/169/2 170/170/2 171/171/2 172/172/2
f 173/173/2 174/174/2 175/175/2 176/176/2
f 177/177/2 178/178/2 179/179/2
f 180/180/2 181/181/2 182/182/2
f 183/183/2 184/184/2 185/185/2
f 186/186/2 187/187/2 188/188/2
usemtl flower03
f 189/189/2 190/190/2 191/191/2 192/192/2
f 193/193/2 194/194/2 195/195/2 196/196/2
f 197/197/2 198/198/2 199/199/2 200/200/2
f 201/201/2 202/202/2 203/203/2 204/204/2
f 205/205/2 206/206/2 207/207/2 208/208/2
f 209/209/2 210/210/2 211/211/2 212/212/2
f 213/213/2 214/214/2 215/215/2 216/216/2
f 217/217/2 218/218/2 219/219/2 220/220/2
f 221/221/2 222/222/2 223/223/2 224/224/2
f 225/225/2 226/226/2 227/227/2 228/228/2
usemtl f_kage
f 231/229/2 232/230/2 234/231/2 233/232/2
s 1
f 229/233/2 230/234/2 232/230/2 231/229/2
f 235/235/3 236/236/3 238/237/4 237/238/4
f 237/238/4 238/237/4 240/239/5 239/240/5
f 241/241/6 242/242/6 244/243/7 243/244/7
f 243/244/7 244/243/7 246/245/8 245/246/8
f 247/247/9 248/248/9 249/249/9 250/250/9
f 251/251/10 252/252/10 253/253/10 254/254/10
f 255/255/11 256/256/11 257/257/11 258/258/11
f 259/259/2 260/260/2 261/261/2 262/262/2
f 263/263/12 264/264/12 265/265/12 266/266/12
f 267/267/13 268/268/13 269/269/13 270/270/13
f 271/271/14 272/272/14 273/273/14 274/274/14
usemtl tree01_re
s off
f 275/275/15 276/276/15 277/277/15 278/278/15
f 279/279/15 280/280/15 281/281/15 282/282/15
f 283/283/15 284/284/15 285/285/15 286/286/15
f 287/287/15 288/288/15 289/289/15 290/290/15
f 291/291/15 292/292/15 293/293/15 294/294/15
f 295/295/15 296/296/15 297/297/15 298/298/15
f 299/299/15 300/300/15 301/301/15 302/302/15
f 303/303/15 304/304/15 305/305/15 306/306/15
f 307/307/15 308/308/15 309/309/15 310/310/15
f 311/311/15 312/312/15 313/313/15 314/314/15
f 315/315/15 316/316/15 317/317/15 318/318/15
f 319/319/15 320/320/15 321/321/15 322/322/15
f 323/323/15 324/324/15 325/325/15 326/326/15
f 327/327/15 328/328/15 329/329/15 330/330/15
f 331/331/15 332/332/15 333/333/15 334/334/15
f 335/335/15 336/336/15 337/337/15 338/338/15
f 339/339/15 340/340/15 341/341/15 342/342/15
usemtl grass01_a
f 343/343/2 344/344/2 345/345/2 346/346/2
f 347/347/2 348/348/2 349/349/2 350/350/2
f 351/351/2 352/352/2 353/353/2 354/354/2
f 355/355/2 356/356/2 357/357/2 358/358/2
f 359/359/2 360/360/2 361/361/2 362/362/2
f 363/363/2 364/364/2 365/365/2 366/366/2
f 367/367/2 368/368/2 369/369/2 370/370/2
f 371/371/2 372/372/2 373/373/2 374/374/2
f 375/375/2 376/376/2 377/377/2 378/378/2
f 379/379/2 380/380/2 381/381/2 382/382/2
f 383/383/2 384/384/2 385/385/2 386/386/2
f 387/387/2 388/388/2 389/389/2 390/390/2
f 391/391/2 392/392/2 393/393/2 394/394/2
f 395/395/2 396/396/2 397/397/2 398/398/2
f 399/399/2 400/400/2 401/401/2 402/402/2
f 403/403/2 404/404/2 405/405/2 406/406/2
f 407/407/2 408/408/2 409/409/2 410/410/2
f 411/411/2 412/412/2 413/413/2 414/414/2
f 415/415/2 416/416/2 417/417/2 418/418/2
usemtl tree01
f 419/419/15 420/420/15 421/421/15 422/422/15
f 423/423/15 424/424/15 425/425/15 426/426/15
f 427/427/15 428/428/15 429/429/15 430/430/15
f 431/431/15 432/432/15 433/433/15 434/434/15
f 435/435/15 436/436/15 437/437/15 438/438/15
f 439/439/15 440/440/15 441/441/15 442/442/15
f 443/443/15 444/444/15 445/445/15 446/446/15
f 447/447/15 448/448/15 449/449/15 450/450/15
f 451/451/15 452/452/15 453/453/15 454/454/15
f 455/455/15 456/456/15 457/457/15 458/458/15
f 459/459/15 460/460/15 461/461/15 462/462/15
f 463/463/15 464/464/15 465/465/15 466/466/15
f 467/467/15 468/468/15 469/469/15 470/470/15
f 471/471/15 472/472/15 473/473/15 474/474/15
f 475/475/15 476/476/15 477/477/15 478/478/15
f 479/479/15 480/480/15 481/481/15 482/482/15
f 483/483/15 484/484/15 485/485/15 486/486/15
f 487/487/15 488/488/15 489/489/15 490/490/15
f 491/491/15 492/492/15 493/493/15 494/494/15
f 495/495/15 496/496/15 497/497/15 498/498/15
f 499/499/15 500/500/15 501/501/15 502/502/15
f 503/503/15 504/504/15 505/505/15 506/506/15
usemtl pond_edge
f 507/507/2 508/508/2 510/509/2 509/510/2
f 509/510/2 510/509/2 512/511/2 511/512/2
f 513/513/2 514/514/2 516/515/2 515/516/2
f 515/516/2 516/515/2 518/517/2 517/518/2
f 519/519/2 520/520/2 522/521/2 521/522/2
f 521/522/2 522/521/2 524/523/2 523/524/2
f 525/525/2 526/526/2 528/527/2 527/528/2
f 527/528/2 528/527/2 530/529/2 529/530/2
f 531/531/2 532/532/2 533/533/2
f 532/532/2 534/534/2 533/533/2
f 533/533/2 534/534/2 535/535/2
f 536/536/2 537/537/2 538/538/2
f 537/537/2 539/539/2 538/538/2
f 538/538/2 539/539/2 540/540/2
f 541/541/2 542/542/2 543/543/2
f 542/542/2 544/544/2 543/543/2
f 543/543/2 544/544/2 545/545/2
f 546/546/2 547/547/2 548/548/2
f 547/547/2 549/549/2 548/548/2
f 548/548/2 549/549/2 550/550/2
f 551/551/2 552/552/2 553/553/2 554/554/2
f 555/555/2 556/556/2 557/557/2 558/558/2
f 559/559/2 560/560/2 561/561/2 562/562/2
f 563/563/2 564/564/2 565/565/2 566/566/2
usemtl bridge_a
f 567/567/2 568/568/2 570/569/2 569/570/2
f 569/570/2 570/569/2 572/571/2 571/572/2
f 573/573/2 574/574/2 576/575/2 575/576/2
f 575/576/2 576/575/2 578/577/2 577/578/2
f 579/579/2 580/580/2 582/581/2 581/582/2
f 581/582/2 582/581/2 584/583/2 583/584/2
f 585/585/2 586/586/2 588/587/2 587/588/2
f 587/588/2 588/587/2 590/589/2 589/590/2
f 591/591/16 592/592/16 593/593/16 594/594/16
f 595/595/2 596/596/2 597/597/2 598/598/2
f 599/599/17 600/600/17 601/601/17 602/602/17
f 603/603/17 604/604/17 605/605/17 606/606/17
f 607/607/2 608/608/2 609/609/2 610/610/2
f 611/611/16 612/612/16 613/613/16 614/614/16
f 615/615/18 616/616/18 617/617/18 618/618/18
f 619/619/18 620/620/18 621/621/18 622/622/18
f 623/623/18 624/624/18 625/625/18 626/626/18
f 627/627/19 628/628/19 629/629/19 630/630/19
f 631/631/19 632/632/19 633/633/19 634/634/19
f 635/635/19 636/636/19 637/637/19 638/638/19
f 639/639/16 640/640/16 641/641/16 642/642/16
f 643/643/2 644/644/2 645/645/2 646/646/2
f 647/647/17 648/648/17 649/649/17 650/650/17
f 651/651/16 652/652/16 653/653/16 654/654/16
f 655/655/2 656/656/2 657/657/2 658/658/2
f 659/659/17 660/660/17 661/661/17 662/662/17
usemtl grass01
f 675/663/2 676/664/2 677/665/2 678/666/2
f 679/667/2 680/668/2 681/669/2 682/670/2
f 683/671/2 684/672/2 685/673/2 686/674/2
f 687/675/2 688/676/2 689/677/2 690/678/2
f 691/679/2 692/680/2 693/681/2 694/682/2
f 695/683/2 696/684/2 697/685/2 698/686/2
f 699/687/2 700/688/2 701/689/2 702/690/2
f 703/691/2 704/692/2 705/693/2 706/694/2
f 707/695/2 708/696/2 709/697/2 710/698/2
f 711/699/2 712/700/2 713/701/2 714/702/2
f 715/703/2 716/704/2 717/705/2 718/706/2
f 719/707/2 720/708/2 721/709/2 722/710/2
f 723/711/2 724/712/2 725/713/2 726/714/2
f 727/715/2 728/716/2 729/717/2 730/718/2
f 731/719/2 732/720/2 733/721/2 734/722/2
f 735/723/2 736/724/2 737/725/2 738/726/2
f 739/727/2 740/728/2 741/729/2 742/730/2
f 743/731/2 744/732/2 745/733/2 746/734/2
f 747/735/2 748/736/2 749/737/2 750/738/2
f 751/739/2 752/740/2 753/741/2 754/742/2
s 1
f 663/743/2 664/744/2 665/745/2
f 664/744/2 666/746/2 665/745/2
f 667/747/2 668/748/2 669/749/2
f 668/748/2 670/750/2 669/749/2
f 671/751/2 672/752/2 673/753/2
f 672/752/2 674/754/2 673/753/2
f 755/755/2 756/756/2 757/757/2
f 758/758/2 759/759/2 760/760/2
f 761/761/2 762/762/2 763/763/2
usemtl slope
s off
f 764/764/17 765/765/17 767/766/17 766/767/17
f 766/767/17 767/766/17 769/768/17 768/769/17
f 770/770/16 771/771/16 773/772/16 772/773/16
f 772/773/16 773/772/16 775/774/16 774/775/16
f 776/776/19 777/777/19 779/778/19 778/779/19
f 778/779/19 779/778/19 781/780/19 780/781/19
f 782/782/18 783/783/18 785/784/18 784/785/18
f 784/785/18 785/784/18 787/786/18 786/787/18
f 788/788/18 789/789/18 790/790/18 791/791/18
f 792/792/18 793/793/18 794/794/18 795/795/18
f 796/796/20 797/797/20 798/798/20 799/799/20
f 800/800/16 801/801/16 802/802/16 803/803/16
f 804/804/2 805/805/2 806/806/2 807/807/2
f 808/808/2 809/809/2 810/810/2 811/811/2
f 812/812/20 813/813/20 814/814/20 815/815/20
f 816/816/17 817/817/17 818/818/17 819/819/17
f 820/820/21 821/821/21 822/822/21 823/823/21
f 824/824/22 825/825/22 826/826/22 827/827/22
f 828/828/22 829/829/22 830/830/22 831/831/22
f 832/832/16 833/833/16 834/834/16 835/835/16
f 836/836/16 837/837/16 838/838/16 839/839/16
f 840/840/17 841/841/17 842/842/17 843/843/17
f 844/844/17 845/845/17 846/846/17 847/847/17
f 848/848/19 849/849/19 850/850/19 851/851/19
f 852/852/19 853/853/19 854/854/19 855/855/19
f 856/856/23 857/857/23 858/858/23 859/859/23
f 860/860/18 861/861/18 862/862/18 863/863/18
f 864/864/2 865/865/2 866/866/2 867/867/2
f 868/868/21 869/869/21 870/870/21 871/871/21
f 872/872/2 873/873/2 874/874/2 875/875/2
f 876/876/23 877/877/23 878/878/23 879/879/23
f 880/880/21 881/881/21 882/882/21 883/883/21
f 884/884/19 885/885/19 886/886/19 887/887/19
f 888/888/22 889/889/22 890/890/22 891/891/22
f 892/892/16 893/893/16 894/894/16
f 895/895/17 896/896/17 897/897/17
f 898/898/19 899/899/19 900/900/19
f 901/901/18 902/902/18 903/903/18
usemtl river
f 904/904/2 905/905/2 906/906/2
f 905/905/2 907/907/2 906/906/2
f 906/906/2 907/907/2 908/908/2
f 909/909/2 910/910/2 911/911/2
f 910/910/2 912/912/2 911/911/2
f 911/911/2 912/912/2 913/913/2
f 914/914/2 915/915/2 916/916/2
f 915/915/2 917/917/2 916/916/2
f 916/916/2 917/917/2 918/918/2
f 919/919/2 920/920/2 921/921/2
f 920/920/2 922/922/2 921/921/2
f 921/921/2 922/922/2 923/923/2
f 924/924/2 925/925/2 926/926/2
f 925/925/2 927/927/2 926/926/2
f 926/926/2 927/927/2 928/928/2
f 929/929/2 930/930/2 931/931/2
f 930/930/2 932/932/2 931/931/2
f 931/931/2 932/932/2 933/933/2
f 934/934/2 935/935/2 936/936/2
f 935/935/2 937/937/2 936/936/2
f 936/936/2 937/937/2 938/938/2
f 939/939/2 940/940/2 941/941/2
f 940/940/2 942/942/2 941/941/2
f 941/941/2 942/942/2 943/943/2
f 944/944/2 945/945/2 946/946/2
f 945/945/2 947/947/2 946/946/2
f 948/948/2 949/949/2 950/950/2 951/951/2
f 952/952/2 953/953/2 954/954/2 955/955/2
f 956/956/2 957/957/2 958/958/2 959/959/2
f 960/960/2 961/961/2 962/962/2 963/963/2
f 964/964/2 965/965/2 966/966/2 967/967/2
f 968/968/2 969/969/2 970/970/2 971/971/2
f 972/972/2 973/973/2 974/974/2 975/975/2
f 976/976/2 977/977/2 978/978/2 979/979/2
f 980/980/2 981/981/2 982/982/2 983/983/2
f 984/984/2 985/985/2 986/986/2 987/987/2
f 988/988/2 989/989/2 990/990/2 991/991/2
f 992/992/2 993/993/2 994/994/2 995/995/2
f 996/996/2 997/997/2 998/998/2 999/999/2
f 1000/1000/2 1001/1001/2 1002/1002/2 1003/1003/2
f 1004/1004/2 1005/1005/2 1006/1006/2 1007/1007/2
f 1008/1008/2 1009/1009/2 1010/1010/2 1011/1011/2
f 1012/1012/2 1013/1013/2 1014/1014/2 1015/1015/2
f 1016/1016/2 1017/1017/2 1018/1018/2 1019/1019/2
f 1020/1020/2 1021/1021/2 1022/1022/2 1023/1023/2
f 1024/1024/2 1025/1025/2 1026/1026/2 1027/1027/2
f 1028/1028/2 1029/1029/2 1030/1030/2 1031/1031/2
f 1032/1032/2 1033/1033/2 1034/1034/2 1035/1035/2
f 1036/1036/2 1037/1037/2 1038/1038/2 1039/1039/2
f 1040/1040/2 1041/1041/2 1042/1042/2 1043/1043/2
f 1044/1044/2 1045/1045/2 1046/1046/2 1047/1047/2
f 1048/1048/2 1049/1049/2 1050/1050/2 1051/1051/2
f 1052/1052/2 1053/1053/2 1054/1054/2 1055/1055/2
f 1056/1056/2 1057/1057/2 1058/1058/2 1059/1059/2
f 1060/1060/2 1061/1061/2 1062/1062/2 1063/1063/2
f 1064/1064/2 1065/1065/2 1066/1066/2 1067/1067/2
f 1068/1068/2 1069/1069/2 1070/1070/2 1071/1071/2
f 1072/1072/2 1073/1073/2 1074/1074/2 1075/1075/2
f 1076/1076/2 1077/1077/2 1078/1078/2 1079/1079/2
f 1080/1080/2 1081/1081/2 1082/1082/2 1083/1083/2
f 1084/1084/2 1085/1085/2 1086/1086/2 1087/1087/2
f 1088/1088/2 1089/1089/2 1090/1090/2 1091/1091/2
f 1092/1092/2 1093/1093/2 1094/1094/2 1095/1095/2
f 1096/1096/2 1097/1097/2 1098/1098/2
f 1099/1099/2 1100/1100/2 1101/1101/2
f 1102/1102/2 1103/1103/2 1104/1104/2
f 1105/1105/2 1106/1106/2 1107/1107/2
f 1108/1108/2 1109/1109/2 1110/1110/2
f 1111/1111/2 1112/1112/2 1113/1113/2
f 1114/1114/2 1115/1115/2 1116/1116/2
f 1117/1117/2 1118/1118/2 1119/1119/2
f 1120/1120/2 1121/1121/2 1122/1122/2
usemtl cliff01
f 1123/1123/2 1124/1124/2 1126/1125/2 1125/1126/2
f 1125/1126/2 1126/1125/2 1128/1127/2 1127/1128/2
s 1
f 1129/1129/2 1130/1130/2 1131/1131/2
f 1130/1130/2 1132/1132/2 1131/1131/2
f 1133/1133/2 1134/1134/2 1135/1135/2
f 1134/1134/2 1136/1136/2 1135/1135/2
f 1137/1137/2 1138/1138/2 1139/1139/2
f 1138/1138/2 1140/1140/2 1139/1139/2
f 1141/1141/2 1142/1142/2 1143/1143/2
f 1142/1142/2 1144/1144/2 1143/1143/2
f 1145/1145/2 1146/1146/2 1147/1147/2
f 1146/1146/2 1148/1148/2 1147/1147/2
f 1149/1149/2 1150/1150/2 1151/1151/2
f 1150/1150/2 1152/1152/2 1151/1151/2
f 1153/1153/2 1154/1154/2 1155/1155/2
f 1154/1154/2 1156/1156/2 1155/1155/2
f 1157/1157/2 1158/1158/2 1159/1159/2
f 1158/1158/2 1160/1160/2 1159/1159/2
f 1161/1161/2 1162/1162/2 1163/1163/2
f 1162/1162/2 1164/1164/2 1163/1163/2
f 1165/1165/2 1166/1166/2 1167/1167/2
f 1166/1166/2 1168/1168/2 1167/1167/2
f 1169/1169/2 1170/1170/2 1171/1171/2
f 1170/1170/2 1172/1172/2 1171/1171/2
f 1173/1173/2 1174/1174/2 1175/1175/2
f 1174/1174/2 1176/1176/2 1175/1175/2
f 1177/1177/2 1178/1178/2 1179/1179/2
f 1178/1178/2 1180/1180/2 1179/1179/2
f 1181/1181/2 1182/1182/2 1183/1183/2
f 1182/1182/2 1184/1184/2 1183/1183/2
f 1185/1185/2 1186/1186/2 1187/1187/2
f 1186/1186/2 1188/1188/2 1187/1187/2
f 1189/1189/2 1190/1190/2 1191/1191/2
f 1190/1190/2 1192/1192/2 1191/1191/2
f 1193/1193/2 1194/1194/2 1195/1195/2
f 1194/1194/2 1196/1196/2 1195/1195/2
f 1197/1197/2 1198/1198/2 1199/1199/2
f 1198/1198/2 1200/1200/2 1199/1199/2
f 1201/1201/2 1202/1202/2 1203/1203/2
f 1202/1202/2 1204/1204/2 1203/1203/2
f 1205/1205/2 1206/1206/2 1207/1207/2
f 1206/1206/2 1208/1208/2 1207/1207/2
f 1209/1209/2 1210/1210/2 1211/1211/2
f 1210/1210/2 1212/1212/2 1211/1211/2
f 1213/1213/2 1214/1214/2 1215/1215/2
f 1214/1214/2 1216/1216/2 1215/1215/2
f 1217/1217/2 1218/1218/2 1219/1219/2
f 1218/1218/2 1220/1220/2 1219/1219/2
f 1221/1221/2 1222/1222/2 1223/1223/2
f 1222/1222/2 1224/1224/2 1223/1223/2
f 1225/1225/2 1226/1226/2 1227/1227/2
f 1228/1228/2 1229/1229/2 1230/1230/2
f 1231/1231/2 1232/1232/2 1233/1233/2
f 1234/1234/2 1235/1235/2 1236/1236/2
f 1237/1237/2 1238/1238/2 1239/1239/2
f 1240/1240/2 1241/1241/2 1242/1242/2
f 1243/1243/2 1244/1244/2 1245/1245/2
f 1246/1246/2 1247/1247/2 1248/1248/2
f 1249/1249/2 1250/1250/2 1251/1251/2
f 1252/1252/2 1253/1253/2 1254/1254/2
f 1255/1255/2 1256/1256/2 1257/1257/2
f 1258/1258/2 1259/1259/2 1260/1260/2
f 1261/1261/2 1262/1262/2 1263/1263/2
f 1264/1264/2 1265/1265/2 1266/1266/2
f 1267/1267/2 1268/1268/2 1269/1269/2
f 1270/1270/2 1271/1271/2 1272/1272/2
f 1273/1273/2 1274/1274/2 1275/1275/2
f 1276/1276/2 1277/1277/2 1278/1278/2
f 1279/1279/2 1280/1280/2 1281/1281/2
f 1282/1282/2 1283/1283/2 1284/1284/2
f 1285/1285/2 1286/1286/2 1287/1287/2
f 1288/1288/2 1289/1289/2 1290/1290/2
f 1291/1291/2 1292/1292/2 1293/1293/2
usemtl river_r
s off
f 1294/1294/2 1295/1295/2 1297/1296/2 1296/1297/2
f 1296/1297/2 1297/1296/2 1299/1298/2 1298/1299/2
f 1300/1300/2 1301/1301/2 1303/1302/2 1302/1303/2
f 1302/1303/2 1303/1302/2 1305/1304/2 1304/1305/2
f 1306/1306/2 1307/1307/2 1309/1308/2 1308/1309/2
f 1308/1309/2 1309/1308/2 1311/1310/2 1310/1311/2
f 1312/1312/2 1313/1313/2 1315/1314/2 1314/1315/2
f 1314/1315/2 1315/1314/2 1317/1316/2 1316/1317/2
f 1318/1318/2 1319/1319/2 1321/1320/2 1320/1321/2
f 1320/1321/2 1321/1320/2 1323/1322/2 1322/1323/2
f 1324/1324/2 1325/1325/2 1327/1326/2 1326/1327/2
f 1326/1327/2 1327/1326/2 1329/1328/2 1328/1329/2
f 1330/1330/2 1331/1331/2 1333/1332/2 1332/1333/2
f 1332/1333/2 1333/1332/2 1335/1334/2 1334/1335/2
f 1336/1336/2 1337/1337/2 1339/1338/2 1338/1339/2
f 1338/1339/2 1339/1338/2 1341/1340/2 1340/1341/2
f 1342/1342/2 1343/1343/2 1345/1344/2 1344/1345/2
f 1344/1345/2 1345/1344/2 1347/1346/2 1346/1347/2
f 1348/1348/2 1349/1349/2 1351/1350/2 1350/1351/2
f 1350/1351/2 1351/1350/2 1353/1352/2 1352/1353/2
f 1354/1354/2 1355/1355/2 1357/1356/2 1356/1357/2
f 1356/1357/2 1357/1356/2 1359/1358/2 1358/1359/2
f 1360/1360/2 1361/1361/2 1363/1362/2 1362/1363/2
f 1362/1363/2 1363/1362/2 1365/1364/2 1364/1365/2
f 1366/1366/2 1367/1367/2 1369/1368/2 1368/1369/2
f 1368/1369/2 1369/1368/2 1371/1370/2 1370/1371/2
f 1372/1372/2 1373/1373/2 1375/1374/2 1374/1375/2
f 1374/1375/2 1375/1374/2 1377/1376/2 1376/1377/2
f 1378/1378/2 1379/1379/2 1381/1380/2 1380/1381/2
f 1380/1381/2 1381/1380/2 1383/1382/2 1382/1383/2
f 1384/1384/2 1385/1385/2 1387/1386/2 1386/1387/2
f 1386/1387/2 1387/1386/2 1389/1388/2 1388/1389/2
f 1390/1390/2 1391/1391/2 1393/1392/2 1392/1393/2
f 1392/1393/2 1393/1392/2 1395/1394/2 1394/1395/2
f 1396/1396/2 1397/1397/2 1399/1398/2 1398/1399/2
f 1398/1399/2 1399/1398/2 1401/1400/2 1400/1401/2
f 1402/1402/2 1403/1403/2 1405/1404/2 1404/1405/2
f 1404/1405/2 1405/1404/2 1407/1406/2 1406/1407/2
f 1408/1408/2 1409/1409/2 1411/1410/2 1410/1411/2
f 1410/1411/2 1411/1410/2 1413/1412/2 1412/1413/2
f 1414/1414/2 1415/1415/2 1417/1416/2 1416/1417/2
f 1416/1417/2 1417/1416/2 1419/1418/2 1418/1419/2
f 1420/1420/2 1421/1421/2 1423/1422/2 1422/1423/2
f 1422/1423/2 1423/1422/2 1425/1424/2 1424/1425/2
f 1426/1426/2 1427/1427/2 1429/1428/2 1428/1429/2
f 1428/1429/2 1429/1428/2 1431/1430/2 1430/1431/2
f 1432/1432/2 1433/1433/2 1435/1434/2 1434/1435/2
f 1434/1435/2 1435/1434/2 1437/1436/2 1436/1437/2
f 1438/1438/2 1439/1439/2 1441/1440/2 1440/1441/2
f 1440/1441/2 1441/1440/2 1443/1442/2 1442/1443/2
f 1444/1444/2 1445/1445/2 1447/1446/2 1446/1447/2
f 1446/1447/2 1447/1446/2 1449/1448/2 1448/1449/2
f 1450/1450/2 1451/1451/2 1453/1452/2 1452/1453/2
f 1452/1453/2 1453/1452/2 1455/1454/2 1454/1455/2
f 1456/1456/2 1457/1457/2 1458/1458/2
f 1457/1457/2 1459/1459/2 1458/1458/2
f 1458/1458/2 1459/1459/2 1460/1460/2
f 1461/1461/2 1462/1462/2 1463/1463/2
f 1462/1462/2 1464/1464/2 1463/1463/2
f 1463/1463/2 1464/1464/2 1465/1465/2
f 1466/1466/2 1467/1467/2 1468/1468/2
f 1467/1467/2 1469/1469/2 1468/1468/2
f 1468/1468/2 1469/1469/2 1470/1470/2
f 1471/1471/2 1472/1472/2 1473/1473/2
f 1472/1472/2 1474/1474/2 1473/1473/2
f 1473/1473/2 1474/1474/2 1475/1475/2
f 1476/1476/2 1477/1477/2 1478/1478/2
f 1477/1477/2 1479/1479/2 1478/1478/2
f 1478/1478/2 1479/1479/2 1480/1480/2
f 1481/1481/2 1482/1482/2 1483/1483/2
f 1482/1482/2 1484/1484/2 1483/1483/2
f 1483/1483/2 1484/1484/2 1485/1485/2
f 1486/1486/2 1487/1487/2 1488/1488/2
f 1487/1487/2 1489/1489/2 1488/1488/2
f 1488/1488/2 1489/1489/2 1490/1490/2
f 1491/1491/2 1492/1492/2 1493/1493/2
f 1492/1492/2 1494/1494/2 1493/1493/2
f 1495/1495/2 1496/1496/2 1497/1497/2 1498/1498/2
f 1499/1499/2 1500/1500/2 1501/1501/2 1502/1502/2
f 1503/1503/2 1504/1504/2 1505/1505/2 1506/1506/2
f 1507/1507/2 1508/1508/2 1509/1509/2 1510/1510/2
f 1511/1511/2 1512/1512/2 1513/1513/2 1514/1514/2
f 1515/1515/2 1516/1516/2 1517/1517/2 1518/1518/2
f 1519/1519/2 1520/1520/2 1521/1521/2 1522/1522/2
f 1523/1523/2 1524/1524/2 1525/1525/2 1526/1526/2
f 1527/1527/2 1528/1528/2 1529/1529/2 1530/1530/2
f 1531/1531/2 1532/1532/2 1533/1533/2 1534/1534/2
f 1535/1535/2 1536/1536/2 1537/1537/2 1538/1538/2
f 1539/1539/2 1540/1540/2 1541/1541/2 1542/1542/2
f 1543/1543/2 1544/1544/2 1545/1545/2 1546/1546/2
f 1547/1547/2 1548/1548/2 1549/1549/2 1550/1550/2
f 1551/1551/2 1552/1552/2 1553/1553/2 1554/1554/2
f 1555/1555/2 1556/1556/2 1557/1557/2 1558/1558/2
f 1559/1559/2 1560/1560/2 1561/1561/2 1562/1562/2
f 1563/1563/2 1564/1564/2 1565/1565/2 1566/1566/2
f 1567/1567/2 1568/1568/2 1569/1569/2
f 1570/1570/2 1571/1571/2 1572/1572/2
f 1573/1573/2 1574/1574/2 1575/1575/2
f 1576/1576/2 1577/1577/2 1578/1578/2
f 1579/1579/2 1580/1580/2 1581/1581/2
f 1582/1582/2 1583/1583/2 1584/1584/2
f 1585/1585/2 1586/1586/2 1587/1587/2
f 1588/1588/2 1589/1589/2 1590/1590/2
f 1591/1591/2 1592/1592/2 1593/1593/2
f 1594/1594/2 1595/1595/2 1596/1596/2
usemtl wall01_g
s 1
f 1597/1597/24 1598/1598/24 1600/1599/25 1599/1600/25
f 1599/1600/25 1600/1599/25 1602/1601/26 1601/1602/26
f 1601/1602/26 1602/1601/26 1604/1603/27 1603/1604/27
f 1605/1605/27 1606/1606/27 1608/1607/26 1607/1608/26
f 1607/1608/26 1608/1607/26 1610/1609/25 1609/1610/25
f 1609/1610/25 1610/1609/25 1612/1611/24 1611/1612/24
f 1613/1613/28 1614/1614/28 1616/1615/29 1615/1616/29
f 1615/1616/29 1616/1615/29 1618/1617/30 1617/1618/30
f 1617/1618/30 1618/1617/30 1620/1619/31 1619/1620/31
f 1621/1621/32 1622/1622/32 1624/1623/33 1623/1624/34
f 1623/1624/34 1624/1623/33 1626/1625/35 1625/1626/36
f 1625/1626/36 1626/1625/35 1628/1627/37 1627/1628/37
f 1629/1629/38 1630/1630/38 1632/1631/39 1631/1632/40
f 1631/1632/40 1632/1631/39 1634/1633/41 1633/1634/42
f 1633/1634/42 1634/1633/41 1636/1635/43 1635/1636/43
f 1637/1637/44 1638/1638/44 1640/1639/45 1639/1640/46
f 1639/1640/46 1640/1639/45 1642/1641/47 1641/1642/48
f 1641/1642/48 1642/1641/47 1644/1643/49 1643/1644/49
f 1645/1645/50 1646/1646/50 1648/1647/51 1647/1648/51
f 1647/1648/51 1648/1647/51 1650/1649/52 1649/1650/52
f 1651/1651/50 1652/1652/50 1654/1653/51 1653/1654/51
f 1653/1654/51 1654/1653/51 1656/1655/52 1655/1656/52
f 1657/1657/28 1658/1658/28 1660/1659/29 1659/1660/29
f 1659/1660/29 1660/1659/29 1662/1661/53 1661/1662/53
f 1663/1663/53 1664/1664/53 1666/1665/29 1665/1666/29
f 1665/1666/29 1666/1665/29 1668/1667/28 1667/1668/28
f 1669/1669/54 1670/1670/54 1672/1671/55 1671/1672/55
f 1671/1672/55 1672/1671/55 1674/1673/56 1673/1674/56
f 1675/1675/54 1676/1676/54 1678/1677/55 1677/1678/55
f 1677/1678/55 1678/1677/55 1680/1679/56 1679/1680/56
f 1681/1681/50 1682/1682/50 1684/1683/51 1683/1684/51
f 1683/1684/51 1684/1683/51 1686/1685/52 1685/1686/52
f 1687/1687/57 1688/1688/57 1690/1689/26 1689/1690/26
f 1689/1690/26 1690/1689/26 1692/1691/27 1691/1692/27
f 1693/1693/54 1694/1694/54 1696/1695/55 1695/1696/55
f 1695/1696/55 1696/1695/55 1698/1697/56 1697/1698/56
f 1699/1699/57 1700/1700/57 1702/1701/26 1701/1702/26
f 1701/1702/26 1702/1701/26 1704/1703/27 1703/1704/27
f 1705/1705/50 1706/1706/50 1708/1707/51 1707/1708/51
f 1707/1708/51 1708/1707/51 1710/1709/52 1709/1710/52
f 1711/1711/57 1712/1712/57 1714/1713/26 1713/1714/26
f 1713/1714/26 1714/1713/26 1716/1715/27 1715/1716/27
f 1717/1717/54 1718/1718/54 1720/1719/55 1719/1720/55
f 1719/1720/55 1720/1719/55 1722/1721/56 1721/1722/56
f 1723/1723/57 1724/1724/57 1726/1725/26 1725/1726/26
f 1725/1726/26 1726/1725/26 1728/1727/27 1727/1728/27
f 1729/1729/50 1730/1730/50 1732/1731/51 1731/1732/51
f 1731/1732/51 1732/1731/51 1734/1733/52 1733/1734/52
f 1735/1735/50 1736/1736/50 1738/1737/51 1737/1738/51
f 1737/1738/51 1738/1737/51 1740/1739/52 1739/1740/52
f 1741/1741/54 1742/1742/54 1744/1743/55 1743/1744/55
f 1743/1744/55 1744/1743/55 1746/1745/56 1745/1746/56
f 1747/1747/57 1748/1748/57 1750/1749/26 1749/1750/26
f 1749/1750/26 1750/1749/26 1752/1751/27 1751/1752/27
f 1753/1753/57 1754/1754/57 1756/1755/26 1755/1756/26
f 1755/1756/26 1756/1755/26 1758/1757/27 1757/1758/27
f 1759/1759/57 1760/1760/57 1762/1761/26 1761/1762/26
f 1761/1762/26 1762/1761/26 1764/1763/27 1763/1764/27
f 1765/1765/53 1766/1766/53 1768/1767/29 1767/1768/29
f 1767/1768/29 1768/1767/29 1770/1769/28 1769/1770/28
f 1771/1771/50 1772/1772/50 1774/1773/51 1773/1774/51
f 1773/1774/51 1774/1773/51 1776/1775/52 1775/1776/52
f 1777/1777/53 1778/1778/53 1780/1779/29 1779/1780/29
f 1779/1780/29 1780/1779/29 1782/1781/28 1781/1782/28
f 1783/1783/53 1784/1784/53 1786/1785/29 1785/1786/29
f 1785/1786/29 1786/1785/29 1788/1787/28 1787/1788/28
f 1789/1789/50 1790/1790/50 1792/1791/51 1791/1792/51
f 1791/1792/51 1792/1791/51 1794/1793/52 1793/1794/52
f 1795/1795/58 1796/1796/59 1797/1797/60
f 1796/1796/59 1798/1798/61 1797/1797/60
f 1797/1797/60 1798/1798/61 1799/1799/62
f 1798/1798/61 1800/1800/63 1799/1799/62
f 1801/1801/64 1802/1802/65 1803/1803/66
f 1802/1802/65 1804/1804/67 1803/1803/66
f 1803/1803/66 1804/1804/67 1805/1805/68
f 1804/1804/67 1806/1806/69 1805/1805/68
f 1807/1807/58 1808/1808/59 1809/1809/60
f 1808/1808/59 1810/1810/61 1809/1809/60
f 1809/1809/60 1810/1810/61 1811/1811/62
f 1810/1810/61 1812/1812/63 1811/1811/62
f 1813/1813/64 1814/1814/65 1815/1815/66
f 1814/1814/65 1816/1816/67 1815/1815/66
f 1815/1815/66 1816/1816/67 1817/1817/68
f 1816/1816/67 1818/1818/69 1817/1817/68
f 1819/1819/70 1820/1820/71 1821/1821/72
f 1820/1820/71 1822/1822/73 1821/1821/72
f 1821/1821/72 1822/1822/73 1823/1823/74
f 1822/1822/73 1824/1824/75 1823/1823/74
f 1825/1825/58 1826/1826/59 1827/1827/60
f 1826/1826/59 1828/1828/61 1827/1827/60
f 1827/1827/60 1828/1828/61 1829/1829/62
f 1828/1828/61 1830/1830/63 1829/1829/62
f 1831/1831/64 1832/1832/65 1833/1833/66
f 1832/1832/65 1834/1834/67 1833/1833/66
f 1833/1833/66 1834/1834/67 1835/1835/68
f 1834/1834/67 1836/1836/69 1835/1835/68
f 1837/1837/58 1838/1838/59 1839/1839/60
f 1838/1838/59 1840/1840/61 1839/1839/60
f 1839/1839/60 1840/1840/61 1841/1841/62
f 1840/1840/61 1842/1842/63 1841/1841/62
f 1843/1843/76 1844/1844/77 1845/1845/78
f 1844/1844/77 1846/1846/79 1845/1845/78
f 1845/1845/78 1846/1846/79 1847/1847/80
f 1846/1846/79 1848/1848/81 1847/1847/80
f 1849/1849/82 1850/1850/82 1851/1851/82
f 1850/1850/82 1852/1852/82 1851/1851/82
f 1851/1851/82 1852/1852/82 1853/1853/82
f 1854/1854/2 1855/1855/2 1856/1856/2
f 1855/1855/2 1857/1857/2 1856/1856/2
f 1858/1858/83 1859/1859/83 1860/1860/83 1861/1861/83
f 1862/1862/84 1863/1863/84 1864/1864/84 1865/1865/84
f 1866/1866/31 1867/1867/31 1868/1868/31 1869/1869/31
f 1870/1870/52 1871/1871/52 1872/1872/52 1873/1873/52
f 1874/1874/56 1875/1875/56 1876/1876/56 1877/1877/56
f 1878/1878/27 1879/1879/27 1880/1880/27 1881/1881/27
f 1882/1882/28 1883/1883/28 1884/1884/28 1885/1885/28
f 1886/1886/31 1887/1887/31 1888/1888/31 1889/1889/31
f 1890/1890/31 1891/1891/31 1892/1892/31 1893/1893/31
f 1894/1894/24 1895/1895/24 1896/1896/24 1897/1897/24
f 1898/1898/24 1899/1899/24 1900/1900/24 1901/1901/24
f 1902/1902/56 1903/1903/56 1904/1904/56 1905/1905/56
f 1906/1906/27 1907/1907/27 1908/1908/27 1909/1909/27
f 1910/1910/28 1911/1911/28 1912/1912/28 1913/1913/28
f 1914/1914/52 1915/1915/52 1916/1916/52 1917/1917/52
f 1918/1918/28 1919/1919/28 1920/1920/28 1921/1921/28
f 1922/1922/24 1923/1923/24 1924/1924/24 1925/1925/24
f 1926/1926/27 1927/1927/27 1928/1928/27 1929/1929/27
f 1930/1930/27 1931/1931/27 1932/1932/27 1933/1933/27
f 1934/1934/52 1935/1935/52 1936/1936/52 1937/1937/52
f 1938/1938/56 1939/1939/56 1940/1940/56 1941/1941/56
f 1942/1942/37 1943/1943/37 1944/1944/37 1945/1945/37
f 1946/1946/52 1947/1947/52 1948/1948/52 1949/1949/52
f 1950/1950/56 1951/1951/56 1952/1952/56 1953/1953/56
f 1954/1954/24 1955/1955/24 1956/1956/24 1957/1957/24
f 1958/1958/84 1959/1959/84 1960/1960/84 1961/1961/84
f 1962/1962/84 1963/1963/84 1964/1964/84 1965/1965/84
f 1966/1966/84 1967/1967/84 1968/1968/84 1969/1969/84
f 1970/1970/27 1971/1971/27 1972/1972/27 1973/1973/27
f 1974/1974/28 1975/1975/28 1976/1976/28 1977/1977/28
f 1978/1978/32 1979/1979/32 1980/1980/32 1981/1981/32
f 1982/1982/85 1983/1983/85 1984/1984/85
f 1985/1985/86 1986/1986/86 1987/1987/86
f 1988/1988/86 1989/1989/86 1990/1990/86
f 1991/1991/86 1992/1992/86 1993/1993/86
f 1994/1994/85 1995/1995/85 1996/1996/85
f 1997/1997/85 1998/1998/85 1999/1999/85
f 2000/2000/87 2001/2001/87 2002/2002/87
f 2003/2003/85 2004/2004/85 2005/2005/85
f 2006/2006/88 2007/2007/88 2008/2008/88
usemtl pond_line
s off
f 2009/2009/89 2010/2010/89 2012/2011/89 2011/2012/89
f 2011/2012/90 2012/2011/90 2014/2013/90 2013/2014/90
f 2013/2014/91 2014/2013/91 2016/2015/91 2015/2016/91
f 2015/2016/92 2016/2015/92 2018/2017/92 2017/2018/92
f 2019/2019/93 2020/2020/93 2022/2021/93 2021/2022/93
f 2021/2022/94 2022/2021/94 2024/2023/94 2023/2024/94
f 2023/2024/95 2024/2023/95 2026/2025/95 2025/2026/95
f 2025/2026/96 2026/2025/96 2028/2027/96 2027/2028/96
f 2029/2029/93 2030/2030/93 2032/2031/93 2031/2032/93
f 2031/2032/94 2032/2031/94 2034/2033/94 2033/2034/94
f 2033/2034/95 2034/2033/95 2036/2035/95 2035/2036/95
f 2035/2036/96 2036/2035/96 2038/2037/96 2037/2038/96
f 2039/2039/97 2040/2040/97 2042/2041/97 2041/2042/97
f 2041/2042/98 2042/2041/98 2044/2043/98 2043/2044/98
f 2043/2044/99 2044/2043/99 2046/2045/99 2045/2046/99
f 2045/2046/100 2046/2045/100 2048/2047/100 2047/2048/100
f 2049/2049/89 2050/2050/89 2052/2051/89 2051/2052/89
f 2051/2052/90 2052/2051/90 2054/2053/90 2053/2054/90
f 2053/2054/91 2054/2053/91 2056/2055/91 2055/2056/91
f 2055/2056/101 2056/2055/101 2058/2057/101 2057/2058/101
f 2059/2059/93 2060/2060/93 2062/2061/93 2061/2062/93
f 2061/2062/94 2062/2061/94 2064/2063/94 2063/2064/94
f 2063/2064/95 2064/2063/95 2066/2065/95 2065/2066/95
f 2065/2066/96 2066/2065/96 2068/2067/96 2067/2068/96
f 2069/2069/102 2070/2070/102 2072/2071/102 2071/2072/102
f 2071/2072/103 2072/2071/103 2074/2073/103 2073/2074/103
f 2073/2074/104 2074/2073/104 2076/2075/104 2075/2076/104
f 2075/2076/105 2076/2075/105 2078/2077/105 2077/2078/105
f 2079/2079/102 2080/2080/102 2082/2081/102 2081/2082/102
f 2081/2082/103 2082/2081/103 2084/2083/103 2083/2084/103
f 2083/2084/104 2084/2083/104 2086/2085/104 2085/2086/104
f 2085/2086/105 2086/2085/105 2088/2087/105 2087/2088/105
f 2089/2089/97 2090/2090/97 2092/2091/97 2091/2092/97
f 2091/2092/98 2092/2091/98 2094/2093/98 2093/2094/98
f 2093/2094/99 2094/2093/99 2096/2095/99 2095/2096/99
f 2095/2096/100 2096/2095/100 2098/2097/100 2097/2098/100
f 2099/2099/102 2100/2100/102 2102/2101/102 2101/2102/102
f 2101/2102/103 2102/2101/103 2104/2103/103 2103/2104/103
f 2103/2104/104 2104/2103/104 2106/2105/104 2105/2106/104
f 2105/2106/105 2106/2105/105 2108/2107/105 2107/2108/105
f 2109/2109/102 2110/2110/102 2112/2111/102 2111/2112/102
f 2111/2112/103 2112/2111/103 2114/2113/103 2113/2114/103
f 2113/2114/104 2114/2113/104 2116/2115/104 2115/2116/104
f 2115/2116/105 2116/2115/105 2118/2117/105 2117/2118/105
f 2119/2119/97 2120/2120/97 2122/2121/97 2121/2122/97
f 2121/2122/98 2122/2121/98 2124/2123/98 2123/2124/98
f 2123/2124/99 2124/2123/99 2126/2125/99 2125/2126/99
f 2125/2126/100 2126/2125/100 2128/2127/100 2127/2128/100
f 2129/2129/97 2130/2130/97 2132/2131/97 2131/2132/97
f 2131/2132/98 2132/2131/98 2134/2133/98 2133/2134/98
f 2133/2134/99 2134/2133/99 2136/2135/99 2135/2136/99
f 2135/2136/100 2136/2135/100 2138/2137/100 2137/2138/100
f 2139/2139/97 2140/2140/97 2142/2141/97 2141/2142/97
f 2141/2142/98 2142/2141/98 2144/2143/98 2143/2144/98
f 2143/2144/99 2144/2143/99 2146/2145/99 2145/2146/99
f 2145/2146/106 2146/2145/106 2148/2147/106 2147/2148/106
f 2149/2149/102 2150/2150/102 2152/2151/102 2151/2152/102
f 2151/2152/103 2152/2151/103 2154/2153/103 2153/2154/103
f 2153/2154/104 2154/2153/104 2156/2155/104 2155/2156/104
f 2155/2156/105 2156/2155/105 2158/2157/105 2157/2158/105
f 2159/2159/89 2160/2160/89 2162/2161/89 2161/2162/89
f 2161/2162/90 2162/2161/90 2164/2163/90 2163/2164/90
f 2163/2164/91 2164/2163/91 2166/2165/91 2165/2166/91
f 2165/2166/92 2166/2165/92 2168/2167/92 2167/2168/92
f 2169/2169/93 2170/2170/93 2172/2171/93 2171/2172/93
f 2171/2172/94 2172/2171/94 2174/2173/94 2173/2174/94
f 2173/2174/95 2174/2173/95 2176/2175/95 2175/2176/95
f 2175/2176/96 2176/2175/96 2178/2177/96 2177/2178/96
f 2179/2179/93 2180/2180/93 2182/2181/93 2181/2182/93
f 2181/2182/94 2182/2181/94 2184/2183/94 2183/2184/94
f 2183/2184/95 2184/2183/95 2186/2185/95 2185/2186/95
f 2185/2186/96 2186/2185/96 2188/2187/96 2187/2188/96
f 2189/2189/102 2190/2190/102 2192/2191/102 2191/2192/102
f 2191/2192/103 2192/2191/103 2194/2193/103 2193/2194/103
f 2193/2194/104 2194/2193/104 2196/2195/104 2195/2196/104
f 2195/2196/105 2196/2195/105 2198/2197/105 2197/2198/105
f 2199/2199/93 2200/2200/93 2202/2201/93 2201/2202/93
f 2201/2202/94 2202/2201/94 2204/2203/94 2203/2204/94
f 2203/2204/95 2204/2203/95 2206/2205/95 2205/2206/95
f 2205/2206/107 2206/2205/107 2208/2207/107 2207/2208/107
f 2209/2209/102 2210/2210/102 2212/2211/102 2211/2212/102
f 2211/2212/103 2212/2211/103 2214/2213/103 2213/2214/103
f 2213/2214/104 2214/2213/104 2216/2215/104 2215/2216/104
f 2215/2216/108 2216/2215/108 2218/2217/108 2217/2218/108
f 2219/2219/89 2220/2220/89 2222/2221/89 2221/2222/89
f 2221/2222/90 2222/2221/90 2224/2223/90 2223/2224/90
f 2223/2224/91 2224/2223/91 2226/2225/91 2225/2226/91
f 2225/2226/92 2226/2225/92 2228/2227/92 2227/2228/92
f 2229/2229/97 2230/2230/97 2232/2231/97 2231/2232/97
f 2231/2232/98 2232/2231/98 2234/2233/98 2233/2234/98
f 2233/2234/99 2234/2233/99 2236/2235/99 2235/2236/99
f 2235/2236/100 2236/2235/100 2238/2237/100 2237/2238/100
f 2239/2239/93 2240/2240/93 2242/2241/93 2241/2242/93
f 2241/2242/94 2242/2241/94 2244/2243/94 2243/2244/94
f 2243/2244/95 2244/2243/95 2246/2245/95 2245/2246/95
f 2245/2246/96 2246/2245/96 2248/2247/96 2247/2248/96
f 2249/2249/97 2250/2250/97 2252/2251/97 2251/2252/97
f 2251/2252/98 2252/2251/98 2254/2253/98 2253/2254/98
f 2253/2254/99 2254/2253/99 2256/2255/99 2255/2256/99
f 2255/2256/106 2256/2255/106 2258/2257/106 2257/2258/106
f 2259/2259/89 2260/2260/89 2262/2261/89 2261/2262/89
f 2261/2262/90 2262/2261/90 2264/2263/90 2263/2264/90
f 2263/2264/91 2264/2263/91 2266/2265/91 2265/2266/91
f 2265/2266/101 2266/2265/101 2268/2267/101 2267/2268/101
f 2269/2269/102 2270/2270/102 2272/2271/102 2271/2272/102
f 2271/2272/103 2272/2271/103 2274/2273/103 2273/2274/103
f 2273/2274/104 2274/2273/104 2276/2275/104 2275/2276/104
f 2275/2276/105 2276/2275/105 2278/2277/105 2277/2278/105
f 2279/2279/89 2280/2280/89 2282/2281/89 2281/2282/89
f 2281/2282/90 2282/2281/90 2284/2283/90 2283/2284/90
f 2283/2284/91 2284/2283/91 2286/2285/91 2285/2286/91
f 2285/2286/92 2286/2285/92 2288/2287/92 2287/2288/92
f 2289/2289/102 2290/2290/102 2292/2291/102 2291/2292/102
f 2291/2292/103 2292/2291/103 2294/2293/103 2293/2294/103
f 2293/2294/104 2294/2293/104 2296/2295/104 2295/2296/104
f 2295/2296/105 2296/2295/105 2298/2297/105 2297/2298/105
f 2299/2299/102 2300/2300/102 2302/2301/102 2301/2302/102
f 2301/2302/103 2302/2301/103 2304/2303/103 2303/2304/103
f 2303/2304/104 2304/2303/104 2306/2305/104 2305/2306/104
f 2305/2306/105 2306/2305/105 2308/2307/105 2307/2308/105
f 2309/2309/93 2310/2310/93 2312/2311/93 2311/2312/93
f 2311/2312/94 2312/2311/94 2314/2313/94 2313/2314/94
f 2313/2314/95 2314/2313/95 2316/2315/95 2315/2316/95
f 2315/2316/107 2316/2315/107 2318/2317/107 2317/2318/107
f 2319/2319/97 2320/2320/97 2322/2321/97 2321/2322/97
f 2321/2322/98 2322/2321/98 2324/2323/98 2323/2324/98
f 2323/2324/99 2324/2323/99 2326/2325/99 2325/2326/99
f 2325/2326/100 2326/2325/100 2328/2327/100 2327/2328/100
f 2329/2329/93 2330/2330/93 2332/2331/93 2331/2332/93
f 2331/2332/94 2332/2331/94 2334/2333/94 2333/2334/94
f 2333/2334/95 2334/2333/95 2336/2335/95 2335/2336/95
f 2335/2336/96 2336/2335/96 2338/2337/96 2337/2338/96
f 2339/2339/93 2340/2340/93 2342/2341/93 2341/2342/93
f 2341/2342/94 2342/2341/94 2344/2343/94 2343/2344/94
f 2343/2344/95 2344/2343/95 2346/2345/95 2345/2346/95
f 2345/2346/96 2346/2345/96 2348/2347/96 2347/2348/96
f 2349/2349/93 2350/2350/93 2352/2351/93 2351/2352/93
f 2351/2352/94 2352/2351/94 2354/2353/94 2353/2354/94
f 2353/2354/95 2354/2353/95 2356/2355/95 2355/2356/95
f 2355/2356/96 2356/2355/96 2358/2357/96 2357/2358/96
f 2359/2359/102 2360/2360/102 2362/2361/102 2361/2362/102
f 2361/2362/103 2362/2361/103 2364/2363/103 2363/2364/103
f 2363/2364/104 2364/2363/104 2366/2365/104 2365/2366/104
f 2365/2366/108 2366/2365/108 2368/2367/108 2367/2368/108
f 2369/2369/93 2370/2370/93 2372/2371/93 2371/2372/93
f 2371/2372/94 2372/2371/94 2374/2373/94 2373/2374/94
f 2373/2374/95 2374/2373/95 2376/2375/95 2375/2376/95
f 2375/2376/107 2376/2375/107 2378/2377/107 2377/2378/107
f 2379/2379/89 2380/2380/89 2382/2381/89 2381/2382/89
f 2381/2382/90 2382/2381/90 2384/2383/90 2383/2384/90
f 2383/2384/91 2384/2383/91 2386/2385/91 2385/2386/91
f 2385/2386/92 2386/2385/92 2388/2387/92 2387/2388/92
f 2389/2389/102 2390/2390/102 2392/2391/102 2391/2392/102
f 2391/2392/103 2392/2391/103 2394/2393/103 2393/2394/103
f 2393/2394/104 2394/2393/104 2396/2395/104 2395/2396/104
f 2395/2396/105 2396/2395/105 2398/2397/105 2397/2398/105
f 2399/2399/102 2400/2400/102 2402/2401/102 2401/2402/102
f 2401/2402/103 2402/2401/103 2404/2403/103 2403/2404/103
f 2403/2404/104 2404/2403/104 2406/2405/104 2405/2406/104
f 2405/2406/105 2406/2405/105 2408/2407/105 2407/2408/105
f 2409/2409/89 2410/2410/89 2412/2411/89 2411/2412/89
f 2411/2412/90 2412/2411/90 2414/2413/90 2413/2414/90
f 2413/2414/91 2414/2413/91 2416/2415/91 2415/2416/91
f 2415/2416/92 2416/2415/92 2418/2417/92 2417/2418/92
f 2419/2419/102 2420/2420/102 2422/2421/102 2421/2422/102
f 2421/2422/103 2422/2421/103 2424/2423/103 2423/2424/103
f 2423/2424/104 2424/2423/104 2426/2425/104 2425/2426/104
f 2425/2426/108 2426/2425/108 2428/2427/108 2427/2428/108
f 2429/2429/93 2430/2430/93 2432/2431/93 2431/2432/93
f 2431/2432/94 2432/2431/94 2434/2433/94 2433/2434/94
f 2433/2434/95 2434/2433/95 2436/2435/95 2435/2436/95
f 2435/2436/107 2436/2435/107 2438/2437/107 2437/2438/107
f 2439/2439/97 2440/2440/97 2442/2441/97 2441/2442/97
f 2441/2442/98 2442/2441/98 2444/2443/98 2443/2444/98
f 2443/2444/99 2444/2443/99 2446/2445/99 2445/2446/99
f 2445/2446/100 2446/2445/100 2448/2447/100 2447/2448/100
f 2449/2449/102 2450/2450/102 2452/2451/102 2451/2452/102
f 2451/2452/103 2452/2451/103 2454/2453/103 2453/2454/103
f 2453/2454/104 2454/2453/104 2456/2455/104 2455/2456/104
f 2455/2456/108 2456/2455/108 2458/2457/108 2457/2458/108
f 2459/2459/89 2460/2460/89 2462/2461/89 2461/2462/89
f 2461/2462/90 2462/2461/90 2464/2463/90 2463/2464/90
f 2463/2464/91 2464/2463/91 2466/2465/91 2465/2466/91
f 2465/2466/92 2466/2465/92 2468/2467/92 2467/2468/92
f 2469/2469/109 2470/2470/109 2472/2471/109 2471/2472/109
f 2471/2472/110 2472/2471/110 2474/2473/110 2473/2474/110
f 2473/2474/111 2474/2473/111 2476/2475/111 2475/2476/111
f 2477/2477/98 2478/2478/98 2480/2479/98 2479/2480/98
f 2479/2480/99 2480/2479/99 2482/2481/99 2481/2482/99
f 2481/2482/100 2482/2481/100 2484/2483/100 2483/2484/100
f 2485/2485/94 2486/2486/94 2488/2487/94 2487/2488/94
f 2487/2488/95 2488/2487/95 2490/2489/95 2489/2490/95
f 2489/2490/96 2490/2489/96 2492/2491/96 2491/2492/96
f 2493/2493/112 2494/2494/112 2496/2495/112 2495/2496/112
f 2495/2496/113 2496/2495/113 2498/2497/113 2497/2498/113
f 2497/2498/114 2498/2497/114 2500/2499/114 2499/2500/114
f 2501/2501/103 2502/2502/103 2504/2503/103 2503/2504/103
f 2503/2504/104 2504/2503/104 2506/2505/104 2505/2506/104
f 2505/2506/105 2506/2505/105 2508/2507/105 2507/2508/105
f 2509/2509/98 2510/2510/98 2512/2511/98 2511/2512/98
f 2511/2512/99 2512/2511/99 2514/2513/99 2513/2514/99
f 2513/2514/100 2514/2513/100 2516/2515/100 2515/2516/100
f 2517/2517/115 2518/2518/115 2520/2519/115 2519/2520/115
f 2519/2520/116 2520/2519/116 2522/2521/116 2521/2522/116
f 2521/2522/117 2522/2521/117 2524/2523/117 2523/2524/117
f 2525/2525/118 2526/2526/118 2528/2527/118 2527/2528/118
f 2527/2528/119 2528/2527/119 2530/2529/119 2529/2530/119
f 2529/2530/120 2530/2529/120 2532/2531/120 2531/2532/120
f 2533/2533/90 2534/2534/90 2536/2535/90 2535/2536/90
f 2535/2536/91 2536/2535/91 2538/2537/91 2537/2538/91
f 2537/2538/92 2538/2537/92 2540/2539/92 2539/2540/92
f 2541/2541/103 2542/2542/103 2544/2543/103 2543/2544/103
f 2543/2544/104 2544/2543/104 2546/2545/104 2545/2546/104
f 2545/2546/105 2546/2545/105 2548/2547/105 2547/2548/105
f 2549/2549/118 2550/2550/118 2552/2551/118 2551/2552/118
f 2551/2552/119 2552/2551/119 2554/2553/119 2553/2554/119
f 2553/2554/120 2554/2553/120 2556/2555/120 2555/2556/120
f 2557/2557/90 2558/2558/90 2560/2559/90 2559/2560/90
f 2559/2560/91 2560/2559/91 2562/2561/91 2561/2562/91
f 2561/2562/92 2562/2561/92 2564/2563/92 2563/2564/92
f 2565/2565/118 2566/2566/118 2568/2567/118 2567/2568/118
f 2567/2568/119 2568/2567/119 2570/2569/119 2569/2570/119
f 2569/2570/120 2570/2569/120 2572/2571/120 2571/2572/120
f 2573/2573/90 2574/2574/90 2576/2575/90 2575/2576/90
f 2575/2576/91 2576/2575/91 2578/2577/91 2577/2578/91
f 2577/2578/92 2578/2577/92 2580/2579/92 2579/2580/92
f 2581/2581/103 2582/2582/103 2584/2583/103 2583/2584/103
f 2583/2584/104 2584/2583/104 2586/2585/104 2585/2586/104
f 2585/2586/105 2586/2585/105 2588/2587/105 2587/2588/105
f 2589/2589/94 2590/2590/94 2592/2591/94 2591/2592/94
f 2591/2592/95 2592/2591/95 2594/2593/95 2593/2594/95
f 2593/2594/96 2594/2593/96 2596/2595/96 2595/2596/96
f 2597/2597/109 2598/2598/109 2600/2599/109 2599/2600/109
f 2599/2600/110 2600/2599/110 2602/2601/110 2601/2602/110
f 2601/2602/111 2602/2601/111 2604/2603/111 2603/2604/111
f 2605/2605/90 2606/2606/90 2608/2607/90 2607/2608/90
f 2607/2608/91 2608/2607/91 2610/2609/91 2609/2610/91
f 2609/2610/92 2610/2609/92 2612/2611/92 2611/2612/92
f 2613/2613/94 2614/2614/94 2616/2615/94 2615/2616/94
f 2615/2616/95 2616/2615/95 2618/2617/95 2617/2618/95
f 2617/2618/96 2618/2617/96 2620/2619/96 2619/2620/96
f 2621/2621/103 2622/2622/103 2624/2623/103 2623/2624/103
f 2623/2624/104 2624/2623/104 2626/2625/104 2625/2626/104
f 2625/2626/105 2626/2625/105 2628/2627/105 2627/2628/105
f 2629/2629/94 2630/2630/94 2632/2631/94 2631/2632/94
f 2631/2632/95 2632/2631/95 2634/2633/95 2633/2634/95
f 2633/2634/96 2634/2633/96 2636/2635/96 2635/2636/96
f 2637/2637/103 2638/2638/103 2640/2639/103 2639/2640/103
f 2639/2640/104 2640/2639/104 2642/2641/104 2641/2642/104
f 2641/2642/105 2642/2641/105 2644/2643/105 2643/2644/105
f 2645/2645/90 2646/2646/90 2648/2647/90 2647/2648/90
f 2647/2648/91 2648/2647/91 2650/2649/91 2649/2650/91
f 2649/2650/92 2650/2649/92 2652/2651/92 2651/2652/92
f 2653/2653/118 2654/2654/118 2656/2655/118 2655/2656/118
f 2655/2656/119 2656/2655/119 2658/2657/119 2657/2658/119
f 2657/2658/120 2658/2657/120 2660/2659/120 2659/2660/120
f 2661/2661/109 2662/2662/109 2664/2663/109 2663/2664/109
f 2663/2664/110 2664/2663/110 2666/2665/110 2665/2666/110
f 2665/2666/111 2666/2665/111 2668/2667/111 2667/2668/111
f 2669/2669/98 2670/2670/98 2672/2671/98 2671/2672/98
f 2671/2672/99 2672/2671/99 2674/2673/99 2673/2674/99
f 2673/2674/100 2674/2673/100 2676/2675/100 2675/2676/100
f 2677/2677/98 2678/2678/98 2680/2679/98 2679/2680/98
f 2679/2680/99 2680/2679/99 2682/2681/99 2681/2682/99
f 2681/2682/100 2682/2681/100 2684/2683/100 2683/2684/100
f 2685/2685/121 2686/2686/121 2688/2687/121 2687/2688/121
f 2687/2688/122 2688/2687/122 2690/2689/122 2689/2690/122
f 2691/2691/123 2692/2692/123 2694/2693/123 2693/2694/123
f 2693/2694/124 2694/2693/124 2696/2695/124 2695/2696/124
f 2697/2697/125 2698/2698/125 2700/2699/125 2699/2700/125
f 2699/2700/126 2700/2699/126 2702/2701/126 2701/2702/126
f 2703/2703/121 2704/2704/121 2706/2705/121 2705/2706/121
f 2705/2706/122 2706/2705/122 2708/2707/122 2707/2708/122
f 2709/2709/127 2710/2710/127 2712/2711/127 2711/2712/127
f 2711/2712/128 2712/2711/128 2714/2713/128 2713/2714/128
f 2715/2715/125 2716/2716/125 2718/2717/125 2717/2718/125
f 2717/2718/126 2718/2717/126 2720/2719/126 2719/2720/126
f 2721/2721/123 2722/2722/123 2724/2723/123 2723/2724/123
f 2723/2724/124 2724/2723/124 2726/2725/124 2725/2726/124
f 2727/2727/125 2728/2728/125 2730/2729/125 2729/2730/125
f 2729/2730/126 2730/2729/126 2732/2731/126 2731/2732/126
f 2733/2733/127 2734/2734/127 2736/2735/127 2735/2736/127
f 2735/2736/128 2736/2735/128 2738/2737/128 2737/2738/128
f 2739/2739/127 2740/2740/127 2742/2741/127 2741/2742/127
f 2741/2742/128 2742/2741/128 2744/2743/128 2743/2744/128
f 2745/2745/125 2746/2746/125 2748/2747/125 2747/2748/125
f 2747/2748/126 2748/2747/126 2750/2749/126 2749/2750/126
f 2751/2751/127 2752/2752/127 2754/2753/127 2753/2754/127
f 2753/2754/128 2754/2753/128 2756/2755/128 2755/2756/128
f 2757/2757/102 2758/2758/102 2759/2759/102
f 2758/2758/102 2760/2760/102 2759/2759/102
f 2761/2761/97 2762/2762/97 2763/2763/97
f 2762/2762/97 2764/2764/97 2763/2763/97
f 2765/2765/89 2766/2766/89 2767/2767/89
f 2766/2766/89 2768/2768/89 2767/2767/89
f 2769/2769/89 2770/2770/89 2771/2771/89
f 2770/2770/129 2772/2772/129 2771/2771/129
f 2773/2773/102 2774/2774/102 2775/2775/102
f 2774/2774/102 2776/2776/102 2775/2775/102
f 2777/2777/129 2778/2778/129 2779/2779/129
f 2778/2778/89 2780/2780/89 2779/2779/89
f 2781/2781/130 2782/2782/130 2783/2783/130
f 2782/2782/93 2784/2784/93 2783/2783/93
f 2785/2785/131 2786/2786/131 2787/2787/131
f 2786/2786/97 2788/2788/97 2787/2787/97
f 2789/2789/93 2790/2790/93 2791/2791/93
f 2790/2790/93 2792/2792/93 2791/2791/93
f 2793/2793/129 2794/2794/129 2795/2795/129
f 2794/2794/89 2796/2796/89 2795/2795/89
f 2797/2797/131 2798/2798/131 2799/2799/131
f 2798/2798/97 2800/2800/97 2799/2799/97
f 2801/2801/132 2802/2802/132 2803/2803/132
f 2802/2802/102 2804/2804/102 2803/2803/102
f 2805/2805/129 2806/2806/129 2807/2807/129
f 2806/2806/89 2808/2808/89 2807/2807/89
f 2809/2809/93 2810/2810/93 2811/2811/93
f 2810/2810/93 2812/2812/93 2811/2811/93
f 2813/2813/93 2814/2814/93 2815/2815/93
f 2814/2814/93 2816/2816/93 2815/2815/93
f 2817/2817/102 2818/2818/102 2819/2819/102
f 2818/2818/102 2820/2820/102 2819/2819/102
f 2821/2821/102 2822/2822/102 2823/2823/102
f 2822/2822/102 2824/2824/102 2823/2823/102
f 2825/2825/131 2826/2826/131 2827/2827/131
f 2826/2826/97 2828/2828/97 2827/2827/97
f 2829/2829/133 2830/2830/133 2831/2831/133 2832/2832/133
f 2833/2833/134 2834/2834/134 2835/2835/134 2836/2836/134
f 2837/2837/134 2838/2838/134 2839/2839/134 2840/2840/134
f 2841/2841/134 2842/2842/134 2843/2843/134 2844/2844/134
f 2845/2845/135 2846/2846/135 2847/2847/135 2848/2848/135
f 2849/2849/134 2850/2850/134 2851/2851/134 2852/2852/134
f 2853/2853/136 2854/2854/136 2855/2855/136 2856/2856/136
f 2857/2857/136 2858/2858/136 2859/2859/136 2860/2860/136
f 2861/2861/133 2862/2862/133 2863/2863/133 2864/2864/133
f 2865/2865/136 2866/2866/136 2867/2867/136 2868/2868/136
f 2869/2869/135 2870/2870/135 2871/2871/135 2872/2872/135
f 2873/2873/136 2874/2874/136 2875/2875/136 2876/2876/136
f 2877/2877/97 2878/2878/97 2879/2879/97
f 2880/2880/137 2881/2881/137 2882/2882/137
f 2883/2883/93 2884/2884/93 2885/2885/93
f 2886/2886/138 2887/2887/138 2888/2888/138
f 2889/2889/139 2890/2890/139 2891/2891/139
f 2892/2892/140 2893/2893/140 2894/2894/140
f 2895/2895/141 2896/2896/141 2897/2897/141
f 2898/2898/140 2899/2899/140 2900/2900/140
f 2901/2901/142 2902/2902/142 2903/2903/142
f 2904/2904/143 2905/2905/143 2906/2906/143
f 2907/2907/102 2908/2908/102 2909/2909/102
f 2910/2910/144 2911/2911/144 2912/2912/144
f 2913/2913/143 2914/2914/143 2915/2915/143
f 2916/2916/102 2917/2917/102 2918/2918/102
f 2919/2919/145 2920/2920/145 2921/2921/145
f 2922/2922/140 2923/2923/140 2924/2924/140
f 2925/2925/146 2926/2926/146 2927/2927/146
f 2928/2928/89 2929/2929/89 2930/2930/89
f 2931/2931/143 2932/2932/143 2933/2933/143
f 2934/2934/102 2935/2935/102 2936/2936/102
f 2937/2937/138 2938/2938/138 2939/2939/138
f 2940/2940/147 2941/2941/147 2942/2942/147
f 2943/2943/144 2944/2944/144 2945/2945/144
f 2946/2946/97 2947/2947/97 2948/2948/97
f 2949/2949/148 2950/2950/148 2951/2951/148
f 2952/2952/93 2953/2953/93 2954/2954/93
f 2955/2955/142 2956/2956/142 2957/2957/142
f 2958/2958/147 2959/2959/147 2960/2960/147
f 2961/2961/143 2962/2962/143 2963/2963/143
f 2964/2964/145 2965/2965/145 2966/2966/145
f 2967/2967/137 2968/2968/137 2969/2969/137
f 2970/2970/93 2971/2971/93 2972/2972/93
f 2973/2973/149 2974/2974/149 2975/2975/149
f 2976/2976/147 2977/2977/147 2978/2978/147
f 2979/2979/140 2980/2980/140 2981/2981/140
f 2982/2982/139 2983/2983/139 2984/2984/139
f 2985/2985/137 2986/2986/137 2987/2987/137
f 2988/2988/93 2989/2989/93 2990/2990/93
f 2991/2991/149 2992/2992/149 2993/2993/149
f 2994/2994/148 2995/2995/148 2996/2996/148
f 2997/2997/89 2998/2998/89 2999/2999/89
f 3000/3000/150 3001/3001/150 3002/3002/150
f 3003/3003/151 3004/3004/151 3005/3005/151
f 3006/3006/102 3007/3007/102 3008/3008/102
f 3009/3009/137 3010/3010/137 3011/3011/137
usemtl wall01_d
s 1
f 3012/3012/32 3013/3013/32 3015/3014/33 3014/3015/34
f 3014/3015/34 3015/3014/33 3017/3016/35 3016/3017/36
f 3016/3017/36 3017/3016/35 3019/3018/37 3018/3019/37
f 3020/3020/32 3021/3021/32 3023/3022/33 3022/3023/34
f 3022/3023/34 3023/3022/33 3025/3024/35 3024/3025/36
f 3024/3025/36 3025/3024/35 3027/3026/37 3026/3027/37
f 3028/3028/52 3029/3029/52 3031/3030/51 3030/3031/51
f 3030/3031/51 3031/3030/51 3033/3032/152 3032/3033/152
f 3032/3033/152 3033/3032/152 3035/3034/84 3034/3035/84
f 3036/3036/32 3037/3037/32 3039/3038/33 3038/3039/34
f 3038/3039/34 3039/3038/33 3041/3040/35 3040/3041/36
f 3040/3041/36 3041/3040/35 3043/3042/37 3042/3043/37
f 3044/3044/44 3045/3045/44 3047/3046/45 3046/3047/46
f 3046/3047/46 3047/3046/45 3049/3048/47 3048/3049/48
f 3048/3049/48 3049/3048/47 3051/3050/49 3050/3051/49
f 3052/3052/44 3053/3053/44 3055/3054/45 3054/3055/46
f 3054/3055/46 3055/3054/45 3057/3056/47 3056/3057/48
f 3056/3057/48 3057/3056/47 3059/3058/49 3058/3059/49
f 3060/3060/56 3061/3061/56 3063/3062/55 3062/3063/55
f 3062/3063/55 3063/3062/55 3065/3064/153 3064/3065/153
f 3064/3065/153 3065/3064/153 3067/3066/83 3066/3067/83
f 3068/3068/32 3069/3069/32 3071/3070/33 3070/3071/34
f 3070/3071/34 3071/3070/33 3073/3072/35 3072/3073/36
f 3072/3073/36 3073/3072/35 3075/3074/37 3074/3075/37
f 3076/3076/44 3077/3077/44 3079/3078/45 3078/3079/46
f 3078/3079/46 3079/3078/45 3081/3080/47 3080/3081/48
f 3080/3081/48 3081/3080/47 3083/3082/49 3082/3083/49
f 3084/3084/38 3085/3085/38 3087/3086/39 3086/3087/40
f 3086/3087/40 3087/3086/39 3089/3088/41 3088/3089/42
f 3088/3089/42 3089/3088/41 3091/3090/43 3090/3091/43
f 3092/3092/38 3093/3093/38 3095/3094/39 3094/3095/40
f 3094/3095/40 3095/3094/39 3097/3096/41 3096/3097/42
f 3096/3097/42 3097/3096/41 3099/3098/43 3098/3099/43
f 3100/3100/32 3101/3101/32 3103/3102/33 3102/3103/34
f 3102/3103/34 3103/3102/33 3105/3104/35 3104/3105/36
f 3104/3105/36 3105/3104/35 3107/3106/37 3106/3107/37
f 3108/3108/38 3109/3109/38 3111/3110/39 3110/3111/40
f 3110/3111/40 3111/3110/39 3113/3112/41 3112/3113/42
f 3112/3113/42 3113/3112/41 3115/3114/43 3114/3115/43
f 3116/3116/32 3117/3117/32 3119/3118/33 3118/3119/34
f 3118/3119/34 3119/3118/33 3121/3120/35 3120/3121/36
f 3120/3121/36 3121/3120/35 3123/3122/37 3122/3123/37
f 3124/3124/44 3125/3125/44 3127/3126/45 3126/3127/46
f 3126/3127/46 3127/3126/45 3129/3128/47 3128/3129/48
f 3128/3129/48 3129/3128/47 3131/3130/49 3130/3131/49
f 3132/3132/32 3133/3133/32 3135/3134/33 3134/3135/34
f 3134/3135/34 3135/3134/33 3137/3136/35 3136/3137/36
f 3136/3137/36 3137/3136/35 3139/3138/37 3138/3139/37
f 3140/3140/44 3141/3141/44 3143/3142/45 3142/3143/46
f 3142/3143/46 3143/3142/45 3145/3144/47 3144/3145/48
f 3144/3145/48 3145/3144/47 3147/3146/49 3146/3147/49
f 3148/3148/44 3149/3149/44 3151/3150/45 3150/3151/46
f 3150/3151/46 3151/3150/45 3153/3152/47 3152/3153/48
f 3152/3153/48 3153/3152/47 3155/3154/49 3154/3155/49
f 3156/3156/44 3157/3157/44 3159/3158/45 3158/3159/46
f 3158/3159/46 3159/3158/45 3161/3160/47 3160/3161/48
f 3160/3161/48 3161/3160/47 3163/3162/49 3162/3163/49
f 3164/3164/154 3165/3165/154 3167/3166/155 3166/3167/156
f 3166/3167/156 3167/3166/155 3169/3168/157 3168/3169/158
f 3168/3169/158 3169/3168/157 3171/3170/159 3170/3171/159
f 3172/3172/38 3173/3173/38 3175/3174/39 3174/3175/40
f 3174/3175/40 3175/3174/39 3177/3176/41 3176/3177/42
f 3176/3177/42 3177/3176/41 3179/3178/43 3178/3179/43
f 3180/3180/32 3181/3181/32 3183/3182/33 3182/3183/34
f 3182/3183/34 3183/3182/33 3185/3184/35 3184/3185/36
f 3184/3185/36 3185/3184/35 3187/3186/37 3186/3187/37
f 3188/3188/32 3189/3189/32 3191/3190/33 3190/3191/34
f 3190/3191/34 3191/3190/33 3193/3192/35 3192/3193/36
f 3192/3193/36 3193/3192/35 3195/3194/37 3194/3195/37
f 3196/3196/38 3197/3197/38 3199/3198/39 3198/3199/40
f 3198/3199/40 3199/3198/39 3201/3200/41 3200/3201/42
f 3200/3201/42 3201/3200/41 3203/3202/43 3202/3203/43
f 3204/3204/32 3205/3205/32 3207/3206/33 3206/3207/34
f 3206/3207/34 3207/3206/33 3209/3208/35 3208/3209/36
f 3208/3209/36 3209/3208/35 3211/3210/37 3210/3211/37
f 3212/3212/57 3213/3213/57 3215/3214/26 3214/3215/26
f 3214/3215/26 3215/3214/26 3217/3216/27 3216/3217/27
f 3218/3218/50 3219/3219/50 3221/3220/51 3220/3221/51
f 3220/3221/51 3221/3220/51 3223/3222/52 3222/3223/52
f 3224/3224/57 3225/3225/57 3227/3226/26 3226/3227/26
f 3226/3227/26 3227/3226/26 3229/3228/27 3228/3229/27
f 3230/3230/53 3231/3231/53 3233/3232/29 3232/3233/29
f 3232/3233/29 3233/3232/29 3235/3234/28 3234/3235/28
f 3236/3236/57 3237/3237/57 3239/3238/26 3238/3239/26
f 3238/3239/26 3239/3238/26 3241/3240/27 3240/3241/27
f 3242/3242/57 3243/3243/57 3245/3244/26 3244/3245/26
f 3244/3245/26 3245/3244/26 3247/3246/27 3246/3247/27
f 3248/3248/57 3249/3249/57 3251/3250/26 3250/3251/26
f 3250/3251/26 3251/3250/26 3253/3252/27 3252/3253/27
f 3254/3254/50 3255/3255/50 3257/3256/51 3256/3257/51
f 3256/3257/51 3257/3256/51 3259/3258/52 3258/3259/52
f 3260/3260/50 3261/3261/50 3263/3262/51 3262/3263/51
f 3262/3263/51 3263/3262/51 3265/3264/52 3264/3265/52
f 3266/3266/53 3267/3267/53 3269/3268/29 3268/3269/29
f 3268/3269/29 3269/3268/29 3271/3270/28 3270/3271/28
f 3272/3272/54 3273/3273/54 3275/3274/55 3274/3275/55
f 3274/3275/55 3275/3274/55 3277/3276/56 3276/3277/56
f 3278/3278/28 3279/3279/28 3281/3280/29 3280/3281/29
f 3280/3281/29 3281/3280/29 3283/3282/53 3282/3283/53
f 3284/3284/53 3285/3285/53 3287/3286/29 3286/3287/29
f 3286/3287/29 3287/3286/29 3289/3288/28 3288/3289/28
f 3290/3290/57 3291/3291/57 3293/3292/26 3292/3293/26
f 3292/3293/26 3293/3292/26 3295/3294/27 3294/3295/27
f 3296/3296/57 3297/3297/57 3299/3298/26 3298/3299/26
f 3298/3299/26 3299/3298/26 3301/3300/27 3300/3301/27
f 3302/3302/57 3303/3303/57 3305/3304/26 3304/3305/26
f 3304/3305/26 3305/3304/26 3307/3306/27 3306/3307/27
f 3308/3308/53 3309/3309/53 3311/3310/29 3310/3311/29
f 3310/3311/29 3311/3310/29 3313/3312/28 3312/3313/28
f 3314/3314/50 3315/3315/50 3317/3316/51 3316/3317/51
f 3316/3317/51 3317/3316/51 3319/3318/52 3318/3319/52
f 3320/3320/53 3321/3321/53 3323/3322/29 3322/3323/29
f 3322/3323/29 3323/3322/29 3325/3324/28 3324/3325/28
f 3326/3326/54 3327/3327/54 3329/3328/55 3328/3329/55
f 3328/3329/55 3329/3328/55 3331/3330/56 3330/3331/56
f 3332/3332/53 3333/3333/53 3335/3334/29 3334/3335/29
f 3334/3335/29 3335/3334/29 3337/3336/28 3336/3337/28
f 3338/3338/57 3339/3339/57 3341/3340/26 3340/3341/26
f 3340/3341/26 3341/3340/26 3343/3342/27 3342/3343/27
f 3344/3344/50 3345/3345/50 3347/3346/51 3346/3347/51
f 3346/3347/51 3347/3346/51 3349/3348/52 3348/3349/52
f 3350/3350/57 3351/3351/57 3353/3352/26 3352/3353/26
f 3352/3353/26 3353/3352/26 3355/3354/27 3354/3355/27
f 3356/3356/50 3357/3357/50 3359/3358/51 3358/3359/51
f 3358/3359/51 3359/3358/51 3361/3360/52 3360/3361/52
f 3362/3362/57 3363/3363/57 3365/3364/26 3364/3365/26
f 3364/3365/26 3365/3364/26 3367/3366/27 3366/3367/27
f 3368/3368/53 3369/3369/53 3371/3370/29 3370/3371/29
f 3370/3371/29 3371/3370/29 3373/3372/28 3372/3373/28
f 3374/3374/53 3375/3375/53 3377/3376/29 3376/3377/29
f 3376/3377/29 3377/3376/29 3379/3378/28 3378/3379/28
f 3380/3380/57 3381/3381/57 3383/3382/26 3382/3383/26
f 3382/3383/26 3383/3382/26 3385/3384/27 3384/3385/27
f 3386/3386/50 3387/3387/50 3389/3388/51 3388/3389/51
f 3388/3389/51 3389/3388/51 3391/3390/52 3390/3391/52
f 3392/3392/50 3393/3393/50 3395/3394/51 3394/3395/51
f 3394/3395/51 3395/3394/51 3397/3396/52 3396/3397/52
f 3398/3398/53 3399/3399/53 3401/3400/29 3400/3401/29
f 3400/3401/29 3401/3400/29 3403/3402/28 3402/3403/28
f 3404/3404/54 3405/3405/54 3407/3406/55 3406/3407/55
f 3406/3407/55 3407/3406/55 3409/3408/56 3408/3409/56
f 3410/3410/54 3411/3411/54 3413/3412/55 3412/3413/55
f 3412/3413/55 3413/3412/55 3415/3414/56 3414/3415/56
f 3416/3416/57 3417/3417/57 3419/3418/26 3418/3419/26
f 3418/3419/26 3419/3418/26 3421/3420/27 3420/3421/27
f 3422/3422/50 3423/3423/50 3425/3424/51 3424/3425/51
f 3424/3425/51 3425/3424/51 3427/3426/52 3426/3427/52
f 3428/3428/57 3429/3429/57 3431/3430/26 3430/3431/26
f 3430/3431/26 3431/3430/26 3433/3432/27 3432/3433/27
f 3434/3434/57 3435/3435/57 3437/3436/26 3436/3437/26
f 3436/3437/26 3437/3436/26 3439/3438/27 3438/3439/27
f 3440/3440/50 3441/3441/50 3443/3442/51 3442/3443/51
f 3442/3443/51 3443/3442/51 3445/3444/52 3444/3445/52
f 3446/3446/57 3447/3447/57 3449/3448/26 3448/3449/26
f 3448/3449/26 3449/3448/26 3451/3450/27 3450/3451/27
f 3452/3452/53 3453/3453/53 3455/3454/29 3454/3455/29
f 3454/3455/29 3455/3454/29 3457/3456/28 3456/3457/28
f 3458/3458/57 3459/3459/57 3461/3460/26 3460/3461/26
f 3460/3461/26 3461/3460/26 3463/3462/27 3462/3463/27
f 3464/3464/50 3465/3465/50 3467/3466/51 3466/3467/51
f 3466/3467/51 3467/3466/51 3469/3468/52 3468/3469/52
f 3470/3470/50 3471/3471/50 3473/3472/51 3472/3473/51
f 3472/3473/51 3473/3472/51 3475/3474/52 3474/3475/52
f 3476/3476/50 3477/3477/50 3479/3478/51 3478/3479/51
f 3478/3479/51 3479/3478/51 3481/3480/52 3480/3481/52
f 3482/3482/50 3483/3483/50 3485/3484/51 3484/3485/51
f 3484/3485/51 3485/3484/51 3487/3486/52 3486/3487/52
f 3488/3488/53 3489/3489/53 3491/3490/29 3490/3491/29
f 3490/3491/29 3491/3490/29 3493/3492/28 3492/3493/28
f 3494/3494/53 3495/3495/53 3497/3496/29 3496/3497/29
f 3496/3497/29 3497/3496/29 3499/3498/28 3498/3499/28
f 3500/3500/53 3501/3501/53 3503/3502/29 3502/3503/29
f 3502/3503/29 3503/3502/29 3505/3504/28 3504/3505/28
f 3506/3506/54 3507/3507/54 3509/3508/55 3508/3509/55
f 3508/3509/55 3509/3508/55 3511/3510/56 3510/3511/56
f 3512/3512/50 3513/3513/50 3515/3514/51 3514/3515/51
f 3514/3515/51 3515/3514/51 3517/3516/52 3516/3517/52
f 3518/3518/57 3519/3519/57 3521/3520/26 3520/3521/26
f 3520/3521/26 3521/3520/26 3523/3522/27 3522/3523/27
f 3524/3524/53 3525/3525/53 3527/3526/29 3526/3527/29
f 3526/3527/29 3527/3526/29 3529/3528/28 3528/3529/28
f 3530/3530/50 3531/3531/50 3533/3532/51 3532/3533/51
f 3532/3533/51 3533/3532/51 3535/3534/52 3534/3535/52
f 3536/3536/50 3537/3537/50 3539/3538/51 3538/3539/51
f 3538/3539/51 3539/3538/51 3541/3540/52 3540/3541/52
f 3542/3542/57 3543/3543/57 3545/3544/26 3544/3545/26
f 3544/3545/26 3545/3544/26 3547/3546/27 3546/3547/27
f 3548/3548/57 3549/3549/57 3551/3550/26 3550/3551/26
f 3550/3551/26 3551/3550/26 3553/3552/27 3552/3553/27
f 3554/3554/53 3555/3555/53 3557/3556/29 3556/3557/29
f 3556/3557/29 3557/3556/29 3559/3558/28 3558/3559/28
f 3560/3560/53 3561/3561/53 3563/3562/29 3562/3563/29
f 3562/3563/29 3563/3562/29 3565/3564/28 3564/3565/28
f 3566/3566/50 3567/3567/50 3569/3568/51 3568/3569/51
f 3568/3569/51 3569/3568/51 3571/3570/52 3570/3571/52
f 3572/3572/50 3573/3573/50 3575/3574/51 3574/3575/51
f 3574/3575/51 3575/3574/51 3577/3576/52 3576/3577/52
f 3578/3578/50 3579/3579/50 3581/3580/51 3580/3581/51
f 3580/3581/51 3581/3580/51 3583/3582/52 3582/3583/52
f 3584/3584/160 3585/3585/71 3586/3586/72
f 3585/3585/71 3587/3587/73 3586/3586/72
f 3586/3586/72 3587/3587/73 3588/3588/74
f 3587/3587/73 3589/3589/75 3588/3588/74
f 3590/3590/58 3591/3591/59 3592/3592/60
f 3591/3591/59 3593/3593/61 3592/3592/60
f 3592/3592/60 3593/3593/61 3594/3594/62
f 3593/3593/61 3595/3595/63 3594/3594/62
f 3596/3596/58 3597/3597/59 3598/3598/60
f 3597/3597/59 3599/3599/61 3598/3598/60
f 3598/3598/60 3599/3599/61 3600/3600/62
f 3599/3599/61 3601/3601/63 3600/3600/62
f 3602/3602/58 3603/3603/59 3604/3604/60
f 3603/3603/59 3605/3605/61 3604/3604/60
f 3604/3604/60 3605/3605/61 3606/3606/62
f 3605/3605/61 3607/3607/63 3606/3606/62
f 3608/3608/160 3609/3609/71 3610/3610/72
f 3609/3609/71 3611/3611/73 3610/3610/72
f 3610/3610/72 3611/3611/73 3612/3612/74
f 3611/3611/73 3613/3613/75 3612/3612/74
f 3614/3614/160 3615/3615/71 3616/3616/72
f 3615/3615/71 3617/3617/73 3616/3616/72
f 3616/3616/72 3617/3617/73 3618/3618/74
f 3617/3617/73 3619/3619/75 3618/3618/74
f 3620/3620/58 3621/3621/59 3622/3622/60
f 3621/3621/59 3623/3623/61 3622/3622/60
f 3622/3622/60 3623/3623/61 3624/3624/62
f 3623/3623/61 3625/3625/63 3624/3624/62
f 3626/3626/63 3627/3627/62 3628/3628/61
f 3627/3627/62 3629/3629/60 3628/3628/61
f 3628/3628/61 3629/3629/60 3630/3630/59
f 3629/3629/60 3631/3631/58 3630/3630/59
f 3632/3632/64 3633/3633/65 3634/3634/66
f 3633/3633/65 3635/3635/67 3634/3634/66
f 3634/3634/66 3635/3635/67 3636/3636/68
f 3635/3635/67 3637/3637/69 3636/3636/68
f 3638/3638/64 3639/3639/65 3640/3640/66
f 3639/3639/65 3641/3641/67 3640/3640/66
f 3640/3640/66 3641/3641/67 3642/3642/68
f 3641/3641/67 3643/3643/69 3642/3642/68
f 3644/3644/58 3645/3645/59 3646/3646/60
f 3645/3645/59 3647/3647/61 3646/3646/60
f 3646/3646/60 3647/3647/61 3648/3648/62
f 3647/3647/61 3649/3649/63 3648/3648/62
f 3650/3650/58 3651/3651/59 3652/3652/60
f 3651/3651/59 3653/3653/61 3652/3652/60
f 3652/3652/60 3653/3653/61 3654/3654/62
f 3653/3653/61 3655/3655/63 3654/3654/62
f 3656/3656/70 3657/3657/71 3658/3658/72
f 3657/3657/71 3659/3659/73 3658/3658/72
f 3658/3658/72 3659/3659/73 3660/3660/74
f 3659/3659/73 3661/3661/75 3660/3660/74
f 3662/3662/64 3663/3663/65 3664/3664/66
f 3663/3663/65 3665/3665/67 3664/3664/66
f 3664/3664/66 3665/3665/67 3666/3666/68
f 3665/3665/67 3667/3667/69 3666/3666/68
f 3668/3668/160 3669/3669/71 3670/3670/72
f 3669/3669/71 3671/3671/73 3670/3670/72
f 3670/3670/72 3671/3671/73 3672/3672/74
f 3671/3671/73 3673/3673/75 3672/3672/74
f 3674/3674/64 3675/3675/65 3676/3676/66
f 3675/3675/65 3677/3677/67 3676/3676/66
f 3676/3676/66 3677/3677/67 3678/3678/68
f 3677/3677/67 3679/3679/69 3678/3678/68
f 3680/3680/58 3681/3681/59 3682/3682/60
f 3681/3681/59 3683/3683/61 3682/3682/60
f 3682/3682/60 3683/3683/61 3684/3684/62
f 3683/3683/61 3685/3685/63 3684/3684/62
f 3686/3686/64 3687/3687/65 3688/3688/66
f 3687/3687/65 3689/3689/67 3688/3688/66
f 3688/3688/66 3689/3689/67 3690/3690/68
f 3689/3689/67 3691/3691/69 3690/3690/68
f 3692/3692/50 3693/3693/161 3694/3694/162
f 3693/3693/161 3695/3695/163 3694/3694/162
f 3694/3694/162 3695/3695/163 3696/3696/163
f 3697/3697/57 3698/3698/164 3699/3699/165
f 3698/3698/164 3700/3700/166 3699/3699/165
f 3699/3699/165 3700/3700/166 3701/3701/166
f 3702/3702/53 3703/3703/167 3704/3704/168
f 3703/3703/167 3705/3705/169 3704/3704/168
f 3704/3704/168 3705/3705/169 3706/3706/169
f 3707/3707/54 3708/3708/170 3709/3709/171
f 3708/3708/170 3710/3710/172 3709/3709/171
f 3709/3709/171 3710/3710/172 3711/3711/172
f 3712/3712/53 3713/3713/167 3714/3714/168
f 3713/3713/167 3715/3715/169 3714/3714/168
f 3714/3714/168 3715/3715/169 3716/3716/169
f 3717/3717/53 3718/3718/167 3719/3719/168
f 3718/3718/167 3720/3720/169 3719/3719/168
f 3719/3719/168 3720/3720/169 3721/3721/169
f 3722/3722/54 3723/3723/170 3724/3724/171
f 3723/3723/170 3725/3725/172 3724/3724/171
f 3724/3724/171 3725/3725/172 3726/3726/172
f 3727/3727/53 3728/3728/167 3729/3729/168
f 3728/3728/167 3730/3730/169 3729/3729/168
f 3729/3729/168 3730/3730/169 3731/3731/169
f 3732/3732/57 3733/3733/164 3734/3734/165
f 3733/3733/164 3735/3735/166 3734/3734/165
f 3734/3734/165 3735/3735/166 3736/3736/166
f 3737/3737/53 3738/3738/167 3739/3739/168
f 3738/3738/167 3740/3740/169 3739/3739/168
f 3739/3739/168 3740/3740/169 3741/3741/169
f 3742/3742/53 3743/3743/167 3744/3744/168
f 3743/3743/167 3745/3745/169 3744/3744/168
f 3744/3744/168 3745/3745/169 3746/3746/169
f 3747/3747/54 3748/3748/170 3749/3749/171
f 3748/3748/170 3750/3750/172 3749/3749/171
f 3749/3749/171 3750/3750/172 3751/3751/172
f 3752/3752/53 3753/3753/167 3754/3754/173
f 3753/3753/167 3755/3755/169 3754/3754/173
f 3756/3756/174 3757/3757/174 3758/3758/174
f 3757/3757/174 3759/3759/174 3758/3758/174
f 3760/3760/57 3761/3761/175 3762/3762/176
f 3761/3761/175 3763/3763/169 3762/3762/176
f 3764/3764/53 3765/3765/167 3766/3766/173
f 3765/3765/167 3767/3767/169 3766/3766/173
f 3768/3768/177 3769/3769/177 3770/3770/177
f 3769/3769/177 3771/3771/177 3770/3770/177
f 3772/3772/177 3773/3773/177 3774/3774/177
f 3773/3773/177 3775/3775/177 3774/3774/177
f 3776/3776/174 3777/3777/174 3778/3778/174
f 3777/3777/174 3779/3779/174 3778/3778/174
f 3780/3780/177 3781/3781/177 3782/3782/177
f 3781/3781/177 3783/3783/177 3782/3782/177
f 3784/3784/174 3785/3785/174 3786/3786/174
f 3785/3785/174 3787/3787/174 3786/3786/174
f 3788/3788/178 3789/3789/178 3790/3790/178
f 3789/3789/178 3791/3791/178 3790/3790/178
f 3792/3792/179 3793/3793/179 3794/3794/179
f 3793/3793/179 3795/3795/179 3794/3794/179
f 3796/3796/57 3797/3797/175 3798/3798/176
f 3797/3797/175 3799/3799/169 3798/3798/176
f 3800/3800/174 3801/3801/174 3802/3802/174
f 3801/3801/174 3803/3803/174 3802/3802/174
f 3804/3804/174 3805/3805/174 3806/3806/174
f 3805/3805/174 3807/3807/174 3806/3806/174
f 3808/3808/174 3809/3809/174 3810/3810/174
f 3809/3809/174 3811/3811/174 3810/3810/174
f 3812/3812/24 3813/3813/24 3814/3814/24 3815/3815/24
f 3816/3816/31 3817/3817/31 3818/3818/31 3819/3819/31
f 3820/3820/24 3821/3821/24 3822/3822/24 3823/3823/24
f 3824/3824/24 3825/3825/24 3826/3826/24 3827/3827/24
f 3828/3828/24 3829/3829/24 3830/3830/24 3831/3831/24
f 3832/3832/24 3833/3833/24 3834/3834/24 3835/3835/24
f 3836/3836/28 3837/3837/28 3838/3838/28 3839/3839/28
f 3840/3840/24 3841/3841/24 3842/3842/24 3843/3843/24
f 3844/3844/24 3845/3845/24 3846/3846/24 3847/3847/24
f 3848/3848/24 3849/3849/24 3850/3850/24 3851/3851/24
f 3852/3852/83 3853/3853/83 3854/3854/83 3855/3855/83
f 3856/3856/31 3857/3857/31 3858/3858/31 3859/3859/31
f 3860/3860/84 3861/3861/84 3862/3862/84 3863/3863/84
f 3864/3864/24 3865/3865/24 3866/3866/24 3867/3867/24
f 3868/3868/31 3869/3869/31 3870/3870/31 3871/3871/31
f 3872/3872/84 3873/3873/84 3874/3874/84 3875/3875/84
f 3876/3876/24 3877/3877/24 3878/3878/24 3879/3879/24
f 3880/3880/24 3881/3881/24 3882/3882/24 3883/3883/24
f 3884/3884/84 3885/3885/84 3886/3886/84 3887/3887/84
f 3888/3888/83 3889/3889/83 3890/3890/83 3891/3891/83
f 3892/3892/24 3893/3893/24 3894/3894/24 3895/3895/24
f 3896/3896/84 3897/3897/84 3898/3898/84 3899/3899/84
f 3900/3900/31 3901/3901/31 3902/3902/31 3903/3903/31
f 3904/3904/84 3905/3905/84 3906/3906/84 3907/3907/84
f 3908/3908/24 3909/3909/24 3910/3910/24 3911/3911/24
f 3912/3912/27 3913/3913/27 3914/3914/27 3915/3915/27
f 3916/3916/24 3917/3917/24 3918/3918/24 3919/3919/24
f 3920/3920/84 3921/3921/84 3922/3922/84 3923/3923/84
f 3924/3924/28 3925/3925/28 3926/3926/28 3927/3927/28
f 3928/3928/24 3929/3929/24 3930/3930/24 3931/3931/24
f 3932/3932/24 3933/3933/24 3934/3934/24 3935/3935/24
f 3936/3936/31 3937/3937/31 3938/3938/31 3939/3939/31
f 3940/3940/31 3941/3941/31 3942/3942/31 3943/3943/31
f 3944/3944/31 3945/3945/31 3946/3946/31 3947/3947/31
f 3948/3948/84 3949/3949/84 3950/3950/84 3951/3951/84
f 3952/3952/27 3953/3953/27 3954/3954/27 3955/3955/27
f 3956/3956/84 3957/3957/84 3958/3958/84 3959/3959/84
f 3960/3960/28 3961/3961/28 3962/3962/28 3963/3963/28
f 3964/3964/84 3965/3965/84 3966/3966/84 3967/3967/84
f 3968/3968/84 3969/3969/84 3970/3970/84 3971/3971/84
f 3972/3972/84 3973/3973/84 3974/3974/84 3975/3975/84
f 3976/3976/83 3977/3977/83 3978/3978/83 3979/3979/83
f 3980/3980/31 3981/3981/31 3982/3982/31 3983/3983/31
f 3984/3984/31 3985/3985/31 3986/3986/31 3987/3987/31
f 3988/3988/31 3989/3989/31 3990/3990/31 3991/3991/31
f 3992/3992/84 3993/3993/84 3994/3994/84 3995/3995/84
f 3996/3996/84 3997/3997/84 3998/3998/84 3999/3999/84
f 4000/4000/24 4001/4001/24 4002/4002/24 4003/4003/24
f 4004/4004/83 4005/4005/83 4006/4006/83 4007/4007/83
f 4008/4008/84 4009/4009/84 4010/4010/84 4011/4011/84
f 4012/4012/28 4013/4013/28 4014/4014/28 4015/4015/28
f 4016/4016/84 4017/4017/84 4018/4018/84 4019/4019/84
f 4020/4020/24 4021/4021/24 4022/4022/24 4023/4023/24
f 4024/4024/84 4025/4025/84 4026/4026/84 4027/4027/84
f 4028/4028/27 4029/4029/27 4030/4030/27 4031/4031/27
f 4032/4032/83 4033/4033/83 4034/4034/83 4035/4035/83
f 4036/4036/24 4037/4037/24 4038/4038/24 4039/4039/24
f 4040/4040/84 4041/4041/84 4042/4042/84 4043/4043/84
f 4044/4044/56 4045/4045/56 4046/4046/56 4047/4047/56
f 4048/4048/84 4049/4049/84 4050/4050/84 4051/4051/84
f 4052/4052/83 4053/4053/83 4054/4054/83 4055/4055/83
f 4056/4056/31 4057/4057/31 4058/4058/31 4059/4059/31
f 4060/4060/24 4061/4061/24 4062/4062/24 4063/4063/24
f 4064/4064/84 4065/4065/84 4066/4066/84 4067/4067/84
f 4068/4068/24 4069/4069/24 4070/4070/24 4071/4071/24
f 4072/4072/28 4073/4073/28 4074/4074/28 4075/4075/28
f 4076/4076/83 4077/4077/83 4078/4078/83 4079/4079/83
f 4080/4080/31 4081/4081/31 4082/4082/31 4083/4083/31
f 4084/4084/31 4085/4085/31 4086/4086/31 4087/4087/31
f 4088/4088/31 4089/4089/31 4090/4090/31 4091/4091/31
f 4092/4092/24 4093/4093/24 4094/4094/24 4095/4095/24
f 4096/4096/27 4097/4097/27 4098/4098/27 4099/4099/27
f 4100/4100/31 4101/4101/31 4102/4102/31 4103/4103/31
f 4104/4104/84 4105/4105/84 4106/4106/84 4107/4107/84
f 4108/4108/84 4109/4109/84 4110/4110/84 4111/4111/84
f 4112/4112/84 4113/4113/84 4114/4114/84 4115/4115/84
f 4116/4116/83 4117/4117/83 4118/4118/83 4119/4119/83
f 4120/4120/84 4121/4121/84 4122/4122/84 4123/4123/84
f 4124/4124/84 4125/4125/84 4126/4126/84 4127/4127/84
f 4128/4128/31 4129/4129/31 4130/4130/31 4131/4131/31
f 4132/4132/31 4133/4133/31 4134/4134/31 4135/4135/31
f 4136/4136/24 4137/4137/24 4138/4138/24 4139/4139/24
f 4140/4140/31 4141/4141/31 4142/4142/31 4143/4143/31
f 4144/4144/83 4145/4145/83 4146/4146/83 4147/4147/83
f 4148/4148/31 4149/4149/31 4150/4150/31 4151/4151/31
f 4152/4152/27 4153/4153/27 4154/4154/27 4155/4155/27
f 4156/4156/86 4157/4157/86 4158/4158/86
f 4159/4159/86 4160/4160/86 4161/4161/86
f 4162/4162/85 4163/4163/85 4164/4164/85
f 4165/4165/88 4166/4166/88 4167/4167/88
f 4168/4168/85 4169/4169/85 4170/4170/85
f 4171/4171/88 4172/4172/88 4173/4173/88
f 4174/4174/85 4175/4175/85 4176/4176/85
f 4177/4177/88 4178/4178/88 4179/4179/88
f 4180/4180/178 4181/4181/178 4182/4182/178
f 4183/4183/86 4184/4184/86 4185/4185/86
f 4186/4186/174 4187/4187/174 4188/4188/174
f 4189/4189/57 4190/4190/57 4191/4191/57
f 4192/4192/174 4193/4193/174 4194/4194/174
f 4195/4195/85 4196/4196/85 4197/4197/85
f 4198/4198/85 4199/4199/85 4200/4200/85
f 4201/4201/57 4202/4202/57 4203/4203/57
f 4204/4204/50 4205/4205/50 4206/4206/50
f 4207/4207/57 4208/4208/57 4209/4209/57
f 4210/4210/88 4211/4211/88 4212/4212/88
f 4213/4213/50 4214/4214/50 4215/4215/50
f 4216/4216/57 4217/4217/57 4218/4218/57
f 4219/4219/85 4220/4220/85 4221/4221/85
f 4222/4222/57 4223/4223/57 4224/4224/57
f 4225/4225/85 4226/4226/85 4227/4227/85
f 4228/4228/86 4229/4229/86 4230/4230/86
f 4231/4231/50 4232/4232/50 4233/4233/50
f 4234/4234/174 4235/4235/174 4236/4236/174
f 4237/4237/85 4238/4238/85 4239/4239/85
f 4240/4240/57 4241/4241/57 4242/4242/57
f 4243/4243/88 4244/4244/88 4245/4245/88
f 4246/4246/86 4247/4247/86 4248/4248/86
f 4249/4249/54 4250/4250/54 4251/4251/54
f 4252/4252/178 4253/4253/178 4254/4254/178
f 4255/4255/54 4256/4256/54 4257/4257/54
f 4258/4258/53 4259/4259/53 4260/4260/53
f 4261/4261/174 4262/4262/174 4263/4263/174
